#
# There is insufficient memory for the Java Runtime Environment to continue.
# Native memory allocation (mmap) failed to map 824180736 bytes. Error detail: committing reserved memory.
# Possible reasons:
#   The system is out of physical RAM or swap space
#   This process is running with CompressedOops enabled, and the Java Heap may be blocking the growth of the native heap
# Possible solutions:
#   Reduce memory load on the system
#   Increase physical memory or swap space
#   Check if swap backing store is full
#   Decrease Java heap size (-Xmx/-Xms)
#   Decrease number of Java threads
#   Decrease Java thread stack sizes (-Xss)
#   Set larger code cache with -XX:ReservedCodeCacheSize=
#   JVM is running with Zero Based Compressed Oops mode in which the Java heap is
#     placed in the first 32GB address space. The Java Heap base address is the
#     maximum limit for the native heap growth. Please use -XX:HeapBaseMinAddress
#     to set the Java Heap base and to place the Java Heap above 32GB virtual address.
# This output file may be truncated or incomplete.
#
#  Out of Memory Error (os_linux.cpp:2834), pid=1970, tid=1980
#
# JRE version: OpenJDK Runtime Environment (17.0.20+8) (build 17.0.20+8-1-deb12u1-Debian)
# Java VM: OpenJDK 64-Bit Server VM (17.0.20+8-1-deb12u1-Debian, mixed mode, sharing, tiered, compressed oops, compressed class ptrs, g1 gc, linux-amd64)
# No core dump will be written. Core dumps have been disabled. To enable core dumping, try "ulimit -c unlimited" before starting Java again
#

---------------  S U M M A R Y ------------

Command Line: --add-opens=java.base/java.lang=ALL-UNNAMED --add-opens=java.base/java.lang.invoke=ALL-UNNAMED --add-opens=java.base/java.util=ALL-UNNAMED --add-opens=java.prefs/java.util.prefs=ALL-UNNAMED --add-exports=jdk.compiler/com.sun.tools.javac.api=ALL-UNNAMED --add-exports=jdk.compiler/com.sun.tools.javac.util=ALL-UNNAMED --add-opens=java.base/java.util=ALL-UNNAMED --add-opens=java.prefs/java.util.prefs=ALL-UNNAMED --add-opens=java.base/java.nio.charset=ALL-UNNAMED --add-opens=java.base/java.net=ALL-UNNAMED --add-opens=java.base/java.util.concurrent.atomic=ALL-UNNAMED --add-opens=java.xml/javax.xml.namespace=ALL-UNNAMED -XX:MaxMetaspaceSize=1024m -Xmx2560m -Dfile.encoding=UTF-8 -Duser.country -Duser.language=en -Duser.variant -javaagent:/root/.gradle/wrapper/dists/gradle-8.11.1-bin/bpt9gzteqjrbo1mjrsomdt32c/gradle-8.11.1/lib/agents/gradle-instrumentation-agent-8.11.1.jar org.gradle.launcher.daemon.bootstrap.GradleDaemon 8.11.1

Host: Intel(R) Xeon(R) Processor @ 2.50GHz, 2 cores, 2G, Debian GNU/Linux 12 (bookworm)
Time: Mon Oct  5 13:40:33 2026 UTC elapsed time: 93.485130 seconds (0d 0h 1m 33s)

---------------  T H R E A D  ---------------

Current thread (0x00007fbd100bbe80):  VMThread "VM Thread" [stack: 0x00007fbd15759000,0x00007fbd15859000] [id=1980]

Stack: [0x00007fbd15759000,0x00007fbd15859000],  sp=0x00007fbd15856d70,  free space=1015k
Native frames: (J=compiled Java code, j=interpreted, Vv=VM code, C=native code)
V  [libjvm.so+0xf21211]  VMError::report_and_die(int, char const*, char const*, __va_list_tag*, Thread*, unsigned char*, void*, void*, char const*, int, unsigned long)+0x171
V  [libjvm.so+0xf21d7d]  VMError::report_and_die(Thread*, char const*, int, unsigned long, VMErrorType, char const*, __va_list_tag*)+0x2d
V  [libjvm.so+0x60378c]  report_vm_out_of_memory(char const*, int, unsigned long, VMErrorType, char const*, ...)+0xdc
V  [libjvm.so+0xc2a14b]  os::pd_commit_memory_or_exit(char*, unsigned long, unsigned long, bool, char const*)+0xeb
V  [libjvm.so+0xc23ffb]  os::commit_memory_or_exit(char*, unsigned long, unsigned long, bool, char const*)+0x1b
V  [libjvm.so+0x733436]  G1PageBasedVirtualSpace::commit(unsigned long, unsigned long)+0x66
V  [libjvm.so+0x7473e0]  G1RegionsLargerThanCommitSizeMapper::commit_regions(unsigned int, unsigned long, WorkGang*)+0x110
V  [libjvm.so+0x7dadc8]  HeapRegionManager::commit_regions(unsigned int, unsigned long, WorkGang*)+0x88
V  [libjvm.so+0x7dcc0b]  HeapRegionManager::expand(unsigned int, unsigned int, WorkGang*)+0x2b
V  [libjvm.so+0x7dce27]  HeapRegionManager::expand_by(unsigned int, WorkGang*)+0x77
V  [libjvm.so+0x6ebed8]  G1CollectedHeap::expand(unsigned long, WorkGang*, double*)+0xe8
V  [libjvm.so+0x6efb29]  G1CollectedHeap::do_collection_pause_at_safepoint_helper(double)+0x8a9
V  [libjvm.so+0x6efb8f]  G1CollectedHeap::do_collection_pause_at_safepoint(double)+0x2f
V  [libjvm.so+0x76b9d7]  VM_G1CollectForAllocation::doit()+0x47
V  [libjvm.so+0xf26715]  VM_Operation::evaluate()+0xe5
V  [libjvm.so+0xf28005]  VMThread::evaluate_operation(VM_Operation*)+0x105
V  [libjvm.so+0xf2857f]  VMThread::inner_execute(VM_Operation*)+0x28f
V  [libjvm.so+0xf2878f]  VMThread::run()+0xbf
V  [libjvm.so+0xea40a5]  Thread::call_run()+0xa5
V  [libjvm.so+0xc2c8f3]  thread_native_entry(Thread*)+0xe3

VM_Operation (0x00007fbca23da9b0): G1CollectForAllocation, mode: safepoint, requested by thread 0x00007fbcf0120d50


---------------  P R O C E S S  ---------------

Threads class SMR info:
_java_thread_list=0x00007fbc84010970, length=62, elements={
0x00007fbd1001ad80, 0x00007fbd100bff80, 0x00007fbd100c1360, 0x00007fbd100c7d50,
0x00007fbd100c9100, 0x00007fbd100ca510, 0x00007fbd100cbec0, 0x00007fbd100cd3f0,
0x00007fbd100ce860, 0x00007fbd100da6f0, 0x00007fbd101a83c0, 0x00007fbd112f26e0,
0x00007fbd1135bf00, 0x00007fbd11392e80, 0x00007fbc90016f30, 0x00007fbc98005270,
0x00007fbc98008210, 0x00007fbc9800a1f0, 0x00007fbcd8003910, 0x00007fbcd800ab70,
0x00007fbcd800ca00, 0x00007fbcd8382e00, 0x00007fbcd838a4d0, 0x00007fbcd83c3390,
0x00007fbcd86142d0, 0x00007fbcd81c3990, 0x00007fbcd85ad210, 0x00007fbcd8794510,
0x00007fbcd8803570, 0x00007fbcd8846f50, 0x00007fbcd9417ae0, 0x00007fbcd9429ab0,
0x00007fbcd9432b90, 0x00007fbcd87514c0, 0x00007fbcdb17fa40, 0x00007fbcdb97f9f0,
0x00007fbce800b000, 0x00007fbcf004ee20, 0x00007fbcf00a9bb0, 0x00007fbcf0076dd0,
0x00007fbcf00ab690, 0x00007fbcf00af6d0, 0x00007fbcf00b0c50, 0x00007fbcf00b7b80,
0x00007fbcf00bfd70, 0x00007fbcf00ba410, 0x00007fbce803c660, 0x00007fbce804ae50,
0x00007fbce80557b0, 0x00007fbce804dc60, 0x00007fbce8050770, 0x00007fbce806dd70,
0x00007fbce819fd80, 0x00007fbcf00a4350, 0x00007fbcf0192e50, 0x00007fbcf0190320,
0x00007fbcf01d9750, 0x00007fbcf01e1c10, 0x00007fbcf01e9550, 0x00007fbcf01ea080,
0x00007fbc8c009bd0, 0x00007fbcf0120d50
}

Java Threads: ( => current thread )
  0x00007fbd1001ad80 JavaThread "main" [_thread_blocked, id=1971, stack(0x00007fbd174d6000,0x00007fbd175d6000)]
  0x00007fbd100bff80 JavaThread "Reference Handler" daemon [_thread_blocked, id=1981, stack(0x00007fbd15658000,0x00007fbd15758000)]
  0x00007fbd100c1360 JavaThread "Finalizer" daemon [_thread_blocked, id=1982, stack(0x00007fbd15557000,0x00007fbd15657000)]
  0x00007fbd100c7d50 JavaThread "Signal Dispatcher" daemon [_thread_blocked, id=1983, stack(0x00007fbd153ff000,0x00007fbd154ff000)]
  0x00007fbd100c9100 JavaThread "Service Thread" daemon [_thread_blocked, id=1984, stack(0x00007fbd152fe000,0x00007fbd153fe000)]
  0x00007fbd100ca510 JavaThread "Monitor Deflation Thread" daemon [_thread_blocked, id=1985, stack(0x00007fbd151fd000,0x00007fbd152fd000)]
  0x00007fbd100cbec0 JavaThread "C2 CompilerThread0" daemon [_thread_blocked, id=1986, stack(0x00007fbd150fc000,0x00007fbd151fc000)]
  0x00007fbd100cd3f0 JavaThread "C1 CompilerThread0" daemon [_thread_blocked, id=1987, stack(0x00007fbd14ffb000,0x00007fbd150fb000)]
  0x00007fbd100ce860 JavaThread "Sweeper thread" daemon [_thread_blocked, id=1988, stack(0x00007fbd14efa000,0x00007fbd14ffa000)]
  0x00007fbd100da6f0 JavaThread "Common-Cleaner" daemon [_thread_blocked, id=1989, stack(0x00007fbd14df9000,0x00007fbd14ef9000)]
  0x00007fbd101a83c0 JavaThread "Notification Thread" daemon [_thread_blocked, id=1990, stack(0x00007fbd14ce0000,0x00007fbd14de0000)]
  0x00007fbd112f26e0 JavaThread "Daemon health stats" [_thread_blocked, id=1998, stack(0x00007fbd14700000,0x00007fbd14800000)]
  0x00007fbd1135bf00 JavaThread "Incoming local TCP Connector on port 38197" [_thread_in_native, id=1999, stack(0x00007fbd14300000,0x00007fbd14400000)]
  0x00007fbd11392e80 JavaThread "Daemon periodic checks" [_thread_blocked, id=2000, stack(0x00007fbd141ff000,0x00007fbd142ff000)]
  0x00007fbc90016f30 JavaThread "Daemon" [_thread_blocked, id=2002, stack(0x00007fbd140fe000,0x00007fbd141fe000)]
  0x00007fbc98005270 JavaThread "Handler for socket connection from /127.0.0.1:38197 to /127.0.0.1:34434" [_thread_in_native, id=2003, stack(0x00007fbcf4411000,0x00007fbcf4511000)]
  0x00007fbc98008210 JavaThread "Cancel handler" [_thread_blocked, id=2005, stack(0x00007fbcf4310000,0x00007fbcf4410000)]
  0x00007fbc9800a1f0 JavaThread "Daemon worker" [_thread_blocked, id=2006, stack(0x00007fbcf420f000,0x00007fbcf430f000)]
  0x00007fbcd8003910 JavaThread "Asynchronous log dispatcher for DefaultDaemonConnection: socket connection from /127.0.0.1:38197 to /127.0.0.1:34434" [_thread_blocked, id=2007, stack(0x00007fbcf410e000,0x00007fbcf420e000)]
  0x00007fbcd800ab70 JavaThread "Stdin handler" [_thread_blocked, id=2008, stack(0x00007fbcf400d000,0x00007fbcf410d000)]
  0x00007fbcd800ca00 JavaThread "Daemon client event forwarder" [_thread_blocked, id=2009, stack(0x00007fbce5f00000,0x00007fbce6000000)]
  0x00007fbcd8382e00 JavaThread "Cache worker for journal cache (/root/.gradle/caches/journal-1)" [_thread_blocked, id=2011, stack(0x00007fbce5dff000,0x00007fbce5eff000)]
  0x00007fbcd838a4d0 JavaThread "File lock request listener" [_thread_in_native, id=2012, stack(0x00007fbce5cfe000,0x00007fbce5dfe000)]
  0x00007fbcd83c3390 JavaThread "Cache worker for file hash cache (/root/.gradle/caches/8.11.1/fileHashes)" [_thread_blocked, id=2013, stack(0x00007fbce5bfd000,0x00007fbce5cfd000)]
  0x00007fbcd86142d0 JavaThread "Cache worker for file content cache (/root/.gradle/caches/8.11.1/fileContent)" [_thread_blocked, id=2016, stack(0x00007fbce5afc000,0x00007fbce5bfc000)]
  0x00007fbcd81c3990 JavaThread "Cache worker for file hash cache (/workspace/.gradle/8.11.1/fileHashes)" [_thread_blocked, id=2018, stack(0x00007fbce59fb000,0x00007fbce5afb000)]
  0x00007fbcd85ad210 JavaThread "Cache worker for Build Output Cleanup Cache (/workspace/.gradle/buildOutputCleanup)" [_thread_blocked, id=2019, stack(0x00007fbce58fa000,0x00007fbce59fa000)]
  0x00007fbcd8794510 JavaThread "Cache worker for checksums cache (/workspace/.gradle/8.11.1/checksums)" [_thread_blocked, id=2022, stack(0x00007fbce57f9000,0x00007fbce58f9000)]
  0x00007fbcd8803570 JavaThread "Cache worker for cache directory md-rule (/root/.gradle/caches/8.11.1/md-rule)" [_thread_blocked, id=2023, stack(0x00007fbce56f8000,0x00007fbce57f8000)]
  0x00007fbcd8846f50 JavaThread "Cache worker for cache directory md-supplier (/root/.gradle/caches/8.11.1/md-supplier)" [_thread_blocked, id=2025, stack(0x00007fbce55f7000,0x00007fbce56f7000)]
  0x00007fbcd9417ae0 JavaThread "Unconstrained build operations" [_thread_blocked, id=2039, stack(0x00007fbce54f6000,0x00007fbce55f6000)]
  0x00007fbcd9429ab0 JavaThread "Unconstrained build operations Thread 2" [_thread_blocked, id=2040, stack(0x00007fbce53f5000,0x00007fbce54f5000)]
  0x00007fbcd9432b90 JavaThread "Unconstrained build operations Thread 3" [_thread_blocked, id=2043, stack(0x00007fbce52f4000,0x00007fbce53f4000)]
  0x00007fbcd87514c0 JavaThread "Memory manager" [_thread_blocked, id=2076, stack(0x00007fbce50f2000,0x00007fbce51f2000)]
  0x00007fbcdb17fa40 JavaThread "build event listener" [_thread_blocked, id=2082, stack(0x00007fbce4ff1000,0x00007fbce50f1000)]
  0x00007fbcdb97f9f0 JavaThread "included builds" [_thread_blocked, id=2114, stack(0x00007fbce4ef0000,0x00007fbce4ff0000)]
  0x00007fbce800b000 JavaThread "Execution worker" [_thread_blocked, id=2115, stack(0x00007fbce4def000,0x00007fbce4eef000)]
  0x00007fbcf004ee20 JavaThread "Cache worker for execution history cache (/workspace/.gradle/8.11.1/executionHistory)" [_thread_blocked, id=2116, stack(0x00007fbce4cee000,0x00007fbce4dee000)]
  0x00007fbcf00a9bb0 JavaThread "Unconstrained build operations Thread 4" [_thread_blocked, id=2119, stack(0x00007fbce4bed000,0x00007fbce4ced000)]
  0x00007fbcf0076dd0 JavaThread "Unconstrained build operations Thread 5" [_thread_blocked, id=2123, stack(0x00007fbce4aec000,0x00007fbce4bec000)]
  0x00007fbcf00ab690 JavaThread "Unconstrained build operations Thread 6" [_thread_blocked, id=2125, stack(0x00007fbce49eb000,0x00007fbce4aeb000)]
  0x00007fbcf00af6d0 JavaThread "Unconstrained build operations Thread 7" [_thread_blocked, id=2126, stack(0x00007fbce48ea000,0x00007fbce49ea000)]
  0x00007fbcf00b0c50 JavaThread "Unconstrained build operations Thread 8" [_thread_blocked, id=2127, stack(0x00007fbce47e9000,0x00007fbce48e9000)]
  0x00007fbcf00b7b80 JavaThread "Unconstrained build operations Thread 9" [_thread_blocked, id=2129, stack(0x00007fbce46e8000,0x00007fbce47e8000)]
  0x00007fbcf00bfd70 JavaThread "Unconstrained build operations Thread 10" [_thread_blocked, id=2130, stack(0x00007fbce45e7000,0x00007fbce46e7000)]
  0x00007fbcf00ba410 JavaThread "Unconstrained build operations Thread 11" [_thread_blocked, id=2131, stack(0x00007fbce44e6000,0x00007fbce45e6000)]
  0x00007fbce803c660 JavaThread "Unconstrained build operations Thread 12" [_thread_blocked, id=2133, stack(0x00007fbce43e5000,0x00007fbce44e5000)]
  0x00007fbce804ae50 JavaThread "Unconstrained build operations Thread 13" [_thread_blocked, id=2136, stack(0x00007fbce42e4000,0x00007fbce43e4000)]
  0x00007fbce80557b0 JavaThread "Unconstrained build operations Thread 14" [_thread_blocked, id=2137, stack(0x00007fbce41e3000,0x00007fbce42e3000)]
  0x00007fbce804dc60 JavaThread "Unconstrained build operations Thread 15" [_thread_blocked, id=2138, stack(0x00007fbce40e2000,0x00007fbce41e2000)]
  0x00007fbce8050770 JavaThread "Unconstrained build operations Thread 16" [_thread_blocked, id=2139, stack(0x00007fbca2f00000,0x00007fbca3000000)]
  0x00007fbce806dd70 JavaThread "Unconstrained build operations Thread 17" [_thread_blocked, id=2140, stack(0x00007fbca2dff000,0x00007fbca2eff000)]
  0x00007fbce819fd80 JavaThread "WorkerExecutor Queue" [_thread_blocked, id=2145, stack(0x00007fbca26e6000,0x00007fbca27e6000)]
  0x00007fbcf00a4350 JavaThread "Unconstrained build operations Thread 18" [_thread_blocked, id=2146, stack(0x00007fbca25e5000,0x00007fbca26e5000)]
  0x00007fbcf0192e50 JavaThread "process reaper (pid 2148)" daemon [_thread_in_native, id=2149, stack(0x00007fbd14a99000,0x00007fbd14abb000)]
  0x00007fbcf0190320 JavaThread "Unconstrained build operations Thread 19" [_thread_blocked, id=2156, stack(0x00007fbca2cfe000,0x00007fbca2dfe000)]
  0x00007fbcf01d9750 JavaThread "RMI Scheduler(0)" daemon [_thread_blocked, id=2177, stack(0x00007fbca29d1000,0x00007fbca2ad1000)]
  0x00007fbcf01e1c10 JavaThread "RMI GC Daemon" daemon [_thread_blocked, id=2180, stack(0x00007fbca2afc000,0x00007fbca2bfc000)]
  0x00007fbcf01e9550 JavaThread "RMI TCP Accept-0" daemon [_thread_in_native, id=2182, stack(0x00007fbca28d0000,0x00007fbca29d0000)]
  0x00007fbcf01ea080 JavaThread "RMI Reaper" [_thread_blocked, id=2183, stack(0x00007fbca24e4000,0x00007fbca25e4000)]
  0x00007fbc8c009bd0 JavaThread "RMI TCP Connection(2)-127.0.0.1" daemon [_thread_in_native, id=2186, stack(0x00007fbca23e3000,0x00007fbca24e3000)]
  0x00007fbcf0120d50 JavaThread "Unconstrained build operations Thread 20" [_thread_blocked, id=2188, stack(0x00007fbca22e2000,0x00007fbca23e2000)]

Other Threads:
=>0x00007fbd100bbe80 VMThread "VM Thread" [stack: 0x00007fbd15759000,0x00007fbd15859000] [id=1980]
  0x00007fbd1001d0f0 WatcherThread [stack: 0x00007fbd14bdf000,0x00007fbd14cdf000] [id=1991]
  0x00007fbd100695c0 GCTaskThread "GC Thread#0" [stack: 0x00007fbd16085000,0x00007fbd16185000] [id=1972]
  0x00007fbc9c0047b0 GCTaskThread "GC Thread#1" [stack: 0x00007fbd14ade000,0x00007fbd14bde000] [id=1993]
  0x00007fbd10074ba0 ConcurrentGCThread "G1 Main Marker" [stack: 0x00007fbd15f84000,0x00007fbd16084000] [id=1973]
  0x00007fbd10075b10 ConcurrentGCThread "G1 Conc#0" [stack: 0x00007fbd15e83000,0x00007fbd15f83000] [id=1974]
  0x00007fbd10091d40 ConcurrentGCThread "G1 Refine#0" [stack: 0x00007fbd15b80000,0x00007fbd15c80000] [id=1975]
  0x00007fbce0014540 ConcurrentGCThread "G1 Refine#1" [stack: 0x00007fbce51f3000,0x00007fbce52f3000] [id=2054]
  0x00007fbd10092c40 ConcurrentGCThread "G1 Service" [stack: 0x00007fbd15a7f000,0x00007fbd15b7f000] [id=1976]

Threads with active compile tasks:
C2 CompilerThread0  93492 25545       4       com.android.tools.r8.graph.p4::a (165 bytes)

VM state: at safepoint (normal execution)

VM Mutex/Monitor currently owned by a thread:  ([mutex/lock_event])
[0x00007fbd10017b70] Threads_lock - owner thread: 0x00007fbd100bbe80
[0x00007fbd10018320] Heap_lock - owner thread: 0x00007fbcf0120d50

Heap address: 0x0000000760000000, size: 2560 MB, Compressed Oops mode: Zero based, Oop shift amount: 3

CDS archive(s) mapped at: [0x00007fbca3000000-0x00007fbca3bca000-0x00007fbca3bca000), size 12361728, SharedBaseAddress: 0x00007fbca3000000, ArchiveRelocationMode: 1.
Compressed class space mapped at: 0x00007fbca4000000-0x00007fbcd8000000, reserved size: 872415232
Narrow klass base: 0x00007fbca3000000, Narrow klass shift: 0, Narrow klass range: 0x100000000

GC Precious Log:
 CPUs: 2 total, 2 available
 Memory: 2048M
 Large Page Support: Disabled
 NUMA Support: Disabled
 Compressed Oops: Enabled (Zero based)
 Heap Region Size: 2M
 Heap Min Capacity: 8M
 Heap Initial Capacity: 32M
 Heap Max Capacity: 2560M
 Pre-touch: Disabled
 Parallel Workers: 2
 Concurrent Workers: 1
 Concurrent Refinement Workers: 2
 Periodic GC: Disabled

Heap:
 garbage-first heap   total 612352K, used 253305K [0x0000000760000000, 0x0000000800000000)
  region size 2048K, 12 young (24576K), 12 survivors (24576K)
 Metaspace       used 175624K, committed 176640K, reserved 1048576K
  class space    used 22952K, committed 23424K, reserved 851968K

Heap Regions: E=young(eden), S=young(survivor), O=old, HS=humongous(starts), HC=humongous(continues), CS=collection set, F=free, OA=open archive, CA=closed archive, TAMS=top-at-mark-start (previous, next)
|   0|0x0000000760000000, 0x0000000760200000, 0x0000000760200000|100%|HS|  |TAMS 0x0000000760200000, 0x0000000760000000| Complete 
|   1|0x0000000760200000, 0x0000000760400000, 0x0000000760400000|100%|HC|  |TAMS 0x0000000760400000, 0x0000000760200000| Complete 
|   2|0x0000000760400000, 0x0000000760600000, 0x0000000760600000|100%| O|  |TAMS 0x0000000760600000, 0x0000000760400000| Untracked 
|   3|0x0000000760600000, 0x0000000760800000, 0x0000000760800000|100%| O|  |TAMS 0x0000000760800000, 0x0000000760600000| Untracked 
|   4|0x0000000760800000, 0x0000000760a00000, 0x0000000760a00000|100%| O|  |TAMS 0x0000000760a00000, 0x0000000760800000| Untracked 
|   5|0x0000000760a00000, 0x0000000760c00000, 0x0000000760c00000|100%| O|  |TAMS 0x0000000760c00000, 0x0000000760a00000| Untracked 
|   6|0x0000000760c00000, 0x0000000760e00000, 0x0000000760e00000|100%| O|  |TAMS 0x0000000760e00000, 0x0000000760c00000| Untracked 
|   7|0x0000000760e00000, 0x0000000761000000, 0x0000000761000000|100%| O|  |TAMS 0x0000000761000000, 0x0000000760e00000| Untracked 
|   8|0x0000000761000000, 0x0000000761200000, 0x0000000761200000|100%| O|  |TAMS 0x0000000761200000, 0x0000000761000000| Untracked 
|   9|0x0000000761200000, 0x0000000761400000, 0x0000000761400000|100%| O|  |TAMS 0x0000000761400000, 0x0000000761200000| Untracked 
|  10|0x0000000761400000, 0x0000000761600000, 0x0000000761600000|100%| O|  |TAMS 0x0000000761600000, 0x0000000761400000| Untracked 
|  11|0x0000000761600000, 0x0000000761800000, 0x0000000761800000|100%| O|  |TAMS 0x0000000761800000, 0x0000000761600000| Untracked 
|  12|0x0000000761800000, 0x0000000761a00000, 0x0000000761a00000|100%| O|  |TAMS 0x0000000761a00000, 0x0000000761800000| Untracked 
|  13|0x0000000761a00000, 0x0000000761c00000, 0x0000000761c00000|100%| O|  |TAMS 0x0000000761c00000, 0x0000000761a00000| Untracked 
|  14|0x0000000761c00000, 0x0000000761e00000, 0x0000000761e00000|100%| O|  |TAMS 0x0000000761e00000, 0x0000000761c00000| Untracked 
|  15|0x0000000761e00000, 0x0000000762000000, 0x0000000762000000|100%| O|  |TAMS 0x0000000762000000, 0x0000000761e00000| Untracked 
|  16|0x0000000762000000, 0x0000000762200000, 0x0000000762200000|100%| O|  |TAMS 0x0000000762200000, 0x0000000762000000| Untracked 
|  17|0x0000000762200000, 0x0000000762400000, 0x0000000762400000|100%| O|  |TAMS 0x0000000762400000, 0x0000000762200000| Untracked 
|  18|0x0000000762400000, 0x0000000762600000, 0x0000000762600000|100%| O|  |TAMS 0x0000000762600000, 0x0000000762400000| Untracked 
|  19|0x0000000762600000, 0x0000000762800000, 0x0000000762800000|100%| O|  |TAMS 0x0000000762800000, 0x0000000762600000| Untracked 
|  20|0x0000000762800000, 0x0000000762a00000, 0x0000000762a00000|100%| O|  |TAMS 0x0000000762a00000, 0x0000000762800000| Untracked 
|  21|0x0000000762a00000, 0x0000000762c00000, 0x0000000762c00000|100%| O|  |TAMS 0x0000000762c00000, 0x0000000762a00000| Untracked 
|  22|0x0000000762c00000, 0x0000000762e00000, 0x0000000762e00000|100%| O|  |TAMS 0x0000000762e00000, 0x0000000762c00000| Untracked 
|  23|0x0000000762e00000, 0x0000000763000000, 0x0000000763000000|100%| O|  |TAMS 0x0000000763000000, 0x0000000762e00000| Untracked 
|  24|0x0000000763000000, 0x0000000763200000, 0x0000000763200000|100%| O|  |TAMS 0x0000000763200000, 0x0000000763000000| Untracked 
|  25|0x0000000763200000, 0x0000000763400000, 0x0000000763400000|100%| O|  |TAMS 0x0000000763400000, 0x0000000763200000| Untracked 
|  26|0x0000000763400000, 0x0000000763600000, 0x0000000763600000|100%| O|  |TAMS 0x0000000763600000, 0x0000000763400000| Untracked 
|  27|0x0000000763600000, 0x0000000763800000, 0x0000000763800000|100%| O|  |TAMS 0x0000000763800000, 0x0000000763600000| Untracked 
|  28|0x0000000763800000, 0x0000000763a00000, 0x0000000763a00000|100%| O|  |TAMS 0x0000000763a00000, 0x0000000763800000| Untracked 
|  29|0x0000000763a00000, 0x0000000763c00000, 0x0000000763c00000|100%| O|  |TAMS 0x0000000763c00000, 0x0000000763a00000| Untracked 
|  30|0x0000000763c00000, 0x0000000763e00000, 0x0000000763e00000|100%| O|  |TAMS 0x0000000763e00000, 0x0000000763c00000| Untracked 
|  31|0x0000000763e00000, 0x0000000764000000, 0x0000000764000000|100%| O|  |TAMS 0x0000000764000000, 0x0000000763e00000| Untracked 
|  32|0x0000000764000000, 0x0000000764200000, 0x0000000764200000|100%| O|  |TAMS 0x0000000764200000, 0x0000000764000000| Untracked 
|  33|0x0000000764200000, 0x0000000764400000, 0x0000000764400000|100%|HS|  |TAMS 0x0000000764400000, 0x0000000764200000| Complete 
|  34|0x0000000764400000, 0x0000000764600000, 0x0000000764600000|100%| O|  |TAMS 0x0000000764600000, 0x0000000764400000| Untracked 
|  35|0x0000000764600000, 0x0000000764800000, 0x0000000764800000|100%| O|  |TAMS 0x0000000764800000, 0x0000000764600000| Untracked 
|  36|0x0000000764800000, 0x0000000764a00000, 0x0000000764a00000|100%| O|  |TAMS 0x0000000764a00000, 0x0000000764800000| Untracked 
|  37|0x0000000764a00000, 0x0000000764c00000, 0x0000000764c00000|100%| O|  |TAMS 0x0000000764c00000, 0x0000000764a00000| Untracked 
|  38|0x0000000764c00000, 0x0000000764e00000, 0x0000000764e00000|100%| O|  |TAMS 0x0000000764e00000, 0x0000000764c00000| Untracked 
|  39|0x0000000764e00000, 0x0000000765000000, 0x0000000765000000|100%| O|  |TAMS 0x0000000765000000, 0x0000000764e00000| Untracked 
|  40|0x0000000765000000, 0x0000000765200000, 0x0000000765200000|100%| O|  |TAMS 0x0000000765200000, 0x0000000765000000| Untracked 
|  41|0x0000000765200000, 0x0000000765400000, 0x0000000765400000|100%| O|  |TAMS 0x0000000765400000, 0x0000000765200000| Untracked 
|  42|0x0000000765400000, 0x0000000765600000, 0x0000000765600000|100%|HS|  |TAMS 0x0000000765600000, 0x0000000765400000| Complete 
|  43|0x0000000765600000, 0x0000000765800000, 0x0000000765800000|100%| O|  |TAMS 0x0000000765800000, 0x0000000765600000| Untracked 
|  44|0x0000000765800000, 0x0000000765a00000, 0x0000000765a00000|100%| O|  |TAMS 0x0000000765a00000, 0x0000000765800000| Untracked 
|  45|0x0000000765a00000, 0x0000000765c00000, 0x0000000765c00000|100%| O|  |TAMS 0x0000000765c00000, 0x0000000765a00000| Untracked 
|  46|0x0000000765c00000, 0x0000000765e00000, 0x0000000765e00000|100%| O|  |TAMS 0x0000000765e00000, 0x0000000765c00000| Untracked 
|  47|0x0000000765e00000, 0x0000000766000000, 0x0000000766000000|100%| O|  |TAMS 0x0000000766000000, 0x0000000765e00000| Untracked 
|  48|0x0000000766000000, 0x0000000766200000, 0x0000000766200000|100%| O|  |TAMS 0x0000000766200000, 0x0000000766000000| Untracked 
|  49|0x0000000766200000, 0x0000000766400000, 0x0000000766400000|100%| O|  |TAMS 0x0000000766400000, 0x0000000766200000| Untracked 
|  50|0x0000000766400000, 0x0000000766600000, 0x0000000766600000|100%| O|  |TAMS 0x0000000766600000, 0x0000000766400000| Untracked 
|  51|0x0000000766600000, 0x0000000766800000, 0x0000000766800000|100%| O|  |TAMS 0x0000000766800000, 0x0000000766600000| Untracked 
|  52|0x0000000766800000, 0x0000000766a00000, 0x0000000766a00000|100%| O|  |TAMS 0x0000000766a00000, 0x0000000766800000| Untracked 
|  53|0x0000000766a00000, 0x0000000766c00000, 0x0000000766c00000|100%| O|  |TAMS 0x0000000766c00000, 0x0000000766a00000| Untracked 
|  54|0x0000000766c00000, 0x0000000766e00000, 0x0000000766e00000|100%| O|  |TAMS 0x0000000766e00000, 0x0000000766c00000| Untracked 
|  55|0x0000000766e00000, 0x0000000767000000, 0x0000000767000000|100%| O|  |TAMS 0x0000000767000000, 0x0000000766e00000| Untracked 
|  56|0x0000000767000000, 0x0000000767200000, 0x0000000767200000|100%| O|  |TAMS 0x0000000767200000, 0x0000000767000000| Untracked 
|  57|0x0000000767200000, 0x0000000767400000, 0x0000000767400000|100%| O|  |TAMS 0x0000000767400000, 0x0000000767200000| Untracked 
|  58|0x0000000767400000, 0x0000000767600000, 0x0000000767600000|100%| O|  |TAMS 0x0000000767600000, 0x0000000767400000| Untracked 
|  59|0x0000000767600000, 0x0000000767800000, 0x0000000767800000|100%| O|  |TAMS 0x0000000767800000, 0x0000000767600000| Untracked 
|  60|0x0000000767800000, 0x0000000767a00000, 0x0000000767a00000|100%| O|  |TAMS 0x0000000767a00000, 0x0000000767800000| Untracked 
|  61|0x0000000767a00000, 0x0000000767c00000, 0x0000000767c00000|100%| O|  |TAMS 0x0000000767c00000, 0x0000000767a00000| Untracked 
|  62|0x0000000767c00000, 0x0000000767e00000, 0x0000000767e00000|100%| O|  |TAMS 0x0000000767e00000, 0x0000000767c00000| Untracked 
|  63|0x0000000767e00000, 0x0000000768000000, 0x0000000768000000|100%| O|  |TAMS 0x0000000768000000, 0x0000000767e00000| Untracked 
|  64|0x0000000768000000, 0x0000000768000000, 0x0000000768200000|  0%| F|  |TAMS 0x0000000768000000, 0x0000000768000000| Untracked 
|  65|0x0000000768200000, 0x0000000768400000, 0x0000000768400000|100%| O|  |TAMS 0x0000000768400000, 0x0000000768200000| Untracked 
|  66|0x0000000768400000, 0x0000000768400000, 0x0000000768600000|  0%| F|  |TAMS 0x0000000768400000, 0x0000000768400000| Untracked 
|  67|0x0000000768600000, 0x0000000768600000, 0x0000000768800000|  0%| F|  |TAMS 0x0000000768600000, 0x0000000768600000| Untracked 
|  68|0x0000000768800000, 0x0000000768a00000, 0x0000000768a00000|100%| O|  |TAMS 0x0000000768a00000, 0x0000000768800000| Untracked 
|  69|0x0000000768a00000, 0x0000000768c00000, 0x0000000768c00000|100%| O|  |TAMS 0x0000000768c00000, 0x0000000768a00000| Untracked 
|  70|0x0000000768c00000, 0x0000000768e00000, 0x0000000768e00000|100%| O|  |TAMS 0x0000000768e00000, 0x0000000768c00000| Untracked 
|  71|0x0000000768e00000, 0x0000000768f3cc00, 0x0000000769000000| 61%| O|  |TAMS 0x0000000768f3cc00, 0x0000000768e00000| Untracked 
|  72|0x0000000769000000, 0x0000000769200000, 0x0000000769200000|100%| O|  |TAMS 0x0000000769200000, 0x0000000769000000| Untracked 
|  73|0x0000000769200000, 0x0000000769400000, 0x0000000769400000|100%| O|  |TAMS 0x0000000769400000, 0x0000000769200000| Untracked 
|  74|0x0000000769400000, 0x0000000769600000, 0x0000000769600000|100%| O|  |TAMS 0x0000000769600000, 0x0000000769400000| Untracked 
|  75|0x0000000769600000, 0x0000000769800000, 0x0000000769800000|100%| O|  |TAMS 0x0000000769800000, 0x0000000769600000| Untracked 
|  76|0x0000000769800000, 0x0000000769a00000, 0x0000000769a00000|100%| O|  |TAMS 0x0000000769a00000, 0x0000000769800000| Untracked 
|  77|0x0000000769a00000, 0x0000000769c00000, 0x0000000769c00000|100%| O|  |TAMS 0x0000000769c00000, 0x0000000769a00000| Untracked 
|  78|0x0000000769c00000, 0x0000000769e00000, 0x0000000769e00000|100%| O|  |TAMS 0x0000000769e00000, 0x0000000769c00000| Untracked 
|  79|0x0000000769e00000, 0x000000076a000000, 0x000000076a000000|100%| O|  |TAMS 0x000000076a000000, 0x0000000769e00000| Untracked 
|  80|0x000000076a000000, 0x000000076a200000, 0x000000076a200000|100%| O|  |TAMS 0x000000076a200000, 0x000000076a000000| Untracked 
|  81|0x000000076a200000, 0x000000076a400000, 0x000000076a400000|100%| O|  |TAMS 0x000000076a400000, 0x000000076a200000| Untracked 
|  82|0x000000076a400000, 0x000000076a600000, 0x000000076a600000|100%| O|  |TAMS 0x000000076a600000, 0x000000076a400000| Untracked 
|  83|0x000000076a600000, 0x000000076a800000, 0x000000076a800000|100%| O|  |TAMS 0x000000076a800000, 0x000000076a600000| Untracked 
|  84|0x000000076a800000, 0x000000076aa00000, 0x000000076aa00000|100%| O|  |TAMS 0x000000076aa00000, 0x000000076a800000| Untracked 
|  85|0x000000076aa00000, 0x000000076ac00000, 0x000000076ac00000|100%| O|  |TAMS 0x000000076ac00000, 0x000000076aa00000| Untracked 
|  86|0x000000076ac00000, 0x000000076ae00000, 0x000000076ae00000|100%| O|  |TAMS 0x000000076ae00000, 0x000000076ac00000| Untracked 
|  87|0x000000076ae00000, 0x000000076b000000, 0x000000076b000000|100%| O|  |TAMS 0x000000076b000000, 0x000000076ae00000| Untracked 
|  88|0x000000076b000000, 0x000000076b200000, 0x000000076b200000|100%| O|  |TAMS 0x000000076b200000, 0x000000076b000000| Untracked 
|  89|0x000000076b200000, 0x000000076b400000, 0x000000076b400000|100%| O|  |TAMS 0x000000076b200000, 0x000000076b200000| Untracked 
|  90|0x000000076b400000, 0x000000076b600000, 0x000000076b600000|100%| O|  |TAMS 0x000000076b400000, 0x000000076b400000| Untracked 
|  91|0x000000076b600000, 0x000000076b800000, 0x000000076b800000|100%| O|  |TAMS 0x000000076b600000, 0x000000076b600000| Untracked 
|  92|0x000000076b800000, 0x000000076ba00000, 0x000000076ba00000|100%| O|  |TAMS 0x000000076b800000, 0x000000076b800000| Untracked 
|  93|0x000000076ba00000, 0x000000076bc00000, 0x000000076bc00000|100%| O|  |TAMS 0x000000076ba00000, 0x000000076ba00000| Untracked 
|  94|0x000000076bc00000, 0x000000076be00000, 0x000000076be00000|100%| O|  |TAMS 0x000000076bc00000, 0x000000076bc00000| Untracked 
|  95|0x000000076be00000, 0x000000076c000000, 0x000000076c000000|100%| O|  |TAMS 0x000000076be00000, 0x000000076be00000| Untracked 
|  96|0x000000076c000000, 0x000000076c200000, 0x000000076c200000|100%| O|  |TAMS 0x000000076c000000, 0x000000076c000000| Untracked 
|  97|0x000000076c200000, 0x000000076c400000, 0x000000076c400000|100%| O|  |TAMS 0x000000076c200000, 0x000000076c200000| Untracked 
|  98|0x000000076c400000, 0x000000076c600000, 0x000000076c600000|100%| O|  |TAMS 0x000000076c400000, 0x000000076c400000| Untracked 
|  99|0x000000076c600000, 0x000000076c800000, 0x000000076c800000|100%| O|  |TAMS 0x000000076c600000, 0x000000076c600000| Untracked 
| 100|0x000000076c800000, 0x000000076ca00000, 0x000000076ca00000|100%| O|  |TAMS 0x000000076c800000, 0x000000076c800000| Untracked 
| 101|0x000000076ca00000, 0x000000076cc00000, 0x000000076cc00000|100%| O|  |TAMS 0x000000076ca00000, 0x000000076ca00000| Untracked 
| 102|0x000000076cc00000, 0x000000076ce00000, 0x000000076ce00000|100%| O|  |TAMS 0x000000076cc00000, 0x000000076cc00000| Untracked 
| 103|0x000000076ce00000, 0x000000076d000000, 0x000000076d000000|100%| O|  |TAMS 0x000000076ce00000, 0x000000076ce00000| Untracked 
| 104|0x000000076d000000, 0x000000076d200000, 0x000000076d200000|100%| O|  |TAMS 0x000000076d000000, 0x000000076d000000| Untracked 
| 105|0x000000076d200000, 0x000000076d400000, 0x000000076d400000|100%| O|  |TAMS 0x000000076d200000, 0x000000076d200000| Untracked 
| 106|0x000000076d400000, 0x000000076d600000, 0x000000076d600000|100%| O|  |TAMS 0x000000076d400000, 0x000000076d400000| Untracked 
| 107|0x000000076d600000, 0x000000076d800000, 0x000000076d800000|100%| O|  |TAMS 0x000000076d600000, 0x000000076d600000| Untracked 
| 108|0x000000076d800000, 0x000000076da00000, 0x000000076da00000|100%| O|  |TAMS 0x000000076d800000, 0x000000076d800000| Untracked 
| 109|0x000000076da00000, 0x000000076dc00000, 0x000000076dc00000|100%| O|  |TAMS 0x000000076da00000, 0x000000076da00000| Untracked 
| 110|0x000000076dc00000, 0x000000076de00000, 0x000000076de00000|100%| O|  |TAMS 0x000000076dc00000, 0x000000076dc00000| Untracked 
| 111|0x000000076de00000, 0x000000076dedd200, 0x000000076e000000| 43%| O|  |TAMS 0x000000076de00000, 0x000000076de00000| Untracked 
| 112|0x000000076e000000, 0x000000076e000000, 0x000000076e200000|  0%| F|  |TAMS 0x000000076e000000, 0x000000076e000000| Untracked 
| 113|0x000000076e200000, 0x000000076e200000, 0x000000076e400000|  0%| F|  |TAMS 0x000000076e200000, 0x000000076e200000| Untracked 
| 114|0x000000076e400000, 0x000000076e400000, 0x000000076e600000|  0%| F|  |TAMS 0x000000076e400000, 0x000000076e400000| Untracked 
| 115|0x000000076e600000, 0x000000076e600000, 0x000000076e800000|  0%| F|  |TAMS 0x000000076e600000, 0x000000076e600000| Untracked 
| 116|0x000000076e800000, 0x000000076e800000, 0x000000076ea00000|  0%| F|  |TAMS 0x000000076e800000, 0x000000076e800000| Untracked 
| 117|0x000000076ea00000, 0x000000076ea00000, 0x000000076ec00000|  0%| F|  |TAMS 0x000000076ea00000, 0x000000076ea00000| Untracked 
| 118|0x000000076ec00000, 0x000000076ec00000, 0x000000076ee00000|  0%| F|  |TAMS 0x000000076ec00000, 0x000000076ec00000| Untracked 
| 119|0x000000076ee00000, 0x000000076ee00000, 0x000000076f000000|  0%| F|  |TAMS 0x000000076ee00000, 0x000000076ee00000| Untracked 
| 120|0x000000076f000000, 0x000000076f000000, 0x000000076f200000|  0%| F|  |TAMS 0x000000076f000000, 0x000000076f000000| Untracked 
| 121|0x000000076f200000, 0x000000076f200000, 0x000000076f400000|  0%| F|  |TAMS 0x000000076f200000, 0x000000076f200000| Untracked 
| 122|0x000000076f400000, 0x000000076f400000, 0x000000076f600000|  0%| F|  |TAMS 0x000000076f400000, 0x000000076f400000| Untracked 
| 123|0x000000076f600000, 0x000000076f600000, 0x000000076f800000|  0%| F|  |TAMS 0x000000076f600000, 0x000000076f600000| Untracked 
| 124|0x000000076f800000, 0x000000076f800000, 0x000000076fa00000|  0%| F|  |TAMS 0x000000076f800000, 0x000000076f800000| Untracked 
| 125|0x000000076fa00000, 0x000000076fa00000, 0x000000076fc00000|  0%| F|  |TAMS 0x000000076fa00000, 0x000000076fa00000| Untracked 
| 126|0x000000076fc00000, 0x000000076fc00000, 0x000000076fe00000|  0%| F|  |TAMS 0x000000076fc00000, 0x000000076fc00000| Untracked 
| 127|0x000000076fe00000, 0x000000076fe00000, 0x0000000770000000|  0%| F|  |TAMS 0x000000076fe00000, 0x000000076fe00000| Untracked 
| 128|0x0000000770000000, 0x0000000770000000, 0x0000000770200000|  0%| F|  |TAMS 0x0000000770000000, 0x0000000770000000| Untracked 
| 129|0x0000000770200000, 0x0000000770200000, 0x0000000770400000|  0%| F|  |TAMS 0x0000000770200000, 0x0000000770200000| Untracked 
| 130|0x0000000770400000, 0x0000000770400000, 0x0000000770600000|  0%| F|  |TAMS 0x0000000770400000, 0x0000000770400000| Untracked 
| 131|0x0000000770600000, 0x0000000770600000, 0x0000000770800000|  0%| F|  |TAMS 0x0000000770600000, 0x0000000770600000| Untracked 
| 132|0x0000000770800000, 0x0000000770800000, 0x0000000770a00000|  0%| F|  |TAMS 0x0000000770800000, 0x0000000770800000| Untracked 
| 133|0x0000000770a00000, 0x0000000770a00000, 0x0000000770c00000|  0%| F|  |TAMS 0x0000000770a00000, 0x0000000770a00000| Untracked 
| 134|0x0000000770c00000, 0x0000000770c00000, 0x0000000770e00000|  0%| F|  |TAMS 0x0000000770c00000, 0x0000000770c00000| Untracked 
| 135|0x0000000770e00000, 0x0000000770e00000, 0x0000000771000000|  0%| F|  |TAMS 0x0000000770e00000, 0x0000000770e00000| Untracked 
| 136|0x0000000771000000, 0x0000000771000000, 0x0000000771200000|  0%| F|  |TAMS 0x0000000771000000, 0x0000000771000000| Untracked 
| 137|0x0000000771200000, 0x0000000771200000, 0x0000000771400000|  0%| F|  |TAMS 0x0000000771200000, 0x0000000771200000| Untracked 
| 138|0x0000000771400000, 0x0000000771400000, 0x0000000771600000|  0%| F|  |TAMS 0x0000000771400000, 0x0000000771400000| Untracked 
| 139|0x0000000771600000, 0x0000000771600000, 0x0000000771800000|  0%| F|  |TAMS 0x0000000771600000, 0x0000000771600000| Untracked 
| 140|0x0000000771800000, 0x0000000771800000, 0x0000000771a00000|  0%| F|  |TAMS 0x0000000771800000, 0x0000000771800000| Untracked 
| 141|0x0000000771a00000, 0x0000000771a00000, 0x0000000771c00000|  0%| F|  |TAMS 0x0000000771a00000, 0x0000000771a00000| Untracked 
| 142|0x0000000771c00000, 0x0000000771c00000, 0x0000000771e00000|  0%| F|  |TAMS 0x0000000771c00000, 0x0000000771c00000| Untracked 
| 143|0x0000000771e00000, 0x0000000771e00000, 0x0000000772000000|  0%| F|  |TAMS 0x0000000771e00000, 0x0000000771e00000| Untracked 
| 144|0x0000000772000000, 0x0000000772000000, 0x0000000772200000|  0%| F|  |TAMS 0x0000000772000000, 0x0000000772000000| Untracked 
| 145|0x0000000772200000, 0x0000000772200000, 0x0000000772400000|  0%| F|  |TAMS 0x0000000772200000, 0x0000000772200000| Untracked 
| 146|0x0000000772400000, 0x0000000772400000, 0x0000000772600000|  0%| F|  |TAMS 0x0000000772400000, 0x0000000772400000| Untracked 
| 147|0x0000000772600000, 0x0000000772600000, 0x0000000772800000|  0%| F|  |TAMS 0x0000000772600000, 0x0000000772600000| Untracked 
| 148|0x0000000772800000, 0x0000000772800000, 0x0000000772a00000|  0%| F|  |TAMS 0x0000000772800000, 0x0000000772800000| Untracked 
| 149|0x0000000772a00000, 0x0000000772a00000, 0x0000000772c00000|  0%| F|  |TAMS 0x0000000772a00000, 0x0000000772a00000| Untracked 
| 150|0x0000000772c00000, 0x0000000772c00000, 0x0000000772e00000|  0%| F|  |TAMS 0x0000000772c00000, 0x0000000772c00000| Untracked 
| 151|0x0000000772e00000, 0x0000000772e00000, 0x0000000773000000|  0%| F|  |TAMS 0x0000000772e00000, 0x0000000772e00000| Untracked 
| 152|0x0000000773000000, 0x0000000773000000, 0x0000000773200000|  0%| F|  |TAMS 0x0000000773000000, 0x0000000773000000| Untracked 
| 153|0x0000000773200000, 0x0000000773200000, 0x0000000773400000|  0%| F|  |TAMS 0x0000000773200000, 0x0000000773200000| Untracked 
| 154|0x0000000773400000, 0x0000000773400000, 0x0000000773600000|  0%| F|  |TAMS 0x0000000773400000, 0x0000000773400000| Untracked 
| 155|0x0000000773600000, 0x0000000773600000, 0x0000000773800000|  0%| F|  |TAMS 0x0000000773600000, 0x0000000773600000| Untracked 
| 156|0x0000000773800000, 0x00000007739578d0, 0x0000000773a00000| 67%| S|CS|TAMS 0x0000000773800000, 0x0000000773800000| Complete 
| 157|0x0000000773a00000, 0x0000000773c00000, 0x0000000773c00000|100%| S|CS|TAMS 0x0000000773a00000, 0x0000000773a00000| Complete 
| 158|0x0000000773c00000, 0x0000000773e00000, 0x0000000773e00000|100%| S|CS|TAMS 0x0000000773c00000, 0x0000000773c00000| Complete 
| 159|0x0000000773e00000, 0x0000000774000000, 0x0000000774000000|100%| S|CS|TAMS 0x0000000773e00000, 0x0000000773e00000| Complete 
| 160|0x0000000774000000, 0x0000000774200000, 0x0000000774200000|100%| S|CS|TAMS 0x0000000774000000, 0x0000000774000000| Complete 
| 161|0x0000000774200000, 0x0000000774400000, 0x0000000774400000|100%| S|CS|TAMS 0x0000000774200000, 0x0000000774200000| Complete 
| 162|0x0000000774400000, 0x0000000774600000, 0x0000000774600000|100%| S|CS|TAMS 0x0000000774400000, 0x0000000774400000| Complete 
| 163|0x0000000774600000, 0x0000000774800000, 0x0000000774800000|100%| S|CS|TAMS 0x0000000774600000, 0x0000000774600000| Complete 
| 164|0x0000000774800000, 0x0000000774a00000, 0x0000000774a00000|100%| S|CS|TAMS 0x0000000774800000, 0x0000000774800000| Complete 
| 165|0x0000000774a00000, 0x0000000774c00000, 0x0000000774c00000|100%| S|CS|TAMS 0x0000000774a00000, 0x0000000774a00000| Complete 
| 166|0x0000000774c00000, 0x0000000774e00000, 0x0000000774e00000|100%| S|CS|TAMS 0x0000000774c00000, 0x0000000774c00000| Complete 
| 167|0x0000000774e00000, 0x0000000775000000, 0x0000000775000000|100%| S|CS|TAMS 0x0000000774e00000, 0x0000000774e00000| Complete 
| 168|0x0000000775000000, 0x0000000775000000, 0x0000000775200000|  0%| F|  |TAMS 0x0000000775000000, 0x0000000775000000| Untracked 
| 169|0x0000000775200000, 0x0000000775200000, 0x0000000775400000|  0%| F|  |TAMS 0x0000000775200000, 0x0000000775200000| Untracked 
| 170|0x0000000775400000, 0x0000000775400000, 0x0000000775600000|  0%| F|  |TAMS 0x0000000775400000, 0x0000000775400000| Untracked 
| 171|0x0000000775600000, 0x0000000775600000, 0x0000000775800000|  0%| F|  |TAMS 0x0000000775600000, 0x0000000775600000| Untracked 
| 172|0x0000000775800000, 0x0000000775800000, 0x0000000775a00000|  0%| F|  |TAMS 0x0000000775800000, 0x0000000775800000| Untracked 
| 173|0x0000000775a00000, 0x0000000775a00000, 0x0000000775c00000|  0%| F|  |TAMS 0x0000000775a00000, 0x0000000775a00000| Untracked 
| 174|0x0000000775c00000, 0x0000000775c00000, 0x0000000775e00000|  0%| F|  |TAMS 0x0000000775c00000, 0x0000000775c00000| Untracked 
| 175|0x0000000775e00000, 0x0000000775e00000, 0x0000000776000000|  0%| F|  |TAMS 0x0000000775e00000, 0x0000000775e00000| Untracked 
| 176|0x0000000776000000, 0x0000000776000000, 0x0000000776200000|  0%| F|  |TAMS 0x0000000776000000, 0x0000000776000000| Untracked 
| 177|0x0000000776200000, 0x0000000776200000, 0x0000000776400000|  0%| F|  |TAMS 0x0000000776200000, 0x0000000776200000| Untracked 
| 178|0x0000000776400000, 0x0000000776400000, 0x0000000776600000|  0%| F|  |TAMS 0x0000000776400000, 0x0000000776400000| Untracked 
| 179|0x0000000776600000, 0x0000000776600000, 0x0000000776800000|  0%| F|  |TAMS 0x0000000776600000, 0x0000000776600000| Untracked 
| 180|0x0000000776800000, 0x0000000776800000, 0x0000000776a00000|  0%| F|  |TAMS 0x0000000776800000, 0x0000000776800000| Untracked 
| 181|0x0000000776a00000, 0x0000000776a00000, 0x0000000776c00000|  0%| F|  |TAMS 0x0000000776a00000, 0x0000000776a00000| Untracked 
| 182|0x0000000776c00000, 0x0000000776c00000, 0x0000000776e00000|  0%| F|  |TAMS 0x0000000776c00000, 0x0000000776c00000| Untracked 
| 183|0x0000000776e00000, 0x0000000776e00000, 0x0000000777000000|  0%| F|  |TAMS 0x0000000776e00000, 0x0000000776e00000| Untracked 
| 184|0x0000000777000000, 0x0000000777000000, 0x0000000777200000|  0%| F|  |TAMS 0x0000000777000000, 0x0000000777000000| Untracked 
| 185|0x0000000777200000, 0x0000000777200000, 0x0000000777400000|  0%| F|  |TAMS 0x0000000777200000, 0x0000000777200000| Untracked 
| 186|0x0000000777400000, 0x0000000777400000, 0x0000000777600000|  0%| F|  |TAMS 0x0000000777400000, 0x0000000777400000| Untracked 
| 187|0x0000000777600000, 0x0000000777600000, 0x0000000777800000|  0%| F|  |TAMS 0x0000000777600000, 0x0000000777600000| Untracked 
| 188|0x0000000777800000, 0x0000000777800000, 0x0000000777a00000|  0%| F|  |TAMS 0x0000000777800000, 0x0000000777800000| Untracked 
| 189|0x0000000777a00000, 0x0000000777a00000, 0x0000000777c00000|  0%| F|  |TAMS 0x0000000777a00000, 0x0000000777a00000| Untracked 
| 190|0x0000000777c00000, 0x0000000777c00000, 0x0000000777e00000|  0%| F|  |TAMS 0x0000000777c00000, 0x0000000777c00000| Untracked 
| 191|0x0000000777e00000, 0x0000000777e00000, 0x0000000778000000|  0%| F|  |TAMS 0x0000000777e00000, 0x0000000777e00000| Untracked 
| 192|0x0000000778000000, 0x0000000778000000, 0x0000000778200000|  0%| F|  |TAMS 0x0000000778000000, 0x0000000778000000| Untracked 
| 193|0x0000000778200000, 0x0000000778200000, 0x0000000778400000|  0%| F|  |TAMS 0x0000000778200000, 0x0000000778200000| Untracked 
| 194|0x0000000778400000, 0x0000000778400000, 0x0000000778600000|  0%| F|  |TAMS 0x0000000778400000, 0x0000000778400000| Untracked 
| 195|0x0000000778600000, 0x0000000778600000, 0x0000000778800000|  0%| F|  |TAMS 0x0000000778600000, 0x0000000778600000| Untracked 
| 196|0x0000000778800000, 0x0000000778800000, 0x0000000778a00000|  0%| F|  |TAMS 0x0000000778800000, 0x0000000778800000| Untracked 
| 197|0x0000000778a00000, 0x0000000778a00000, 0x0000000778c00000|  0%| F|  |TAMS 0x0000000778a00000, 0x0000000778a00000| Untracked 
| 198|0x0000000778c00000, 0x0000000778c00000, 0x0000000778e00000|  0%| F|  |TAMS 0x0000000778c00000, 0x0000000778c00000| Untracked 
| 199|0x0000000778e00000, 0x0000000778e00000, 0x0000000779000000|  0%| F|  |TAMS 0x0000000778e00000, 0x0000000778e00000| Untracked 
| 200|0x0000000779000000, 0x0000000779000000, 0x0000000779200000|  0%| F|  |TAMS 0x0000000779000000, 0x0000000779000000| Untracked 
| 201|0x0000000779200000, 0x0000000779200000, 0x0000000779400000|  0%| F|  |TAMS 0x0000000779200000, 0x0000000779200000| Untracked 
| 202|0x0000000779400000, 0x0000000779400000, 0x0000000779600000|  0%| F|  |TAMS 0x0000000779400000, 0x0000000779400000| Untracked 
| 203|0x0000000779600000, 0x0000000779600000, 0x0000000779800000|  0%| F|  |TAMS 0x0000000779600000, 0x0000000779600000| Untracked 
| 204|0x0000000779800000, 0x0000000779800000, 0x0000000779a00000|  0%| F|  |TAMS 0x0000000779800000, 0x0000000779800000| Untracked 
| 205|0x0000000779a00000, 0x0000000779a00000, 0x0000000779c00000|  0%| F|  |TAMS 0x0000000779a00000, 0x0000000779a00000| Untracked 
| 206|0x0000000779c00000, 0x0000000779c00000, 0x0000000779e00000|  0%| F|  |TAMS 0x0000000779c00000, 0x0000000779c00000| Untracked 
| 207|0x0000000779e00000, 0x0000000779e00000, 0x000000077a000000|  0%| F|  |TAMS 0x0000000779e00000, 0x0000000779e00000| Untracked 
| 208|0x000000077a000000, 0x000000077a000000, 0x000000077a200000|  0%| F|  |TAMS 0x000000077a000000, 0x000000077a000000| Untracked 
| 209|0x000000077a200000, 0x000000077a200000, 0x000000077a400000|  0%| F|  |TAMS 0x000000077a200000, 0x000000077a200000| Untracked 
| 210|0x000000077a400000, 0x000000077a400000, 0x000000077a600000|  0%| F|  |TAMS 0x000000077a400000, 0x000000077a400000| Untracked 
| 211|0x000000077a600000, 0x000000077a600000, 0x000000077a800000|  0%| F|  |TAMS 0x000000077a600000, 0x000000077a600000| Untracked 
| 212|0x000000077a800000, 0x000000077a800000, 0x000000077aa00000|  0%| F|  |TAMS 0x000000077a800000, 0x000000077a800000| Untracked 
| 213|0x000000077aa00000, 0x000000077aa00000, 0x000000077ac00000|  0%| F|  |TAMS 0x000000077aa00000, 0x000000077aa00000| Untracked 
| 214|0x000000077ac00000, 0x000000077ac00000, 0x000000077ae00000|  0%| F|  |TAMS 0x000000077ac00000, 0x000000077ac00000| Untracked 
| 215|0x000000077ae00000, 0x000000077ae00000, 0x000000077b000000|  0%| F|  |TAMS 0x000000077ae00000, 0x000000077ae00000| Untracked 
| 216|0x000000077b000000, 0x000000077b000000, 0x000000077b200000|  0%| F|  |TAMS 0x000000077b000000, 0x000000077b000000| Untracked 
| 217|0x000000077b200000, 0x000000077b200000, 0x000000077b400000|  0%| F|  |TAMS 0x000000077b200000, 0x000000077b200000| Untracked 
| 218|0x000000077b400000, 0x000000077b400000, 0x000000077b600000|  0%| F|  |TAMS 0x000000077b400000, 0x000000077b400000| Untracked 
| 219|0x000000077b600000, 0x000000077b600000, 0x000000077b800000|  0%| F|  |TAMS 0x000000077b600000, 0x000000077b600000| Untracked 
| 220|0x000000077b800000, 0x000000077b800000, 0x000000077ba00000|  0%| F|  |TAMS 0x000000077b800000, 0x000000077b800000| Untracked 
| 221|0x000000077ba00000, 0x000000077ba00000, 0x000000077bc00000|  0%| F|  |TAMS 0x000000077ba00000, 0x000000077ba00000| Untracked 
| 222|0x000000077bc00000, 0x000000077bc00000, 0x000000077be00000|  0%| F|  |TAMS 0x000000077bc00000, 0x000000077bc00000| Untracked 
| 223|0x000000077be00000, 0x000000077be00000, 0x000000077c000000|  0%| F|  |TAMS 0x000000077be00000, 0x000000077be00000| Untracked 
| 224|0x000000077c000000, 0x000000077c000000, 0x000000077c200000|  0%| F|  |TAMS 0x000000077c000000, 0x000000077c000000| Untracked 
| 225|0x000000077c200000, 0x000000077c200000, 0x000000077c400000|  0%| F|  |TAMS 0x000000077c200000, 0x000000077c200000| Untracked 
| 226|0x000000077c400000, 0x000000077c400000, 0x000000077c600000|  0%| F|  |TAMS 0x000000077c400000, 0x000000077c400000| Untracked 
| 227|0x000000077c600000, 0x000000077c600000, 0x000000077c800000|  0%| F|  |TAMS 0x000000077c600000, 0x000000077c600000| Untracked 
| 228|0x000000077c800000, 0x000000077c800000, 0x000000077ca00000|  0%| F|  |TAMS 0x000000077c800000, 0x000000077c800000| Untracked 
| 229|0x000000077ca00000, 0x000000077ca00000, 0x000000077cc00000|  0%| F|  |TAMS 0x000000077ca00000, 0x000000077ca00000| Untracked 
| 230|0x000000077cc00000, 0x000000077cc00000, 0x000000077ce00000|  0%| F|  |TAMS 0x000000077cc00000, 0x000000077cc00000| Untracked 
| 231|0x000000077ce00000, 0x000000077ce00000, 0x000000077d000000|  0%| F|  |TAMS 0x000000077ce00000, 0x000000077ce00000| Untracked 
| 232|0x000000077d000000, 0x000000077d000000, 0x000000077d200000|  0%| F|  |TAMS 0x000000077d000000, 0x000000077d000000| Untracked 
| 233|0x000000077d200000, 0x000000077d200000, 0x000000077d400000|  0%| F|  |TAMS 0x000000077d200000, 0x000000077d200000| Untracked 
| 234|0x000000077d400000, 0x000000077d400000, 0x000000077d600000|  0%| F|  |TAMS 0x000000077d400000, 0x000000077d400000| Untracked 
| 235|0x000000077d600000, 0x000000077d600000, 0x000000077d800000|  0%| F|  |TAMS 0x000000077d600000, 0x000000077d600000| Untracked 
| 236|0x000000077d800000, 0x000000077d800000, 0x000000077da00000|  0%| F|  |TAMS 0x000000077d800000, 0x000000077d800000| Untracked 
| 237|0x000000077da00000, 0x000000077da00000, 0x000000077dc00000|  0%| F|  |TAMS 0x000000077da00000, 0x000000077da00000| Untracked 
| 238|0x000000077dc00000, 0x000000077dc00000, 0x000000077de00000|  0%| F|  |TAMS 0x000000077dc00000, 0x000000077dc00000| Untracked 
| 239|0x000000077de00000, 0x000000077de00000, 0x000000077e000000|  0%| F|  |TAMS 0x000000077de00000, 0x000000077de00000| Untracked 
| 240|0x000000077e000000, 0x000000077e000000, 0x000000077e200000|  0%| F|  |TAMS 0x000000077e000000, 0x000000077e000000| Untracked 
| 241|0x000000077e200000, 0x000000077e200000, 0x000000077e400000|  0%| F|  |TAMS 0x000000077e200000, 0x000000077e200000| Untracked 
| 242|0x000000077e400000, 0x000000077e400000, 0x000000077e600000|  0%| F|  |TAMS 0x000000077e400000, 0x000000077e400000| Untracked 
| 243|0x000000077e600000, 0x000000077e600000, 0x000000077e800000|  0%| F|  |TAMS 0x000000077e600000, 0x000000077e600000| Untracked 
| 244|0x000000077e800000, 0x000000077e800000, 0x000000077ea00000|  0%| F|  |TAMS 0x000000077e800000, 0x000000077e800000| Untracked 
| 245|0x000000077ea00000, 0x000000077ea00000, 0x000000077ec00000|  0%| F|  |TAMS 0x000000077ea00000, 0x000000077ea00000| Untracked 
| 246|0x000000077ec00000, 0x000000077ec00000, 0x000000077ee00000|  0%| F|  |TAMS 0x000000077ec00000, 0x000000077ec00000| Untracked 
| 247|0x000000077ee00000, 0x000000077ee00000, 0x000000077f000000|  0%| F|  |TAMS 0x000000077ee00000, 0x000000077ee00000| Untracked 
| 248|0x000000077f000000, 0x000000077f000000, 0x000000077f200000|  0%| F|  |TAMS 0x000000077f000000, 0x000000077f000000| Untracked 
| 249|0x000000077f200000, 0x000000077f200000, 0x000000077f400000|  0%| F|  |TAMS 0x000000077f200000, 0x000000077f200000| Untracked 
| 250|0x000000077f400000, 0x000000077f400000, 0x000000077f600000|  0%| F|  |TAMS 0x000000077f400000, 0x000000077f400000| Untracked 
| 251|0x000000077f600000, 0x000000077f600000, 0x000000077f800000|  0%| F|  |TAMS 0x000000077f600000, 0x000000077f600000| Untracked 
| 252|0x000000077f800000, 0x000000077f800000, 0x000000077fa00000|  0%| F|  |TAMS 0x000000077f800000, 0x000000077f800000| Untracked 
| 253|0x000000077fa00000, 0x000000077fa00000, 0x000000077fc00000|  0%| F|  |TAMS 0x000000077fa00000, 0x000000077fa00000| Untracked 
| 254|0x000000077fc00000, 0x000000077fc00000, 0x000000077fe00000|  0%| F|  |TAMS 0x000000077fc00000, 0x000000077fc00000| Untracked 
| 255|0x000000077fe00000, 0x000000077fe00000, 0x0000000780000000|  0%| F|  |TAMS 0x000000077fe00000, 0x000000077fe00000| Untracked 
| 256|0x0000000780000000, 0x0000000780000000, 0x0000000780200000|  0%| F|  |TAMS 0x0000000780000000, 0x0000000780000000| Untracked 
| 257|0x0000000780200000, 0x0000000780200000, 0x0000000780400000|  0%| F|  |TAMS 0x0000000780200000, 0x0000000780200000| Untracked 
| 258|0x0000000780400000, 0x0000000780400000, 0x0000000780600000|  0%| F|  |TAMS 0x0000000780400000, 0x0000000780400000| Untracked 
| 259|0x0000000780600000, 0x0000000780600000, 0x0000000780800000|  0%| F|  |TAMS 0x0000000780600000, 0x0000000780600000| Untracked 
| 260|0x0000000780800000, 0x0000000780800000, 0x0000000780a00000|  0%| F|  |TAMS 0x0000000780800000, 0x0000000780800000| Untracked 
| 261|0x0000000780a00000, 0x0000000780a00000, 0x0000000780c00000|  0%| F|  |TAMS 0x0000000780a00000, 0x0000000780a00000| Untracked 
| 262|0x0000000780c00000, 0x0000000780c00000, 0x0000000780e00000|  0%| F|  |TAMS 0x0000000780c00000, 0x0000000780c00000| Untracked 
| 263|0x0000000780e00000, 0x0000000780e00000, 0x0000000781000000|  0%| F|  |TAMS 0x0000000780e00000, 0x0000000780e00000| Untracked 
| 264|0x0000000781000000, 0x0000000781000000, 0x0000000781200000|  0%| F|  |TAMS 0x0000000781000000, 0x0000000781000000| Untracked 
| 265|0x0000000781200000, 0x0000000781200000, 0x0000000781400000|  0%| F|  |TAMS 0x0000000781200000, 0x0000000781200000| Untracked 
| 266|0x0000000781400000, 0x0000000781400000, 0x0000000781600000|  0%| F|  |TAMS 0x0000000781400000, 0x0000000781400000| Untracked 
| 267|0x0000000781600000, 0x0000000781600000, 0x0000000781800000|  0%| F|  |TAMS 0x0000000781600000, 0x0000000781600000| Untracked 
| 268|0x0000000781800000, 0x0000000781800000, 0x0000000781a00000|  0%| F|  |TAMS 0x0000000781800000, 0x0000000781800000| Untracked 
| 269|0x0000000781a00000, 0x0000000781a00000, 0x0000000781c00000|  0%| F|  |TAMS 0x0000000781a00000, 0x0000000781a00000| Untracked 
| 270|0x0000000781c00000, 0x0000000781c00000, 0x0000000781e00000|  0%| F|  |TAMS 0x0000000781c00000, 0x0000000781c00000| Untracked 
| 271|0x0000000781e00000, 0x0000000781e00000, 0x0000000782000000|  0%| F|  |TAMS 0x0000000781e00000, 0x0000000781e00000| Untracked 
| 272|0x0000000782000000, 0x0000000782000000, 0x0000000782200000|  0%| F|  |TAMS 0x0000000782000000, 0x0000000782000000| Untracked 
| 273|0x0000000782200000, 0x0000000782200000, 0x0000000782400000|  0%| F|  |TAMS 0x0000000782200000, 0x0000000782200000| Untracked 
| 274|0x0000000782400000, 0x0000000782400000, 0x0000000782600000|  0%| F|  |TAMS 0x0000000782400000, 0x0000000782400000| Untracked 
| 275|0x0000000782600000, 0x0000000782600000, 0x0000000782800000|  0%| F|  |TAMS 0x0000000782600000, 0x0000000782600000| Untracked 
| 276|0x0000000782800000, 0x0000000782800000, 0x0000000782a00000|  0%| F|  |TAMS 0x0000000782800000, 0x0000000782800000| Untracked 
| 277|0x0000000782a00000, 0x0000000782a00000, 0x0000000782c00000|  0%| F|  |TAMS 0x0000000782a00000, 0x0000000782a00000| Untracked 
| 278|0x0000000782c00000, 0x0000000782c00000, 0x0000000782e00000|  0%| F|  |TAMS 0x0000000782c00000, 0x0000000782c00000| Untracked 
| 279|0x0000000782e00000, 0x0000000782e00000, 0x0000000783000000|  0%| F|  |TAMS 0x0000000782e00000, 0x0000000782e00000| Untracked 
| 280|0x0000000783000000, 0x0000000783000000, 0x0000000783200000|  0%| F|  |TAMS 0x0000000783000000, 0x0000000783000000| Untracked 
| 281|0x0000000783200000, 0x0000000783200000, 0x0000000783400000|  0%| F|  |TAMS 0x0000000783200000, 0x0000000783200000| Untracked 
| 282|0x0000000783400000, 0x0000000783400000, 0x0000000783600000|  0%| F|  |TAMS 0x0000000783400000, 0x0000000783400000| Untracked 
| 283|0x0000000783600000, 0x0000000783600000, 0x0000000783800000|  0%| F|  |TAMS 0x0000000783600000, 0x0000000783600000| Untracked 
| 284|0x0000000783800000, 0x0000000783800000, 0x0000000783a00000|  0%| F|  |TAMS 0x0000000783800000, 0x0000000783800000| Untracked 
| 285|0x0000000783a00000, 0x0000000783a00000, 0x0000000783c00000|  0%| F|  |TAMS 0x0000000783a00000, 0x0000000783a00000| Untracked 
| 286|0x0000000783c00000, 0x0000000783c00000, 0x0000000783e00000|  0%| F|  |TAMS 0x0000000783c00000, 0x0000000783c00000| Untracked 
| 287|0x0000000783e00000, 0x0000000783e00000, 0x0000000784000000|  0%| F|  |TAMS 0x0000000783e00000, 0x0000000783e00000| Untracked 
| 288|0x0000000784000000, 0x0000000784000000, 0x0000000784200000|  0%| F|  |TAMS 0x0000000784000000, 0x0000000784000000| Untracked 
| 289|0x0000000784200000, 0x0000000784200000, 0x0000000784400000|  0%| F|  |TAMS 0x0000000784200000, 0x0000000784200000| Untracked 
| 290|0x0000000784400000, 0x0000000784400000, 0x0000000784600000|  0%| F|  |TAMS 0x0000000784400000, 0x0000000784400000| Untracked 
| 291|0x0000000784600000, 0x0000000784600000, 0x0000000784800000|  0%| F|  |TAMS 0x0000000784600000, 0x0000000784600000| Untracked 
| 292|0x0000000784800000, 0x0000000784800000, 0x0000000784a00000|  0%| F|  |TAMS 0x0000000784800000, 0x0000000784800000| Untracked 
| 293|0x0000000784a00000, 0x0000000784a00000, 0x0000000784c00000|  0%| F|  |TAMS 0x0000000784a00000, 0x0000000784a00000| Untracked 
|1275|0x00000007ff600000, 0x00000007ff800000, 0x00000007ff800000|100%| O|  |TAMS 0x00000007ff800000, 0x00000007ff600000| Untracked 
|1276|0x00000007ff800000, 0x00000007ffa00000, 0x00000007ffa00000|100%| O|  |TAMS 0x00000007ffa00000, 0x00000007ff800000| Untracked 
|1277|0x00000007ffa00000, 0x00000007ffc00000, 0x00000007ffc00000|100%| O|  |TAMS 0x00000007ffc00000, 0x00000007ffa00000| Untracked 
|1278|0x00000007ffc00000, 0x00000007ffd75000, 0x00000007ffe00000| 72%|OA|  |TAMS 0x00000007ffd75000, 0x00000007ffc00000| Untracked 
|1279|0x00000007ffe00000, 0x00000007ffe78000, 0x0000000800000000| 23%|CA|  |TAMS 0x00000007ffe78000, 0x00000007ffe00000| Untracked 

Card table byte_map: [0x00007fbd166b0000,0x00007fbd16bb0000] _byte_map_base: 0x00007fbd12bb0000

Marking Bits (Prev, Next): (CMBitMap*) 0x00007fbd1006a050, (CMBitMap*) 0x00007fbd1006a090
 Prev Bits: [0x00007fbcf6d11000, 0x00007fbcf9511000)
 Next Bits: [0x00007fbcf4511000, 0x00007fbcf6d11000)

Polling page: 0x00007fbd18e73000

Metaspace:

Usage:
  Non-class:    149.09 MB used.
      Class:     22.41 MB used.
       Both:    171.51 MB used.

Virtual space:
  Non-class space:      192.00 MB reserved,     149.62 MB ( 78%) committed,  3 nodes.
      Class space:      832.00 MB reserved,      22.88 MB (  3%) committed,  1 nodes.
             Both:        1.00 GB reserved,     172.50 MB ( 17%) committed. 

Chunk freelists:
   Non-Class:  10.31 MB
       Class:  9.08 MB
        Both:  19.39 MB

MaxMetaspaceSize: 1.00 GB
CompressedClassSpaceSize: 832.00 MB
Initial GC threshold: 21.00 MB
Current GC threshold: 287.44 MB
CDS: on
MetaspaceReclaimPolicy: balanced
 - commit_granule_bytes: 65536.
 - commit_granule_words: 8192.
 - virtual_space_node_default_size: 8388608.
 - enlarge_chunks_in_place: 1.
 - new_chunks_are_fully_committed: 0.
 - uncommit_free_chunks: 1.
 - use_allocation_guard: 0.
 - handle_deallocations: 1.


Internal statistics:

num_allocs_failed_limit: 21.
num_arena_births: 1614.
num_arena_deaths: 0.
num_vsnodes_births: 4.
num_vsnodes_deaths: 0.
num_space_committed: 2757.
num_space_uncommitted: 0.
num_chunks_returned_to_freelist: 21.
num_chunks_taken_from_freelist: 8588.
num_chunk_merges: 18.
num_chunk_splits: 6192.
num_chunks_enlarged: 4715.
num_inconsistent_stats: 0.

CodeHeap 'non-profiled nmethods': size=120036Kb used=9567Kb max_used=9567Kb free=110468Kb
 bounds [0x00007fbd00fd8000, 0x00007fbd01958000, 0x00007fbd08511000]
CodeHeap 'profiled nmethods': size=120032Kb used=48411Kb max_used=48411Kb free=71620Kb
 bounds [0x00007fbcf9511000, 0x00007fbcfc461000, 0x00007fbd00a49000]
CodeHeap 'non-nmethods': size=5692Kb used=1922Kb max_used=2046Kb free=3769Kb
 bounds [0x00007fbd00a49000, 0x00007fbd00cb9000, 0x00007fbd00fd8000]
 total_blobs=21771 nmethods=20720 adapters=960
 compilation: enabled
              stopped_count=0, restarted_count=0
 full_count=0

Compilation events (20 events):
Event: 93.216 Thread 0x00007fbd100cd3f0 25656       3       com.android.tools.r8.internal.Oa::a (98 bytes)
Event: 93.216 Thread 0x00007fbd100cd3f0 nmethod 25656 0x00007fbcfc454b90 code [0x00007fbcfc454d80, 0x00007fbcfc455280]
Event: 93.226 Thread 0x00007fbd100cd3f0 25657       2       com.android.tools.r8.internal.rj0::<init> (10 bytes)
Event: 93.226 Thread 0x00007fbd100cd3f0 nmethod 25657 0x00007fbcfc455490 code [0x00007fbcfc455640, 0x00007fbcfc455760]
Event: 93.290 Thread 0x00007fbd100cd3f0 25658       2       com.android.tools.r8.internal.Xg::b (27 bytes)
Event: 93.290 Thread 0x00007fbd100cd3f0 nmethod 25658 0x00007fbcfc455810 code [0x00007fbcfc4559c0, 0x00007fbcfc455b50]
Event: 93.294 Thread 0x00007fbd100cd3f0 25659       2       com.android.tools.r8.internal.uI::a (84 bytes)
Event: 93.294 Thread 0x00007fbd100cd3f0 nmethod 25659 0x00007fbcfc455c90 code [0x00007fbcfc455ea0, 0x00007fbcfc456280]
Event: 93.302 Thread 0x00007fbd100cbec0 nmethod 25410% 0x00007fbd01938690 code [0x00007fbd01939480, 0x00007fbd01946aa8]
Event: 93.302 Thread 0x00007fbd100cbec0 25636       4       com.android.tools.r8.internal.TI::b (71 bytes)
Event: 93.309 Thread 0x00007fbd100cd3f0 25661       2       com.android.tools.r8.internal.rj0::c (11 bytes)
Event: 93.309 Thread 0x00007fbd100cd3f0 nmethod 25661 0x00007fbcfc456590 code [0x00007fbcfc456740, 0x00007fbcfc4568c0]
Event: 93.313 Thread 0x00007fbd100cd3f0 25662       3       com.android.tools.r8.internal.Vz::c (128 bytes)
Event: 93.313 Thread 0x00007fbd100cd3f0 nmethod 25662 0x00007fbcfc456990 code [0x00007fbcfc456bc0, 0x00007fbcfc457040]
Event: 93.313 Thread 0x00007fbd100cd3f0 25663       3       com.android.tools.r8.internal.r2::<init> (10 bytes)
Event: 93.313 Thread 0x00007fbd100cd3f0 nmethod 25663 0x00007fbcfc457390 code [0x00007fbcfc457540, 0x00007fbcfc457680]
Event: 93.316 Thread 0x00007fbd100cbec0 nmethod 25636 0x00007fbd01730010 code [0x00007fbd01730200, 0x00007fbd01730918]
Event: 93.316 Thread 0x00007fbd100cbec0 25545       4       com.android.tools.r8.graph.p4::a (165 bytes)
Event: 93.320 Thread 0x00007fbd100cd3f0 25664       2       com.android.tools.r8.internal.QR::a (29 bytes)
Event: 93.320 Thread 0x00007fbd100cd3f0 nmethod 25664 0x00007fbcfc457710 code [0x00007fbcfc4578e0, 0x00007fbcfc457bd0]

GC Heap History (20 events):
Event: 45.985 GC heap after
{Heap after GC invocations=67 (full 0):
 garbage-first heap   total 280576K, used 153683K [0x0000000760000000, 0x0000000800000000)
  region size 2048K, 1 young (2048K), 1 survivors (2048K)
 Metaspace       used 143826K, committed 144768K, reserved 983040K
  class space    used 18694K, committed 19136K, reserved 851968K
}
Event: 48.082 GC heap before
{Heap before GC invocations=67 (full 0):
 garbage-first heap   total 280576K, used 231507K [0x0000000760000000, 0x0000000800000000)
  region size 2048K, 39 young (79872K), 1 survivors (2048K)
 Metaspace       used 149425K, committed 150400K, reserved 983040K
  class space    used 19521K, committed 19968K, reserved 851968K
}
Event: 48.095 GC heap after
{Heap after GC invocations=68 (full 0):
 garbage-first heap   total 593920K, used 150832K [0x0000000760000000, 0x0000000800000000)
  region size 2048K, 3 young (6144K), 3 survivors (6144K)
 Metaspace       used 149425K, committed 150400K, reserved 983040K
  class space    used 19521K, committed 19968K, reserved 851968K
}
Event: 59.522 GC heap before
{Heap before GC invocations=69 (full 0):
 garbage-first heap   total 546816K, used 468272K [0x0000000760000000, 0x0000000800000000)
  region size 2048K, 160 young (327680K), 3 survivors (6144K)
 Metaspace       used 159173K, committed 160256K, reserved 1048576K
  class space    used 20854K, committed 21376K, reserved 851968K
}
Event: 59.687 GC heap after
{Heap after GC invocations=70 (full 0):
 garbage-first heap   total 546816K, used 163312K [0x0000000760000000, 0x0000000800000000)
  region size 2048K, 11 young (22528K), 11 survivors (22528K)
 Metaspace       used 159173K, committed 160256K, reserved 1048576K
  class space    used 20854K, committed 21376K, reserved 851968K
}
Event: 59.891 GC heap before
{Heap before GC invocations=70 (full 0):
 garbage-first heap   total 546816K, used 167408K [0x0000000760000000, 0x0000000800000000)
  region size 2048K, 13 young (26624K), 11 survivors (22528K)
 Metaspace       used 159267K, committed 160320K, reserved 1048576K
  class space    used 20870K, committed 21376K, reserved 851968K
}
Event: 60.001 GC heap after
{Heap after GC invocations=71 (full 0):
 garbage-first heap   total 546816K, used 161168K [0x0000000760000000, 0x0000000800000000)
  region size 2048K, 1 young (2048K), 1 survivors (2048K)
 Metaspace       used 159267K, committed 160320K, reserved 1048576K
  class space    used 20870K, committed 21376K, reserved 851968K
}
Event: 68.895 GC heap before
{Heap before GC invocations=71 (full 0):
 garbage-first heap   total 546816K, used 427408K [0x0000000760000000, 0x0000000800000000)
  region size 2048K, 132 young (270336K), 1 survivors (2048K)
 Metaspace       used 170730K, committed 171712K, reserved 1048576K
  class space    used 22387K, committed 22848K, reserved 851968K
}
Event: 69.117 GC heap after
{Heap after GC invocations=72 (full 0):
 garbage-first heap   total 546816K, used 191547K [0x0000000760000000, 0x0000000800000000)
  region size 2048K, 16 young (32768K), 16 survivors (32768K)
 Metaspace       used 170730K, committed 171712K, reserved 1048576K
  class space    used 22387K, committed 22848K, reserved 851968K
}
Event: 77.712 GC heap before
{Heap before GC invocations=72 (full 0):
 garbage-first heap   total 546816K, used 369723K [0x0000000760000000, 0x0000000800000000)
  region size 2048K, 103 young (210944K), 16 survivors (32768K)
 Metaspace       used 174780K, committed 175808K, reserved 1048576K
  class space    used 22868K, committed 23360K, reserved 851968K
}
Event: 78.017 GC heap after
{Heap after GC invocations=73 (full 0):
 garbage-first heap   total 546816K, used 191655K [0x0000000760000000, 0x0000000800000000)
  region size 2048K, 1 young (2048K), 1 survivors (2048K)
 Metaspace       used 174780K, committed 175808K, reserved 1048576K
  class space    used 22868K, committed 23360K, reserved 851968K
}
Event: 84.587 GC heap before
{Heap before GC invocations=73 (full 0):
 garbage-first heap   total 546816K, used 441511K [0x0000000760000000, 0x0000000800000000)
  region size 2048K, 123 young (251904K), 1 survivors (2048K)
 Metaspace       used 175138K, committed 176128K, reserved 1048576K
  class space    used 22874K, committed 23360K, reserved 851968K
}
Event: 84.678 GC heap after
{Heap after GC invocations=74 (full 0):
 garbage-first heap   total 546816K, used 193703K [0x0000000760000000, 0x0000000800000000)
  region size 2048K, 2 young (4096K), 2 survivors (4096K)
 Metaspace       used 175138K, committed 176128K, reserved 1048576K
  class space    used 22874K, committed 23360K, reserved 851968K
}
Event: 88.890 GC heap before
{Heap before GC invocations=74 (full 0):
 garbage-first heap   total 546816K, used 449703K [0x0000000760000000, 0x0000000800000000)
  region size 2048K, 127 young (260096K), 2 survivors (4096K)
 Metaspace       used 175453K, committed 176512K, reserved 1048576K
  class space    used 22914K, committed 23424K, reserved 851968K
}
Event: 88.992 GC heap after
{Heap after GC invocations=75 (full 0):
 garbage-first heap   total 546816K, used 198613K [0x0000000760000000, 0x0000000800000000)
  region size 2048K, 5 young (10240K), 5 survivors (10240K)
 Metaspace       used 175453K, committed 176512K, reserved 1048576K
  class space    used 22914K, committed 23424K, reserved 851968K
}
Event: 91.488 GC heap before
{Heap before GC invocations=76 (full 0):
 garbage-first heap   total 612352K, used 444373K [0x0000000760000000, 0x0000000800000000)
  region size 2048K, 126 young (258048K), 5 survivors (10240K)
 Metaspace       used 175507K, committed 176576K, reserved 1048576K
  class space    used 22917K, committed 23424K, reserved 851968K
}
Event: 91.600 GC heap after
{Heap after GC invocations=77 (full 0):
 garbage-first heap   total 612352K, used 233944K [0x0000000760000000, 0x0000000800000000)
  region size 2048K, 16 young (32768K), 16 survivors (32768K)
 Metaspace       used 175507K, committed 176576K, reserved 1048576K
  class space    used 22917K, committed 23424K, reserved 851968K
}
Event: 91.622 GC heap before
{Heap before GC invocations=77 (full 0):
 garbage-first heap   total 612352K, used 235992K [0x0000000760000000, 0x0000000800000000)
  region size 2048K, 17 young (34816K), 16 survivors (32768K)
 Metaspace       used 175507K, committed 176576K, reserved 1048576K
  class space    used 22917K, committed 23424K, reserved 851968K
}
Event: 91.712 GC heap after
{Heap after GC invocations=78 (full 0):
 garbage-first heap   total 612352K, used 231451K [0x0000000760000000, 0x0000000800000000)
  region size 2048K, 1 young (2048K), 1 survivors (2048K)
 Metaspace       used 175507K, committed 176576K, reserved 1048576K
  class space    used 22917K, committed 23424K, reserved 851968K
}
Event: 93.384 GC heap before
{Heap before GC invocations=78 (full 0):
 garbage-first heap   total 612352K, used 487451K [0x0000000760000000, 0x0000000800000000)
  region size 2048K, 126 young (258048K), 1 survivors (2048K)
 Metaspace       used 175624K, committed 176640K, reserved 1048576K
  class space    used 22952K, committed 23424K, reserved 851968K
}

Dll operation events (15 events):
Event: 0.002 Loaded shared library /usr/lib/jvm/java-17-openjdk-amd64/lib/libjava.so
Event: 0.019 Loaded shared library /usr/lib/jvm/java-17-openjdk-amd64/lib/libjsvml.so
Event: 0.120 Loaded shared library /usr/lib/jvm/java-17-openjdk-amd64/lib/libzip.so
Event: 0.121 Loaded shared library /usr/lib/jvm/java-17-openjdk-amd64/lib/libinstrument.so
Event: 0.123 Loaded shared library /usr/lib/jvm/java-17-openjdk-amd64/lib/libnio.so
Event: 0.124 Loaded shared library /usr/lib/jvm/java-17-openjdk-amd64/lib/libzip.so
Event: 0.398 Loaded shared library /usr/lib/jvm/java-17-openjdk-amd64/lib/libjimage.so
Event: 0.622 Loaded shared library /usr/lib/jvm/java-17-openjdk-amd64/lib/libverify.so
Event: 0.898 Loaded shared library /usr/lib/jvm/java-17-openjdk-amd64/lib/libnet.so
Event: 0.899 Loaded shared library /root/.gradle/native/c067742578af261105cb4f569cf0c3c89f3d7b1fecec35dd04571415982c5e48/linux-amd64/libnative-platform.so
Event: 0.904 Loaded shared library /root/.gradle/native/100fb08df4bc3b14c8652ba06237920a3bd2aa13389f12d3474272988ae205f9/linux-amd64/libnative-platform-file-events.so
Event: 2.411 Loaded shared library /usr/lib/jvm/java-17-openjdk-amd64/lib/libmanagement.so
Event: 2.413 Loaded shared library /usr/lib/jvm/java-17-openjdk-amd64/lib/libmanagement_ext.so
Event: 2.613 Loaded shared library /usr/lib/jvm/java-17-openjdk-amd64/lib/libextnet.so
Event: 59.299 Loaded shared library /usr/lib/jvm/java-17-openjdk-amd64/lib/librmi.so

Deoptimization events (20 events):
Event: 92.987 Thread 0x00007fbcf0120d50 DEOPT PACKING pc=0x00007fbcfc442e88 sp=0x00007fbca23daa80
Event: 92.987 Thread 0x00007fbcf0120d50 DEOPT UNPACKING pc=0x00007fbd00aa364f sp=0x00007fbca23d9fc8 mode 0
Event: 92.988 Thread 0x00007fbce800b000 DEOPT PACKING pc=0x00007fbcfc299d36 sp=0x00007fbce4ee4710
Event: 92.988 Thread 0x00007fbce800b000 DEOPT UNPACKING pc=0x00007fbd00aa364f sp=0x00007fbce4ee3c38 mode 0
Event: 92.988 Thread 0x00007fbcf0120d50 DEOPT PACKING pc=0x00007fbcfc442e88 sp=0x00007fbca23daa80
Event: 92.988 Thread 0x00007fbcf0120d50 DEOPT UNPACKING pc=0x00007fbd00aa364f sp=0x00007fbca23d9fc8 mode 0
Event: 92.988 Thread 0x00007fbcf0120d50 DEOPT PACKING pc=0x00007fbcfc442e88 sp=0x00007fbca23da960
Event: 92.988 Thread 0x00007fbcf0120d50 DEOPT UNPACKING pc=0x00007fbd00aa364f sp=0x00007fbca23d9ea8 mode 0
Event: 92.989 Thread 0x00007fbcf0120d50 DEOPT PACKING pc=0x00007fbcfc442fc0 sp=0x00007fbca23daa80
Event: 92.989 Thread 0x00007fbcf0120d50 DEOPT UNPACKING pc=0x00007fbd00aa364f sp=0x00007fbca23d9fc8 mode 0
Event: 92.989 Thread 0x00007fbcf0120d50 DEOPT PACKING pc=0x00007fbcfc442fc0 sp=0x00007fbca23da960
Event: 92.989 Thread 0x00007fbcf0120d50 DEOPT UNPACKING pc=0x00007fbd00aa364f sp=0x00007fbca23d9ea8 mode 0
Event: 92.989 Thread 0x00007fbcf0120d50 DEOPT PACKING pc=0x00007fbcfc442fc0 sp=0x00007fbca23daa80
Event: 92.989 Thread 0x00007fbcf0120d50 DEOPT UNPACKING pc=0x00007fbd00aa364f sp=0x00007fbca23d9fc8 mode 0
Event: 93.028 Thread 0x00007fbcf0120d50 DEOPT PACKING pc=0x00007fbcfb983643 sp=0x00007fbca23da430
Event: 93.028 Thread 0x00007fbcf0120d50 DEOPT UNPACKING pc=0x00007fbd00aa364f sp=0x00007fbca23d98e8 mode 0
Event: 93.177 Thread 0x00007fbce800b000 DEOPT PACKING pc=0x00007fbcfc299d36 sp=0x00007fbce4ee4ae0
Event: 93.177 Thread 0x00007fbce800b000 DEOPT UNPACKING pc=0x00007fbd00aa364f sp=0x00007fbce4ee4008 mode 0
Event: 93.316 Thread 0x00007fbcf0120d50 DEOPT PACKING pc=0x00007fbcfc299d36 sp=0x00007fbca23dabf0
Event: 93.316 Thread 0x00007fbcf0120d50 DEOPT UNPACKING pc=0x00007fbd00aa364f sp=0x00007fbca23da118 mode 0

Classes loaded (20 events):
Event: 68.800 Loading class java/util/stream/SortedOps$RefSortingSink
Event: 68.800 Loading class java/util/stream/SortedOps$RefSortingSink done
Event: 69.182 Loading class java/util/PriorityQueue
Event: 69.182 Loading class java/util/PriorityQueue done
Event: 69.389 Loading class java/util/SortedSet$1
Event: 69.393 Loading class java/util/SortedSet$1 done
Event: 69.412 Loading class java/util/stream/SliceOps
Event: 69.419 Loading class java/util/stream/SliceOps done
Event: 69.419 Loading class java/util/stream/SliceOps$1
Event: 69.421 Loading class java/util/stream/SliceOps$1 done
Event: 69.421 Loading class java/util/stream/SliceOps$1$1
Event: 69.421 Loading class java/util/stream/SliceOps$1$1 done
Event: 69.424 Loading class java/util/IdentityHashMap$ValueIterator
Event: 69.427 Loading class java/util/IdentityHashMap$ValueIterator done
Event: 71.083 Loading class java/util/concurrent/ConcurrentHashMap$TreeNode
Event: 71.087 Loading class java/util/concurrent/ConcurrentHashMap$TreeNode done
Event: 71.087 Loading class java/util/concurrent/ConcurrentHashMap$TreeBin
Event: 71.092 Loading class java/util/concurrent/ConcurrentHashMap$TreeBin done
Event: 90.524 Loading class sun/rmi/transport/DGCClient$EndpointEntry$CleanRequest
Event: 90.524 Loading class sun/rmi/transport/DGCClient$EndpointEntry$CleanRequest done

Classes unloaded (0 events):
No events

Classes redefined (0 events):
No events

Internal exceptions (20 events):
Event: 59.411 Thread 0x00007fbce819fd80 Exception <a 'java/lang/NoSuchMethodError'{0x000000076d7aeb40}: static Lorg/jetbrains/kotlin/daemon/common/DaemonJVMOptions;.<clinit>()V> (0x000000076d7aeb40) 
thrown [./src/hotspot/share/prims/jni.cpp, line 1112]
Event: 59.421 Thread 0x00007fbce819fd80 Exception <a 'java/lang/NoSuchMethodError'{0x000000076d7c9640}: static Lorg/jetbrains/kotlin/daemon/common/CompileService$CallResult$Ok;.<clinit>()V> (0x000000076d7c9640) 
thrown [./src/hotspot/share/prims/jni.cpp, line 1112]
Event: 59.693 Thread 0x00007fbd100c1360 Implicit null exception at 0x00007fbd0162ce00 to 0x00007fbd0162d4d0
Event: 59.697 Thread 0x00007fbce819fd80 Exception <a 'java/lang/NoSuchMethodError'{0x00000007838a5188}: static [Ljava/lang/Integer;.<clinit>()V> (0x00000007838a5188) 
thrown [./src/hotspot/share/prims/jni.cpp, line 1112]
Event: 60.024 Thread 0x00007fbce800b000 Implicit null exception at 0x00007fbd0174c9c9 to 0x00007fbd0174d084
Event: 60.298 Thread 0x00007fbce800b000 Exception <a 'sun/nio/fs/UnixException'{0x00000007832e4e80}> (0x00000007832e4e80) 
thrown [./src/hotspot/share/prims/jni.cpp, line 516]
Event: 60.605 Thread 0x00007fbce800b000 Exception <a 'sun/nio/fs/UnixException'{0x000000077fd84508}> (0x000000077fd84508) 
thrown [./src/hotspot/share/prims/jni.cpp, line 516]
Event: 62.503 Thread 0x00007fbce800b000 Exception <a 'java/lang/NoSuchMethodError'{0x000000077c6f8210}: 'java.lang.Object java.lang.invoke.DirectMethodHandle$Holder.invokeStaticInit(java.lang.Object, java.lang.Object, java.lang.Object, java.lang.Object, java.lang.Object, java.lang.Object, java.lang.Object, java.lang.Object, java.lang.Object, java.lang.Object, java.lang.Object, java.lang.Object, java.lang.Object, java.lang.Object, java.lang.Object, java.lang.Object, java.lang.Object, java.lang.Object, java.lang.Object, java.lang.Object, int, java
Event: 62.621 Thread 0x00007fbce800b000 Exception <a 'java/lang/IncompatibleClassChangeError'{0x000000077c589bd8}: Found class java.lang.Object, but interface was expected> (0x000000077c589bd8) 
thrown [./src/hotspot/share/interpreter/linkResolver.cpp, line 826]
Event: 64.721 Thread 0x00007fbce800b000 Exception <a 'java/lang/IncompatibleClassChangeError'{0x0000000778ae95d0}: Found class java.lang.Object, but interface was expected> (0x0000000778ae95d0) 
thrown [./src/hotspot/share/interpreter/linkResolver.cpp, line 826]
Event: 64.723 Thread 0x00007fbce800b000 Exception <a 'java/lang/NoSuchMethodError'{0x0000000778af6fa0}: 'void java.lang.invoke.DirectMethodHandle$Holder.invokeInterface(java.lang.Object, java.lang.Object, java.lang.Object, int)'> (0x0000000778af6fa0) 
thrown [./src/hotspot/share/interpreter/linkResolver.cpp, line 758]
Event: 68.209 Thread 0x00007fbce800b000 Exception <a 'java/lang/IncompatibleClassChangeError'{0x0000000770e0e2b0}: Found class java.lang.Object, but interface was expected> (0x0000000770e0e2b0) 
thrown [./src/hotspot/share/interpreter/linkResolver.cpp, line 826]
Event: 68.212 Thread 0x00007fbce800b000 Exception <a 'java/lang/IncompatibleClassChangeError'{0x0000000770e13798}: Found class java.lang.Object, but interface was expected> (0x0000000770e13798) 
thrown [./src/hotspot/share/interpreter/linkResolver.cpp, line 826]
Event: 68.603 Thread 0x00007fbce800b000 Exception <a 'java/lang/NoSuchMethodError'{0x00000007708ecf38}: 'void java.lang.invoke.DirectMethodHandle$Holder.invokeSpecial(java.lang.Object, java.lang.Object, int, java.lang.Object)'> (0x00000007708ecf38) 
thrown [./src/hotspot/share/interpreter/linkResolver.cpp, line 758]
Event: 69.201 Thread 0x00007fbce800b000 Exception <a 'java/lang/NoSuchMethodError'{0x000000078360d0c0}: 'int java.lang.invoke.DirectMethodHandle$Holder.invokeSpecial(java.lang.Object, java.lang.Object, java.lang.Object, int)'> (0x000000078360d0c0) 
thrown [./src/hotspot/share/interpreter/linkResolver.cpp, line 758]
Event: 69.211 Thread 0x00007fbce800b000 Exception <a 'java/lang/NoSuchMethodError'{0x00000007836a4e50}: 'int java.lang.invoke.DirectMethodHandle$Holder.invokeSpecial(java.lang.Object, java.lang.Object, java.lang.Object, int, java.lang.Object)'> (0x00000007836a4e50) 
thrown [./src/hotspot/share/interpreter/linkResolver.cpp, line 758]
Event: 69.799 Thread 0x00007fbce800b000 Exception <a 'java/lang/NoSuchMethodError'{0x0000000783187c38}: 'int java.lang.invoke.DirectMethodHandle$Holder.invokeSpecial(java.lang.Object, java.lang.Object, java.lang.Object, java.lang.Object, java.lang.Object, java.lang.Object)'> (0x0000000783187c38) 
thrown [./src/hotspot/share/interpreter/linkResolver.cpp, line 758]
Event: 72.221 Thread 0x00007fbce800b000 Exception <a 'java/lang/NoSuchMethodError'{0x000000077e1c0a90}: 'int java.lang.invoke.DirectMethodHandle$Holder.invokeInterface(java.lang.Object, java.lang.Object, int)'> (0x000000077e1c0a90) 
thrown [./src/hotspot/share/interpreter/linkResolver.cpp, line 758]
Event: 85.620 Thread 0x00007fbce800b000 Exception <a 'java/lang/IncompatibleClassChangeError'{0x000000077ddaa148}: Found class java.lang.Object, but interface was expected> (0x000000077ddaa148) 
thrown [./src/hotspot/share/interpreter/linkResolver.cpp, line 826]
Event: 85.691 Thread 0x00007fbce800b000 Exception <a 'java/lang/NoSuchMethodError'{0x000000077ddcb928}: 'void java.lang.invoke.DirectMethodHandle$Holder.invokeSpecialIFC(java.lang.Object, java.lang.Object, java.lang.Object, java.lang.Object)'> (0x000000077ddcb928) 
thrown [./src/hotspot/share/interpreter/linkResolver.cpp, line 758]

VM Operations (20 events):
Event: 88.320 Executing VM operation: Cleanup done
Event: 88.890 Executing VM operation: G1CollectForAllocation
Event: 88.992 Executing VM operation: G1CollectForAllocation done
Event: 89.208 Executing VM operation: HandshakeAllThreads
Event: 89.212 Executing VM operation: HandshakeAllThreads done
Event: 90.212 Executing VM operation: Cleanup
Event: 90.217 Executing VM operation: Cleanup done
Event: 90.488 Executing VM operation: G1PauseRemark
Event: 90.518 Executing VM operation: G1PauseRemark done
Event: 91.119 Executing VM operation: G1PauseCleanup
Event: 91.121 Executing VM operation: G1PauseCleanup done
Event: 91.488 Executing VM operation: G1CollectForAllocation
Event: 91.600 Executing VM operation: G1CollectForAllocation done
Event: 91.622 Executing VM operation: G1CollectForAllocation
Event: 91.712 Executing VM operation: G1CollectForAllocation done
Event: 91.991 Executing VM operation: HandshakeAllThreads
Event: 91.992 Executing VM operation: HandshakeAllThreads done
Event: 92.992 Executing VM operation: Cleanup
Event: 92.995 Executing VM operation: Cleanup done
Event: 93.384 Executing VM operation: G1CollectForAllocation

Memory protections (20 events):
Event: 53.202 Protecting memory [0x00007fbce45e7000,0x00007fbce45eb000] with protection modes 0
Event: 53.384 Protecting memory [0x00007fbce44e6000,0x00007fbce44ea000] with protection modes 0
Event: 53.887 Protecting memory [0x00007fbce43e5000,0x00007fbce43e9000] with protection modes 0
Event: 54.531 Protecting memory [0x00007fbce42e4000,0x00007fbce42e8000] with protection modes 0
Event: 54.679 Protecting memory [0x00007fbce41e3000,0x00007fbce41e7000] with protection modes 0
Event: 54.695 Protecting memory [0x00007fbce40e2000,0x00007fbce40e6000] with protection modes 0
Event: 54.823 Protecting memory [0x00007fbca2f00000,0x00007fbca2f04000] with protection modes 0
Event: 55.004 Protecting memory [0x00007fbca2dff000,0x00007fbca2e03000] with protection modes 0
Event: 56.915 Protecting memory [0x00007fbca26e6000,0x00007fbca26ea000] with protection modes 0
Event: 56.999 Protecting memory [0x00007fbca25e5000,0x00007fbca25e9000] with protection modes 0
Event: 57.221 Protecting memory [0x00007fbd14a99000,0x00007fbd14a9d000] with protection modes 0
Event: 57.283 Protecting memory [0x00007fbca29d1000,0x00007fbca29d5000] with protection modes 0
Event: 57.327 Protecting memory [0x00007fbca2cfe000,0x00007fbca2d02000] with protection modes 0
Event: 59.284 Protecting memory [0x00007fbca29d1000,0x00007fbca29d5000] with protection modes 0
Event: 59.298 Protecting memory [0x00007fbca2bfd000,0x00007fbca2c01000] with protection modes 0
Event: 59.311 Protecting memory [0x00007fbca2afc000,0x00007fbca2b00000] with protection modes 0
Event: 59.514 Protecting memory [0x00007fbca28d0000,0x00007fbca28d4000] with protection modes 0
Event: 59.521 Protecting memory [0x00007fbca24e4000,0x00007fbca24e8000] with protection modes 0
Event: 59.796 Protecting memory [0x00007fbca23e3000,0x00007fbca23e7000] with protection modes 0
Event: 60.687 Protecting memory [0x00007fbca22e2000,0x00007fbca22e6000] with protection modes 0

Nmethod flushes (20 events):
Event: 80.626 Thread 0x00007fbd100ce860 flushing  nmethod 0x00007fbcfb8f7710
Event: 80.626 Thread 0x00007fbd100ce860 flushing  nmethod 0x00007fbcfb8fc910
Event: 80.626 Thread 0x00007fbd100ce860 flushing  nmethod 0x00007fbcfb8fe910
Event: 80.626 Thread 0x00007fbd100ce860 flushing  nmethod 0x00007fbcfb8ff990
Event: 80.680 Thread 0x00007fbd100ce860 flushing osr nmethod 0x00007fbcfb929b10
Event: 80.680 Thread 0x00007fbd100ce860 flushing  nmethod 0x00007fbcfb941310
Event: 80.680 Thread 0x00007fbd100ce860 flushing  nmethod 0x00007fbcfb944710
Event: 80.680 Thread 0x00007fbd100ce860 flushing  nmethod 0x00007fbcfb949410
Event: 80.680 Thread 0x00007fbd100ce860 flushing  nmethod 0x00007fbcfb964e90
Event: 80.680 Thread 0x00007fbd100ce860 flushing  nmethod 0x00007fbcfb968590
Event: 80.680 Thread 0x00007fbd100ce860 flushing  nmethod 0x00007fbcfb977d10
Event: 80.680 Thread 0x00007fbd100ce860 flushing  nmethod 0x00007fbcfb979390
Event: 80.680 Thread 0x00007fbd100ce860 flushing  nmethod 0x00007fbcfb9a4890
Event: 80.680 Thread 0x00007fbd100ce860 flushing  nmethod 0x00007fbcfb9ad310
Event: 80.680 Thread 0x00007fbd100ce860 flushing  nmethod 0x00007fbcfb9aea10
Event: 80.680 Thread 0x00007fbd100ce860 flushing  nmethod 0x00007fbcfb9aee90
Event: 80.680 Thread 0x00007fbd100ce860 flushing  nmethod 0x00007fbcfb9b6990
Event: 80.681 Thread 0x00007fbd100ce860 flushing  nmethod 0x00007fbcfb9d9510
Event: 80.681 Thread 0x00007fbd100ce860 flushing  nmethod 0x00007fbcfb9d9d10
Event: 80.681 Thread 0x00007fbd100ce860 flushing  nmethod 0x00007fbcfba3ff90

Events (20 events):
Event: 53.883 Thread 0x00007fbcdb97f9f0 Thread added: 0x00007fbce803c660
Event: 54.531 Thread 0x00007fbcdb97f9f0 Thread added: 0x00007fbce804ae50
Event: 54.627 Thread 0x00007fbcdb97f9f0 Thread added: 0x00007fbce80557b0
Event: 54.689 Thread 0x00007fbcdb97f9f0 Thread added: 0x00007fbce804dc60
Event: 54.822 Thread 0x00007fbcdb97f9f0 Thread added: 0x00007fbce8050770
Event: 54.995 Thread 0x00007fbcdb97f9f0 Thread added: 0x00007fbce806dd70
Event: 56.913 Thread 0x00007fbcdb97f9f0 Thread added: 0x00007fbce819fd80
Event: 56.996 Thread 0x00007fbce800b000 Thread added: 0x00007fbcf00a4350
Event: 57.210 Thread 0x00007fbce819fd80 Thread added: 0x00007fbcf0192e50
Event: 57.282 Thread 0x00007fbce819fd80 Thread added: 0x00007fbcf01970f0
Event: 57.317 Thread 0x00007fbce800b000 Thread added: 0x00007fbcf0190320
Event: 58.985 Thread 0x00007fbcf01970f0 Thread exited: 0x00007fbcf01970f0
Event: 59.284 Thread 0x00007fbce819fd80 Thread added: 0x00007fbcf01d9750
Event: 59.298 Thread 0x00007fbce819fd80 Thread added: 0x00007fbcf01dfd40
Event: 59.310 Thread 0x00007fbce819fd80 Thread added: 0x00007fbcf01e1c10
Event: 59.514 Thread 0x00007fbce819fd80 Thread added: 0x00007fbcf01e9550
Event: 59.521 Thread 0x00007fbce819fd80 Thread added: 0x00007fbcf01ea080
Event: 59.796 Thread 0x00007fbcf01e9550 Thread added: 0x00007fbc8c009bd0
Event: 60.686 Thread 0x00007fbce800b000 Thread added: 0x00007fbcf0120d50
Event: 90.578 Thread 0x00007fbcf01dfd40 Thread exited: 0x00007fbcf01dfd40


Dynamic libraries:
760000000-784c00000 rw-p 00000000 00:00 0 
7b5e00000-7ff600000 ---p 00000000 00:00 0 
7ff600000-7ffd00000 rw-p 00000000 00:00 0 
7ffd00000-7ffd75000 rw-p 00c7a000 00:25 13853                            /usr/lib/jvm/java-17-openjdk-amd64/lib/server/classes.jsa
7ffd75000-7ffe00000 rw-p 00000000 00:00 0 
7ffe00000-7ffe78000 rw-p 00c02000 00:25 13853                            /usr/lib/jvm/java-17-openjdk-amd64/lib/server/classes.jsa
7ffe78000-800000000 rw-p 00000000 00:00 0 
555712e30000-555712e31000 r--p 00000000 00:25 13495                      /usr/lib/jvm/java-17-openjdk-amd64/bin/java
555712e31000-555712e32000 r-xp 00001000 00:25 13495                      /usr/lib/jvm/java-17-openjdk-amd64/bin/java
555712e32000-555712e33000 r--p 00002000 00:25 13495                      /usr/lib/jvm/java-17-openjdk-amd64/bin/java
555712e33000-555712e34000 r--p 00002000 00:25 13495                      /usr/lib/jvm/java-17-openjdk-amd64/bin/java
555712e34000-555712e35000 rw-p 00003000 00:25 13495                      /usr/lib/jvm/java-17-openjdk-amd64/bin/java
555713008000-5557130b7000 rw-p 00000000 00:00 0                          [heap]
7fbc6c000000-7fbc6c100000 rw-p 00000000 00:00 0 
7fbc6c100000-7fbc6c200000 rw-p 00000000 00:00 0 
7fbc6c200000-7fbc6c780000 rw-p 00000000 00:00 0 
7fbc6c780000-7fbc6c7f0000 rw-p 00000000 00:00 0 
7fbc6c7f0000-7fbc6c800000 ---p 00000000 00:00 0 
7fbc6c800000-7fbc6c820000 rw-p 00000000 00:00 0 
7fbc6c820000-7fbc6d5b0000 rw-p 00000000 00:00 0 
7fbc6d5b0000-7fbc70000000 ---p 00000000 00:00 0 
7fbc70000000-7fbc72100000 rw-p 00000000 00:00 0 
7fbc72100000-7fbc72200000 rw-p 00000000 00:00 0 
7fbc72200000-7fbc72380000 rw-p 00000000 00:00 0 
7fbc72380000-7fbc72400000 rw-p 00000000 00:00 0 
7fbc72400000-7fbc72780000 rw-p 00000000 00:00 0 
7fbc72780000-7fbc72900000 rw-p 00000000 00:00 0 
7fbc72900000-7fbc74000000 rw-p 00000000 00:00 0 
7fbc74511000-7fbc7c000000 r--s 00000000 00:25 13844                      /usr/lib/jvm/java-17-openjdk-amd64/lib/modules
7fbc7c000000-7fbc7d87d000 rw-p 00000000 00:00 0 
7fbc7d87d000-7fbc80000000 ---p 00000000 00:00 0 
7fbc80000000-7fbc8005b000 rw-p 00000000 00:00 0 
7fbc8005b000-7fbc84000000 ---p 00000000 00:00 0 
7fbc84000000-7fbc84021000 rw-p 00000000 00:00 0 
7fbc84021000-7fbc88000000 ---p 00000000 00:00 0 
7fbc88000000-7fbc8bb1a000 rw-p 00000000 00:00 0 
7fbc8bb1a000-7fbc8c000000 ---p 00000000 00:00 0 
7fbc8c000000-7fbc8c022000 rw-p 00000000 00:00 0 
7fbc8c022000-7fbc90000000 ---p 00000000 00:00 0 
7fbc90000000-7fbc90055000 rw-p 00000000 00:00 0 
7fbc90055000-7fbc94000000 ---p 00000000 00:00 0 
7fbc94000000-7fbc94053000 rw-p 00000000 00:00 0 
7fbc94053000-7fbc98000000 ---p 00000000 00:00 0 
7fbc98000000-7fbc9802c000 rw-p 00000000 00:00 0 
7fbc9802c000-7fbc9c000000 ---p 00000000 00:00 0 
7fbc9c000000-7fbc9c5aa000 rw-p 00000000 00:00 0 
7fbc9c5aa000-7fbca0000000 ---p 00000000 00:00 0 
7fbca22e1000-7fbca22e2000 ---p 00000000 00:00 0 
7fbca22e2000-7fbca22e6000 ---p 00000000 00:00 0 
7fbca22e6000-7fbca23e2000 rw-p 00000000 00:00 0 
7fbca23e2000-7fbca23e3000 ---p 00000000 00:00 0 
7fbca23e3000-7fbca23e7000 ---p 00000000 00:00 0 
7fbca23e7000-7fbca24e3000 rw-p 00000000 00:00 0 
7fbca24e3000-7fbca24e4000 ---p 00000000 00:00 0 
7fbca24e4000-7fbca24e8000 ---p 00000000 00:00 0 
7fbca24e8000-7fbca25e4000 rw-p 00000000 00:00 0 
7fbca25e4000-7fbca25e5000 ---p 00000000 00:00 0 
7fbca25e5000-7fbca25e9000 ---p 00000000 00:00 0 
7fbca25e9000-7fbca26e5000 rw-p 00000000 00:00 0 
7fbca26e5000-7fbca26e6000 ---p 00000000 00:00 0 
7fbca26e6000-7fbca26ea000 ---p 00000000 00:00 0 
7fbca26ea000-7fbca27e6000 rw-p 00000000 00:00 0 
7fbca28cf000-7fbca28d0000 ---p 00000000 00:00 0 
7fbca28d0000-7fbca28d4000 ---p 00000000 00:00 0 
7fbca28d4000-7fbca29d0000 rw-p 00000000 00:00 0 
7fbca29d0000-7fbca29d1000 ---p 00000000 00:00 0 
7fbca29d1000-7fbca29d5000 ---p 00000000 00:00 0 
7fbca29d5000-7fbca2ad1000 rw-p 00000000 00:00 0 
7fbca2afb000-7fbca2afc000 ---p 00000000 00:00 0 
7fbca2afc000-7fbca2b00000 ---p 00000000 00:00 0 
7fbca2b00000-7fbca2bfc000 rw-p 00000000 00:00 0 
7fbca2bfc000-7fbca2bfd000 ---p 00000000 00:00 0 
7fbca2bfd000-7fbca2c01000 ---p 00000000 00:00 0 
7fbca2c01000-7fbca2cfd000 rw-p 00000000 00:00 0 
7fbca2cfd000-7fbca2cfe000 ---p 00000000 00:00 0 
7fbca2cfe000-7fbca2d02000 ---p 00000000 00:00 0 
7fbca2d02000-7fbca2dfe000 rw-p 00000000 00:00 0 
7fbca2dfe000-7fbca2dff000 ---p 00000000 00:00 0 
7fbca2dff000-7fbca2e03000 ---p 00000000 00:00 0 
7fbca2e03000-7fbca2eff000 rw-p 00000000 00:00 0 
7fbca2eff000-7fbca2f00000 ---p 00000000 00:00 0 
7fbca2f00000-7fbca2f04000 ---p 00000000 00:00 0 
7fbca2f04000-7fbca3000000 rw-p 00000000 00:00 0 
7fbca3000000-7fbca3455000 rw-p 00001000 00:25 13853                      /usr/lib/jvm/java-17-openjdk-amd64/lib/server/classes.jsa
7fbca3455000-7fbca3bca000 rw-p 00456000 00:25 13853                      /usr/lib/jvm/java-17-openjdk-amd64/lib/server/classes.jsa
7fbca3bca000-7fbca4000000 ---p 00000000 00:00 0 
7fbca4000000-7fbca4040000 rw-p 00000000 00:00 0 
7fbca4040000-7fbca4080000 rw-p 00000000 00:00 0 
7fbca4080000-7fbca4140000 rw-p 00000000 00:00 0 
7fbca4140000-7fbca4180000 rw-p 00000000 00:00 0 
7fbca4180000-7fbca4440000 rw-p 00000000 00:00 0 
7fbca4440000-7fbca4640000 rw-p 00000000 00:00 0 
7fbca4640000-7fbca4680000 rw-p 00000000 00:00 0 
7fbca4680000-7fbca4f40000 rw-p 00000000 00:00 0 
7fbca4f40000-7fbca4f80000 rw-p 00000000 00:00 0 
7fbca4f80000-7fbca53c0000 rw-p 00000000 00:00 0 
7fbca53c0000-7fbca53f0000 rw-p 00000000 00:00 0 
7fbca53f0000-7fbca5400000 ---p 00000000 00:00 0 
7fbca5400000-7fbca56f0000 rw-p 00000000 00:00 0 
7fbca56f0000-7fbcd8000000 ---p 00000000 00:00 0 
7fbcd8000000-7fbcdb987000 rw-p 00000000 00:00 0 
7fbcdb987000-7fbcdc000000 ---p 00000000 00:00 0 
7fbcdc000000-7fbcdc400000 rw-p 00000000 00:00 0 
7fbcdc400000-7fbcdc800000 rw-p 00000000 00:00 0 
7fbcdc800000-7fbcdc900000 rw-p 00000000 00:00 0 
7fbcdc900000-7fbcdca00000 rw-p 00000000 00:00 0 
7fbcdca00000-7fbcdd600000 rw-p 00000000 00:00 0 
7fbcdd600000-7fbcdd7c0000 rw-p 00000000 00:00 0 
7fbcdd7c0000-7fbcdd900000 rw-p 00000000 00:00 0 
7fbcdd900000-7fbcddb00000 rw-p 00000000 00:00 0 
7fbcddb00000-7fbcddc00000 rw-p 00000000 00:00 0 
7fbcddc00000-7fbcde9c0000 rw-p 00000000 00:00 0 
7fbcde9c0000-7fbcdea00000 rw-p 00000000 00:00 0 
7fbcdea00000-7fbcdef80000 rw-p 00000000 00:00 0 
7fbcdef80000-7fbcdf000000 rw-p 00000000 00:00 0 
7fbcdf000000-7fbce0000000 rw-p 00000000 00:00 0 
7fbce0000000-7fbce004b000 rw-p 00000000 00:00 0 
7fbce004b000-7fbce4000000 ---p 00000000 00:00 0 
7fbce40e1000-7fbce40e2000 ---p 00000000 00:00 0 
7fbce40e2000-7fbce40e6000 ---p 00000000 00:00 0 
7fbce40e6000-7fbce41e2000 rw-p 00000000 00:00 0 
7fbce41e2000-7fbce41e3000 ---p 00000000 00:00 0 
7fbce41e3000-7fbce41e7000 ---p 00000000 00:00 0 
7fbce41e7000-7fbce42e3000 rw-p 00000000 00:00 0 
7fbce42e3000-7fbce42e4000 ---p 00000000 00:00 0 
7fbce42e4000-7fbce42e8000 ---p 00000000 00:00 0 
7fbce42e8000-7fbce43e4000 rw-p 00000000 00:00 0 
7fbce43e4000-7fbce43e5000 ---p 00000000 00:00 0 
7fbce43e5000-7fbce43e9000 ---p 00000000 00:00 0 
7fbce43e9000-7fbce44e5000 rw-p 00000000 00:00 0 
7fbce44e5000-7fbce44e6000 ---p 00000000 00:00 0 
7fbce44e6000-7fbce44ea000 ---p 00000000 00:00 0 
7fbce44ea000-7fbce45e6000 rw-p 00000000 00:00 0 
7fbce45e6000-7fbce45e7000 ---p 00000000 00:00 0 
7fbce45e7000-7fbce45eb000 ---p 00000000 00:00 0 
7fbce45eb000-7fbce46e7000 rw-p 00000000 00:00 0 
7fbce46e7000-7fbce46e8000 ---p 00000000 00:00 0 
7fbce46e8000-7fbce46ec000 ---p 00000000 00:00 0 
7fbce46ec000-7fbce47e8000 rw-p 00000000 00:00 0 
7fbce47e8000-7fbce47e9000 ---p 00000000 00:00 0 
7fbce47e9000-7fbce47ed000 ---p 00000000 00:00 0 
7fbce47ed000-7fbce48e9000 rw-p 00000000 00:00 0 
7fbce48e9000-7fbce48ea000 ---p 00000000 00:00 0 
7fbce48ea000-7fbce48ee000 ---p 00000000 00:00 0 
7fbce48ee000-7fbce49ea000 rw-p 00000000 00:00 0 
7fbce49ea000-7fbce49eb000 ---p 00000000 00:00 0 
7fbce49eb000-7fbce49ef000 ---p 00000000 00:00 0 
7fbce49ef000-7fbce4aeb000 rw-p 00000000 00:00 0 
7fbce4aeb000-7fbce4aec000 ---p 00000000 00:00 0 
7fbce4aec000-7fbce4af0000 ---p 00000000 00:00 0 
7fbce4af0000-7fbce4bec000 rw-p 00000000 00:00 0 
7fbce4bec000-7fbce4bed000 ---p 00000000 00:00 0 
7fbce4bed000-7fbce4bf1000 ---p 00000000 00:00 0 
7fbce4bf1000-7fbce4ced000 rw-p 00000000 00:00 0 
7fbce4ced000-7fbce4cee000 ---p 00000000 00:00 0 
7fbce4cee000-7fbce4cf2000 ---p 00000000 00:00 0 
7fbce4cf2000-7fbce4dee000 rw-p 00000000 00:00 0 
7fbce4dee000-7fbce4def000 ---p 00000000 00:00 0 
7fbce4def000-7fbce4df3000 ---p 00000000 00:00 0 
7fbce4df3000-7fbce4eef000 rw-p 00000000 00:00 0 
7fbce4eef000-7fbce4ef0000 ---p 00000000 00:00 0 
7fbce4ef0000-7fbce4ef4000 ---p 00000000 00:00 0 
7fbce4ef4000-7fbce4ff0000 rw-p 00000000 00:00 0 
7fbce4ff0000-7fbce4ff1000 ---p 00000000 00:00 0 
7fbce4ff1000-7fbce4ff5000 ---p 00000000 00:00 0 
7fbce4ff5000-7fbce50f1000 rw-p 00000000 00:00 0 
7fbce50f1000-7fbce50f2000 ---p 00000000 00:00 0 
7fbce50f2000-7fbce50f6000 ---p 00000000 00:00 0 
7fbce50f6000-7fbce51f2000 rw-p 00000000 00:00 0 
7fbce51f2000-7fbce51f3000 ---p 00000000 00:00 0 
7fbce51f3000-7fbce52f3000 rw-p 00000000 00:00 0 
7fbce52f3000-7fbce52f4000 ---p 00000000 00:00 0 
7fbce52f4000-7fbce52f8000 ---p 00000000 00:00 0 
7fbce52f8000-7fbce53f4000 rw-p 00000000 00:00 0 
7fbce53f4000-7fbce53f5000 ---p 00000000 00:00 0 
7fbce53f5000-7fbce53f9000 ---p 00000000 00:00 0 
7fbce53f9000-7fbce54f5000 rw-p 00000000 00:00 0 
7fbce54f5000-7fbce54f6000 ---p 00000000 00:00 0 
7fbce54f6000-7fbce54fa000 ---p 00000000 00:00 0 
7fbce54fa000-7fbce55f6000 rw-p 00000000 00:00 0 
7fbce55f6000-7fbce55f7000 ---p 00000000 00:00 0 
7fbce55f7000-7fbce55fb000 ---p 00000000 00:00 0 
7fbce55fb000-7fbce56f7000 rw-p 00000000 00:00 0 
7fbce56f7000-7fbce56f8000 ---p 00000000 00:00 0 
7fbce56f8000-7fbce56fc000 ---p 00000000 00:00 0 
7fbce56fc000-7fbce57f8000 rw-p 00000000 00:00 0 
7fbce57f8000-7fbce57f9000 ---p 00000000 00:00 0 
7fbce57f9000-7fbce57fd000 ---p 00000000 00:00 0 
7fbce57fd000-7fbce58f9000 rw-p 00000000 00:00 0 
7fbce58f9000-7fbce58fa000 ---p 00000000 00:00 0 
7fbce58fa000-7fbce58fe000 ---p 00000000 00:00 0 
7fbce58fe000-7fbce59fa000 rw-p 00000000 00:00 0 
7fbce59fa000-7fbce59fb000 ---p 00000000 00:00 0 
7fbce59fb000-7fbce59ff000 ---p 00000000 00:00 0 
7fbce59ff000-7fbce5afb000 rw-p 00000000 00:00 0 
7fbce5afb000-7fbce5afc000 ---p 00000000 00:00 0 
7fbce5afc000-7fbce5b00000 ---p 00000000 00:00 0 
7fbce5b00000-7fbce5bfc000 rw-p 00000000 00:00 0 
7fbce5bfc000-7fbce5bfd000 ---p 00000000 00:00 0 
7fbce5bfd000-7fbce5c01000 ---p 00000000 00:00 0 
7fbce5c01000-7fbce5cfd000 rw-p 00000000 00:00 0 
7fbce5cfd000-7fbce5cfe000 ---p 00000000 00:00 0 
7fbce5cfe000-7fbce5d02000 ---p 00000000 00:00 0 
7fbce5d02000-7fbce5dfe000 rw-p 00000000 00:00 0 
7fbce5dfe000-7fbce5dff000 ---p 00000000 00:00 0 
7fbce5dff000-7fbce5e03000 ---p 00000000 00:00 0 
7fbce5e03000-7fbce5eff000 rw-p 00000000 00:00 0 
7fbce5eff000-7fbce5f00000 ---p 00000000 00:00 0 
7fbce5f00000-7fbce5f04000 ---p 00000000 00:00 0 
7fbce5f04000-7fbce8000000 rw-p 00000000 00:00 0 
7fbce8000000-7fbce8204000 rw-p 00000000 00:00 0 
7fbce8204000-7fbcec000000 ---p 00000000 00:00 0 
7fbcec000000-7fbcec08a000 rw-p 00000000 00:00 0 
7fbcec08a000-7fbcf0000000 ---p 00000000 00:00 0 
7fbcf0000000-7fbcf048c000 rw-p 00000000 00:00 0 
7fbcf048c000-7fbcf4000000 ---p 00000000 00:00 0 
7fbcf400c000-7fbcf400d000 ---p 00000000 00:00 0 
7fbcf400d000-7fbcf4011000 ---p 00000000 00:00 0 
7fbcf4011000-7fbcf410d000 rw-p 00000000 00:00 0 
7fbcf410d000-7fbcf410e000 ---p 00000000 00:00 0 
7fbcf410e000-7fbcf4112000 ---p 00000000 00:00 0 
7fbcf4112000-7fbcf420e000 rw-p 00000000 00:00 0 
7fbcf420e000-7fbcf420f000 ---p 00000000 00:00 0 
7fbcf420f000-7fbcf4213000 ---p 00000000 00:00 0 
7fbcf4213000-7fbcf430f000 rw-p 00000000 00:00 0 
7fbcf430f000-7fbcf4310000 ---p 00000000 00:00 0 
7fbcf4310000-7fbcf4314000 ---p 00000000 00:00 0 
7fbcf4314000-7fbcf4410000 rw-p 00000000 00:00 0 
7fbcf4410000-7fbcf4411000 ---p 00000000 00:00 0 
7fbcf4411000-7fbcf4415000 ---p 00000000 00:00 0 
7fbcf4415000-7fbcf4e41000 rw-p 00000000 00:00 0 
7fbcf4e41000-7fbcf6ce9000 ---p 00000000 00:00 0 
7fbcf6ce9000-7fbcf7641000 rw-p 00000000 00:00 0 
7fbcf7641000-7fbcf94e9000 ---p 00000000 00:00 0 
7fbcf94e9000-7fbcf9511000 rw-p 00000000 00:00 0 
7fbcf9511000-7fbcfc461000 rwxp 00000000 00:00 0 
7fbcfc461000-7fbd00a49000 ---p 00000000 00:00 0 
7fbd00a49000-7fbd00cb9000 rwxp 00000000 00:00 0 
7fbd00cb9000-7fbd00fd8000 ---p 00000000 00:00 0 
7fbd00fd8000-7fbd01958000 rwxp 00000000 00:00 0 
7fbd01958000-7fbd08511000 ---p 00000000 00:00 0 
7fbd08511000-7fbd10000000 r--s 00000000 00:25 13844                      /usr/lib/jvm/java-17-openjdk-amd64/lib/modules
7fbd10000000-7fbd113b9000 rw-p 00000000 00:00 0 
7fbd113b9000-7fbd14000000 ---p 00000000 00:00 0 
7fbd140fd000-7fbd140fe000 ---p 00000000 00:00 0 
7fbd140fe000-7fbd14102000 ---p 00000000 00:00 0 
7fbd14102000-7fbd141fe000 rw-p 00000000 00:00 0 
7fbd141fe000-7fbd141ff000 ---p 00000000 00:00 0 
7fbd141ff000-7fbd14203000 ---p 00000000 00:00 0 
7fbd14203000-7fbd142ff000 rw-p 00000000 00:00 0 
7fbd142ff000-7fbd14300000 ---p 00000000 00:00 0 
7fbd14300000-7fbd14304000 ---p 00000000 00:00 0 
7fbd14304000-7fbd14400000 rw-p 00000000 00:00 0 
7fbd14400000-7fbd14453000 r-xp 00000000 fe:00 141254                     /root/.gradle/native/100fb08df4bc3b14c8652ba06237920a3bd2aa13389f12d3474272988ae205f9/linux-amd64/libnative-platform-file-events.so
7fbd14453000-7fbd14652000 ---p 00053000 fe:00 141254                     /root/.gradle/native/100fb08df4bc3b14c8652ba06237920a3bd2aa13389f12d3474272988ae205f9/linux-amd64/libnative-platform-file-events.so
7fbd14652000-7fbd14653000 r--p 00052000 fe:00 141254                     /root/.gradle/native/100fb08df4bc3b14c8652ba06237920a3bd2aa13389f12d3474272988ae205f9/linux-amd64/libnative-platform-file-events.so
7fbd14653000-7fbd14655000 rw-p 00053000 fe:00 141254                     /root/.gradle/native/100fb08df4bc3b14c8652ba06237920a3bd2aa13389f12d3474272988ae205f9/linux-amd64/libnative-platform-file-events.so
7fbd146ff000-7fbd14700000 ---p 00000000 00:00 0 
7fbd14700000-7fbd14704000 ---p 00000000 00:00 0 
7fbd14704000-7fbd14800000 rw-p 00000000 00:00 0 
7fbd14800000-7fbd14805000 r-xp 00000000 fe:00 141225                     /root/.gradle/native/c067742578af261105cb4f569cf0c3c89f3d7b1fecec35dd04571415982c5e48/linux-amd64/libnative-platform.so
7fbd14805000-7fbd14a05000 ---p 00005000 fe:00 141225                     /root/.gradle/native/c067742578af261105cb4f569cf0c3c89f3d7b1fecec35dd04571415982c5e48/linux-amd64/libnative-platform.so
7fbd14a05000-7fbd14a06000 r--p 00005000 fe:00 141225                     /root/.gradle/native/c067742578af261105cb4f569cf0c3c89f3d7b1fecec35dd04571415982c5e48/linux-amd64/libnative-platform.so
7fbd14a06000-7fbd14a07000 rw-p 00006000 fe:00 141225                     /root/.gradle/native/c067742578af261105cb4f569cf0c3c89f3d7b1fecec35dd04571415982c5e48/linux-amd64/libnative-platform.so
7fbd14a93000-7fbd14a94000 r--p 00000000 00:25 13837                      /usr/lib/jvm/java-17-openjdk-amd64/lib/librmi.so
7fbd14a94000-7fbd14a95000 r-xp 00001000 00:25 13837                      /usr/lib/jvm/java-17-openjdk-amd64/lib/librmi.so
7fbd14a95000-7fbd14a96000 r--p 00002000 00:25 13837                      /usr/lib/jvm/java-17-openjdk-amd64/lib/librmi.so
7fbd14a96000-7fbd14a97000 r--p 00002000 00:25 13837                      /usr/lib/jvm/java-17-openjdk-amd64/lib/librmi.so
7fbd14a97000-7fbd14a98000 rw-p 00003000 00:25 13837                      /usr/lib/jvm/java-17-openjdk-amd64/lib/librmi.so
7fbd14a98000-7fbd14a99000 ---p 00000000 00:00 0 
7fbd14a99000-7fbd14a9d000 ---p 00000000 00:00 0 
7fbd14a9d000-7fbd14abb000 rw-p 00000000 00:00 0 
7fbd14abb000-7fbd14abc000 r--p 00000000 00:25 13813                      /usr/lib/jvm/java-17-openjdk-amd64/lib/libextnet.so
7fbd14abc000-7fbd14abd000 r-xp 00001000 00:25 13813                      /usr/lib/jvm/java-17-openjdk-amd64/lib/libextnet.so
7fbd14abd000-7fbd14abe000 r--p 00002000 00:25 13813                      /usr/lib/jvm/java-17-openjdk-amd64/lib/libextnet.so
7fbd14abe000-7fbd14abf000 r--p 00002000 00:25 13813                      /usr/lib/jvm/java-17-openjdk-amd64/lib/libextnet.so
7fbd14abf000-7fbd14ac0000 rw-p 00003000 00:25 13813                      /usr/lib/jvm/java-17-openjdk-amd64/lib/libextnet.so
7fbd14ac0000-7fbd14ac2000 r--p 00000000 00:25 13832                      /usr/lib/jvm/java-17-openjdk-amd64/lib/libmanagement_ext.so
7fbd14ac2000-7fbd14ac5000 r-xp 00002000 00:25 13832                      /usr/lib/jvm/java-17-openjdk-amd64/lib/libmanagement_ext.so
7fbd14ac5000-7fbd14ac6000 r--p 00005000 00:25 13832                      /usr/lib/jvm/java-17-openjdk-amd64/lib/libmanagement_ext.so
7fbd14ac6000-7fbd14ac7000 r--p 00006000 00:25 13832                      /usr/lib/jvm/java-17-openjdk-amd64/lib/libmanagement_ext.so
7fbd14ac7000-7fbd14ac8000 rw-p 00007000 00:25 13832                      /usr/lib/jvm/java-17-openjdk-amd64/lib/libmanagement_ext.so
7fbd14ac8000-7fbd14ac9000 r--p 00000000 00:25 18162                      /usr/lib/x86_64-linux-gnu/libpthread.so.0
7fbd14ac9000-7fbd14aca000 r-xp 00001000 00:25 18162                      /usr/lib/x86_64-linux-gnu/libpthread.so.0
7fbd14aca000-7fbd14acb000 r--p 00002000 00:25 18162                      /usr/lib/x86_64-linux-gnu/libpthread.so.0
7fbd14acb000-7fbd14acc000 r--p 00002000 00:25 18162                      /usr/lib/x86_64-linux-gnu/libpthread.so.0
7fbd14acc000-7fbd14acd000 rw-p 00003000 00:25 18162                      /usr/lib/x86_64-linux-gnu/libpthread.so.0
7fbd14acd000-7fbd14ad1000 r--p 00000000 00:25 13842                      /usr/lib/jvm/java-17-openjdk-amd64/lib/libverify.so
7fbd14ad1000-7fbd14ad8000 r-xp 00004000 00:25 13842                      /usr/lib/jvm/java-17-openjdk-amd64/lib/libverify.so
7fbd14ad8000-7fbd14ada000 r--p 0000b000 00:25 13842                      /usr/lib/jvm/java-17-openjdk-amd64/lib/libverify.so
7fbd14ada000-7fbd14adc000 r--p 0000c000 00:25 13842                      /usr/lib/jvm/java-17-openjdk-amd64/lib/libverify.so
7fbd14adc000-7fbd14add000 rw-p 0000e000 00:25 13842                      /usr/lib/jvm/java-17-openjdk-amd64/lib/libverify.so
7fbd14add000-7fbd14ade000 ---p 00000000 00:00 0 
7fbd14ade000-7fbd14bde000 rw-p 00000000 00:00 0 
7fbd14bde000-7fbd14bdf000 ---p 00000000 00:00 0 
7fbd14bdf000-7fbd14cdf000 rw-p 00000000 00:00 0 
7fbd14cdf000-7fbd14ce0000 ---p 00000000 00:00 0 
7fbd14ce0000-7fbd14ce4000 ---p 00000000 00:00 0 
7fbd14ce4000-7fbd14de0000 rw-p 00000000 00:00 0 
7fbd14de0000-7fbd14de4000 r--p 00000000 00:25 13834                      /usr/lib/jvm/java-17-openjdk-amd64/lib/libnet.so
7fbd14de4000-7fbd14df2000 r-xp 00004000 00:25 13834                      /usr/lib/jvm/java-17-openjdk-amd64/lib/libnet.so
7fbd14df2000-7fbd14df6000 r--p 00012000 00:25 13834                      /usr/lib/jvm/java-17-openjdk-amd64/lib/libnet.so
7fbd14df6000-7fbd14df7000 r--p 00015000 00:25 13834                      /usr/lib/jvm/java-17-openjdk-amd64/lib/libnet.so
7fbd14df7000-7fbd14df8000 rw-p 00016000 00:25 13834                      /usr/lib/jvm/java-17-openjdk-amd64/lib/libnet.so
7fbd14df8000-7fbd14df9000 ---p 00000000 00:00 0 
7fbd14df9000-7fbd14dfd000 ---p 00000000 00:00 0 
7fbd14dfd000-7fbd14ef9000 rw-p 00000000 00:00 0 
7fbd14ef9000-7fbd14efa000 ---p 00000000 00:00 0 
7fbd14efa000-7fbd14efe000 ---p 00000000 00:00 0 
7fbd14efe000-7fbd14ffa000 rw-p 00000000 00:00 0 
7fbd14ffa000-7fbd14ffb000 ---p 00000000 00:00 0 
7fbd14ffb000-7fbd14fff000 ---p 00000000 00:00 0 
7fbd14fff000-7fbd150fb000 rw-p 00000000 00:00 0 
7fbd150fb000-7fbd150fc000 ---p 00000000 00:00 0 
7fbd150fc000-7fbd15100000 ---p 00000000 00:00 0 
7fbd15100000-7fbd151fc000 rw-p 00000000 00:00 0 
7fbd151fc000-7fbd151fd000 ---p 00000000 00:00 0 
7fbd151fd000-7fbd15201000 ---p 00000000 00:00 0 
7fbd15201000-7fbd152fd000 rw-p 00000000 00:00 0 
7fbd152fd000-7fbd152fe000 ---p 00000000 00:00 0 
7fbd152fe000-7fbd15302000 ---p 00000000 00:00 0 
7fbd15302000-7fbd153fe000 rw-p 00000000 00:00 0 
7fbd153fe000-7fbd153ff000 ---p 00000000 00:00 0 
7fbd153ff000-7fbd15403000 ---p 00000000 00:00 0 
7fbd15403000-7fbd154ff000 rw-p 00000000 00:00 0 
7fbd154ff000-7fbd15556000 r--p 00000000 00:25 13893                      /usr/lib/locale/C.utf8/LC_CTYPE
7fbd15556000-7fbd15557000 ---p 00000000 00:00 0 
7fbd15557000-7fbd1555b000 ---p 00000000 00:00 0 
7fbd1555b000-7fbd15657000 rw-p 00000000 00:00 0 
7fbd15657000-7fbd15658000 ---p 00000000 00:00 0 
7fbd15658000-7fbd1565c000 ---p 00000000 00:00 0 
7fbd1565c000-7fbd15758000 rw-p 00000000 00:00 0 
7fbd15758000-7fbd15759000 ---p 00000000 00:00 0 
7fbd15759000-7fbd15859000 rw-p 00000000 00:00 0 
7fbd15859000-7fbd1585e000 r--p 00000000 00:25 13828                      /usr/lib/jvm/java-17-openjdk-amd64/lib/libjsvml.so
7fbd1585e000-7fbd1589f000 r-xp 00005000 00:25 13828                      /usr/lib/jvm/java-17-openjdk-amd64/lib/libjsvml.so
7fbd1589f000-7fbd15928000 r--p 00046000 00:25 13828                      /usr/lib/jvm/java-17-openjdk-amd64/lib/libjsvml.so
7fbd15928000-7fbd15929000 r--p 000ce000 00:25 13828                      /usr/lib/jvm/java-17-openjdk-amd64/lib/libjsvml.so
7fbd15929000-7fbd1592a000 rw-p 000cf000 00:25 13828                      /usr/lib/jvm/java-17-openjdk-amd64/lib/libjsvml.so
7fbd1592a000-7fbd15a47000 rw-p 00000000 00:00 0 
7fbd15a4a000-7fbd15a4c000 r--p 00000000 00:25 13830                      /usr/lib/jvm/java-17-openjdk-amd64/lib/libmanagement.so
7fbd15a4c000-7fbd15a4d000 r-xp 00002000 00:25 13830                      /usr/lib/jvm/java-17-openjdk-amd64/lib/libmanagement.so
7fbd15a4d000-7fbd15a4e000 r--p 00003000 00:25 13830                      /usr/lib/jvm/java-17-openjdk-amd64/lib/libmanagement.so
7fbd15a4e000-7fbd15a4f000 r--p 00003000 00:25 13830                      /usr/lib/jvm/java-17-openjdk-amd64/lib/libmanagement.so
7fbd15a4f000-7fbd15a50000 rw-p 00004000 00:25 13830                      /usr/lib/jvm/java-17-openjdk-amd64/lib/libmanagement.so
7fbd15a50000-7fbd15a57000 r--p 00000000 00:25 13835                      /usr/lib/jvm/java-17-openjdk-amd64/lib/libnio.so
7fbd15a57000-7fbd15a60000 r-xp 00007000 00:25 13835                      /usr/lib/jvm/java-17-openjdk-amd64/lib/libnio.so
7fbd15a60000-7fbd15a64000 r--p 00010000 00:25 13835                      /usr/lib/jvm/java-17-openjdk-amd64/lib/libnio.so
7fbd15a64000-7fbd15a65000 r--p 00014000 00:25 13835                      /usr/lib/jvm/java-17-openjdk-amd64/lib/libnio.so
7fbd15a65000-7fbd15a66000 rw-p 00015000 00:25 13835                      /usr/lib/jvm/java-17-openjdk-amd64/lib/libnio.so
7fbd15a66000-7fbd15a68000 r--p 00000000 00:25 13843                      /usr/lib/jvm/java-17-openjdk-amd64/lib/libzip.so
7fbd15a68000-7fbd15a6c000 r-xp 00002000 00:25 13843                      /usr/lib/jvm/java-17-openjdk-amd64/lib/libzip.so
7fbd15a6c000-7fbd15a6e000 r--p 00006000 00:25 13843                      /usr/lib/jvm/java-17-openjdk-amd64/lib/libzip.so
7fbd15a6e000-7fbd15a6f000 r--p 00007000 00:25 13843                      /usr/lib/jvm/java-17-openjdk-amd64/lib/libzip.so
7fbd15a6f000-7fbd15a70000 rw-p 00008000 00:25 13843                      /usr/lib/jvm/java-17-openjdk-amd64/lib/libzip.so
7fbd15a70000-7fbd15a71000 r--p 00000000 00:25 13899                      /usr/lib/locale/C.utf8/LC_NUMERIC
7fbd15a71000-7fbd15a72000 r--p 00000000 00:25 13902                      /usr/lib/locale/C.utf8/LC_TIME
7fbd15a72000-7fbd15a73000 r--p 00000000 00:25 13892                      /usr/lib/locale/C.utf8/LC_COLLATE
7fbd15a73000-7fbd15a74000 r--p 00000000 00:25 13897                      /usr/lib/locale/C.utf8/LC_MONETARY
7fbd15a74000-7fbd15a75000 r--p 00000000 00:25 13896                      /usr/lib/locale/C.utf8/LC_MESSAGES/SYS_LC_MESSAGES
7fbd15a75000-7fbd15a76000 r--p 00000000 00:25 13900                      /usr/lib/locale/C.utf8/LC_PAPER
7fbd15a76000-7fbd15a77000 r--p 00000000 00:25 13898                      /usr/lib/locale/C.utf8/LC_NAME
7fbd15a77000-7fbd15a7e000 r--s 00000000 00:25 17585                      /usr/lib/x86_64-linux-gnu/gconv/gconv-modules.cache
7fbd15a7e000-7fbd15a7f000 ---p 00000000 00:00 0 
7fbd15a7f000-7fbd15b7f000 rw-p 00000000 00:00 0 
7fbd15b7f000-7fbd15b80000 ---p 00000000 00:00 0 
7fbd15b80000-7fbd15e82000 rw-p 00000000 00:00 0 
7fbd15e82000-7fbd15e83000 ---p 00000000 00:00 0 
7fbd15e83000-7fbd15f83000 rw-p 00000000 00:00 0 
7fbd15f83000-7fbd15f84000 ---p 00000000 00:00 0 
7fbd15f84000-7fbd16084000 rw-p 00000000 00:00 0 
7fbd16084000-7fbd16085000 ---p 00000000 00:00 0 
7fbd16085000-7fbd162d6000 rw-p 00000000 00:00 0 
7fbd162d6000-7fbd166ab000 ---p 00000000 00:00 0 
7fbd166ab000-7fbd167d6000 rw-p 00000000 00:00 0 
7fbd167d6000-7fbd16bab000 ---p 00000000 00:00 0 
7fbd16bab000-7fbd16cd6000 rw-p 00000000 00:00 0 
7fbd16cd6000-7fbd170ab000 ---p 00000000 00:00 0 
7fbd170ab000-7fbd172c5000 rw-p 00000000 00:00 0 
7fbd172c5000-7fbd1739d000 ---p 00000000 00:00 0 
7fbd1739d000-7fbd173fc000 rw-p 00000000 00:00 0 
7fbd173fc000-7fbd17488000 ---p 00000000 00:00 0 
7fbd17488000-7fbd1748d000 rw-p 00000000 00:00 0 
7fbd1748d000-7fbd17494000 ---p 00000000 00:00 0 
7fbd17494000-7fbd1749c000 rw-s 00000000 fe:00 147899                     /tmp/hsperfdata_root/1970
7fbd1749c000-7fbd174a8000 r--p 00000000 00:25 13820                      /usr/lib/jvm/java-17-openjdk-amd64/lib/libjava.so
7fbd174a8000-7fbd174b9000 r-xp 0000c000 00:25 13820                      /usr/lib/jvm/java-17-openjdk-amd64/lib/libjava.so
7fbd174b9000-7fbd174bf000 r--p 0001d000 00:25 13820                      /usr/lib/jvm/java-17-openjdk-amd64/lib/libjava.so
7fbd174bf000-7fbd174c0000 r--p 00022000 00:25 13820                      /usr/lib/jvm/java-17-openjdk-amd64/lib/libjava.so
7fbd174c0000-7fbd174c1000 rw-p 00023000 00:25 13820                      /usr/lib/jvm/java-17-openjdk-amd64/lib/libjava.so
7fbd174c1000-7fbd174c2000 rw-p 00000000 00:00 0 
7fbd174c2000-7fbd174c3000 r--p 00000000 00:25 13815                      /usr/lib/jvm/java-17-openjdk-amd64/lib/libinstrument.so
7fbd174c3000-7fbd174c9000 r-xp 00001000 00:25 13815                      /usr/lib/jvm/java-17-openjdk-amd64/lib/libinstrument.so
7fbd174c9000-7fbd174cc000 r--p 00007000 00:25 13815                      /usr/lib/jvm/java-17-openjdk-amd64/lib/libinstrument.so
7fbd174cc000-7fbd174cd000 r--p 00009000 00:25 13815                      /usr/lib/jvm/java-17-openjdk-amd64/lib/libinstrument.so
7fbd174cd000-7fbd174ce000 rw-p 0000a000 00:25 13815                      /usr/lib/jvm/java-17-openjdk-amd64/lib/libinstrument.so
7fbd174ce000-7fbd174d0000 r--p 00000000 00:25 13824                      /usr/lib/jvm/java-17-openjdk-amd64/lib/libjimage.so
7fbd174d0000-7fbd174d3000 r-xp 00002000 00:25 13824                      /usr/lib/jvm/java-17-openjdk-amd64/lib/libjimage.so
7fbd174d3000-7fbd174d4000 r--p 00005000 00:25 13824                      /usr/lib/jvm/java-17-openjdk-amd64/lib/libjimage.so
7fbd174d4000-7fbd174d5000 r--p 00006000 00:25 13824                      /usr/lib/jvm/java-17-openjdk-amd64/lib/libjimage.so
7fbd174d5000-7fbd174d6000 rw-p 00007000 00:25 13824                      /usr/lib/jvm/java-17-openjdk-amd64/lib/libjimage.so
7fbd174d6000-7fbd174da000 ---p 00000000 00:00 0 
7fbd174da000-7fbd175d6000 rw-p 00000000 00:00 0 
7fbd175d6000-7fbd175d9000 r--p 00000000 00:25 17971                      /usr/lib/x86_64-linux-gnu/libgcc_s.so.1
7fbd175d9000-7fbd175f0000 r-xp 00003000 00:25 17971                      /usr/lib/x86_64-linux-gnu/libgcc_s.so.1
7fbd175f0000-7fbd175f4000 r--p 0001a000 00:25 17971                      /usr/lib/x86_64-linux-gnu/libgcc_s.so.1
7fbd175f4000-7fbd175f5000 r--p 0001d000 00:25 17971                      /usr/lib/x86_64-linux-gnu/libgcc_s.so.1
7fbd175f5000-7fbd175f6000 rw-p 0001e000 00:25 17971                      /usr/lib/x86_64-linux-gnu/libgcc_s.so.1
7fbd175f6000-7fbd17606000 r--p 00000000 00:25 18072                      /usr/lib/x86_64-linux-gnu/libm.so.6
7fbd17606000-7fbd1767a000 r-xp 00010000 00:25 18072                      /usr/lib/x86_64-linux-gnu/libm.so.6
7fbd1767a000-7fbd176d4000 r--p 00084000 00:25 18072                      /usr/lib/x86_64-linux-gnu/libm.so.6
7fbd176d4000-7fbd176d5000 r--p 000dd000 00:25 18072                      /usr/lib/x86_64-linux-gnu/libm.so.6
7fbd176d5000-7fbd176d6000 rw-p 000de000 00:25 18072                      /usr/lib/x86_64-linux-gnu/libm.so.6
7fbd176d6000-7fbd1776f000 r--p 00000000 00:25 18239                      /usr/lib/x86_64-linux-gnu/libstdc++.so.6.0.30
7fbd1776f000-7fbd17870000 r-xp 00099000 00:25 18239                      /usr/lib/x86_64-linux-gnu/libstdc++.so.6.0.30
7fbd17870000-7fbd178df000 r--p 0019a000 00:25 18239                      /usr/lib/x86_64-linux-gnu/libstdc++.so.6.0.30
7fbd178df000-7fbd178ea000 r--p 00209000 00:25 18239                      /usr/lib/x86_64-linux-gnu/libstdc++.so.6.0.30
7fbd178ea000-7fbd178ed000 rw-p 00214000 00:25 18239                      /usr/lib/x86_64-linux-gnu/libstdc++.so.6.0.30
7fbd178ed000-7fbd178f0000 rw-p 00000000 00:00 0 
7fbd178f0000-7fbd17b41000 r--p 00000000 00:25 13856                      /usr/lib/jvm/java-17-openjdk-amd64/lib/server/libjvm.so
7fbd17b41000-7fbd18893000 r-xp 00251000 00:25 13856                      /usr/lib/jvm/java-17-openjdk-amd64/lib/server/libjvm.so
7fbd18893000-7fbd18b15000 r--p 00fa3000 00:25 13856                      /usr/lib/jvm/java-17-openjdk-amd64/lib/server/libjvm.so
7fbd18b15000-7fbd18bcd000 r--p 01225000 00:25 13856                      /usr/lib/jvm/java-17-openjdk-amd64/lib/server/libjvm.so
7fbd18bcd000-7fbd18c02000 rw-p 012dd000 00:25 13856                      /usr/lib/jvm/java-17-openjdk-amd64/lib/server/libjvm.so
7fbd18c02000-7fbd18c5e000 rw-p 00000000 00:00 0 
7fbd18c5e000-7fbd18c84000 r--p 00000000 00:25 17860                      /usr/lib/x86_64-linux-gnu/libc.so.6
7fbd18c84000-7fbd18dda000 r-xp 00026000 00:25 17860                      /usr/lib/x86_64-linux-gnu/libc.so.6
7fbd18dda000-7fbd18e2d000 r--p 0017c000 00:25 17860                      /usr/lib/x86_64-linux-gnu/libc.so.6
7fbd18e2d000-7fbd18e31000 r--p 001cf000 00:25 17860                      /usr/lib/x86_64-linux-gnu/libc.so.6
7fbd18e31000-7fbd18e33000 rw-p 001d3000 00:25 17860                      /usr/lib/x86_64-linux-gnu/libc.so.6
7fbd18e33000-7fbd18e40000 rw-p 00000000 00:00 0 
7fbd18e40000-7fbd18e42000 r--p 00000000 00:25 13825                      /usr/lib/jvm/java-17-openjdk-amd64/lib/libjli.so
7fbd18e42000-7fbd18e4b000 r-xp 00002000 00:25 13825                      /usr/lib/jvm/java-17-openjdk-amd64/lib/libjli.so
7fbd18e4b000-7fbd18e4e000 r--p 0000b000 00:25 13825                      /usr/lib/jvm/java-17-openjdk-amd64/lib/libjli.so
7fbd18e4e000-7fbd18e4f000 r--p 0000d000 00:25 13825                      /usr/lib/jvm/java-17-openjdk-amd64/lib/libjli.so
7fbd18e4f000-7fbd18e50000 rw-p 0000e000 00:25 13825                      /usr/lib/jvm/java-17-openjdk-amd64/lib/libjli.so
7fbd18e50000-7fbd18e53000 r--p 00000000 00:25 1006                       /usr/lib/x86_64-linux-gnu/libz.so.1.2.13
7fbd18e53000-7fbd18e66000 r-xp 00003000 00:25 1006                       /usr/lib/x86_64-linux-gnu/libz.so.1.2.13
7fbd18e66000-7fbd18e6d000 r--p 00016000 00:25 1006                       /usr/lib/x86_64-linux-gnu/libz.so.1.2.13
7fbd18e6d000-7fbd18e6e000 r--p 0001c000 00:25 1006                       /usr/lib/x86_64-linux-gnu/libz.so.1.2.13
7fbd18e6e000-7fbd18e6f000 rw-p 0001d000 00:25 1006                       /usr/lib/x86_64-linux-gnu/libz.so.1.2.13
7fbd18e6f000-7fbd18e70000 r--p 00000000 00:25 13891                      /usr/lib/locale/C.utf8/LC_ADDRESS
7fbd18e70000-7fbd18e71000 r--p 00000000 00:25 13901                      /usr/lib/locale/C.utf8/LC_TELEPHONE
7fbd18e71000-7fbd18e72000 r--p 00000000 00:25 13895                      /usr/lib/locale/C.utf8/LC_MEASUREMENT
7fbd18e72000-7fbd18e73000 r--p 00000000 00:25 13894                      /usr/lib/locale/C.utf8/LC_IDENTIFICATION
7fbd18e73000-7fbd18e74000 ---p 00000000 00:00 0 
7fbd18e74000-7fbd18e75000 r--p 00000000 00:00 0 
7fbd18e75000-7fbd18e76000 ---p 00000000 00:00 0 
7fbd18e76000-7fbd18e78000 rw-p 00000000 00:00 0 
7fbd18e78000-7fbd18e79000 r--p 00000000 00:25 17646                      /usr/lib/x86_64-linux-gnu/ld-linux-x86-64.so.2
7fbd18e79000-7fbd18e9f000 r-xp 00001000 00:25 17646                      /usr/lib/x86_64-linux-gnu/ld-linux-x86-64.so.2
7fbd18e9f000-7fbd18ea9000 r--p 00027000 00:25 17646                      /usr/lib/x86_64-linux-gnu/ld-linux-x86-64.so.2
7fbd18ea9000-7fbd18eab000 r--p 00031000 00:25 17646                      /usr/lib/x86_64-linux-gnu/ld-linux-x86-64.so.2
7fbd18eab000-7fbd18ead000 rw-p 00033000 00:25 17646                      /usr/lib/x86_64-linux-gnu/ld-linux-x86-64.so.2
7ffd9ed83000-7ffd9eda4000 rw-p 00000000 00:00 0                          [stack]
7ffd9edbd000-7ffd9edc0000 r--p 00000000 00:00 0                          [vvar]
7ffd9edc0000-7ffd9edc2000 r-xp 00000000 00:00 0                          [vdso]
ffffffffff600000-ffffffffff601000 r-xp 00000000 00:00 0                  [vsyscall]


VM Arguments:
jvm_args: --add-opens=java.base/java.lang=ALL-UNNAMED --add-opens=java.base/java.lang.invoke=ALL-UNNAMED --add-opens=java.base/java.util=ALL-UNNAMED --add-opens=java.prefs/java.util.prefs=ALL-UNNAMED --add-exports=jdk.compiler/com.sun.tools.javac.api=ALL-UNNAMED --add-exports=jdk.compiler/com.sun.tools.javac.util=ALL-UNNAMED --add-opens=java.base/java.util=ALL-UNNAMED --add-opens=java.prefs/java.util.prefs=ALL-UNNAMED --add-opens=java.base/java.nio.charset=ALL-UNNAMED --add-opens=java.base/java.net=ALL-UNNAMED --add-opens=java.base/java.util.concurrent.atomic=ALL-UNNAMED --add-opens=java.xml/javax.xml.namespace=ALL-UNNAMED -XX:MaxMetaspaceSize=1024m -Xmx2560m -Dfile.encoding=UTF-8 -Duser.country -Duser.language=en -Duser.variant -javaagent:/root/.gradle/wrapper/dists/gradle-8.11.1-bin/bpt9gzteqjrbo1mjrsomdt32c/gradle-8.11.1/lib/agents/gradle-instrumentation-agent-8.11.1.jar 
java_command: org.gradle.launcher.daemon.bootstrap.GradleDaemon 8.11.1
java_class_path (initial): /root/.gradle/wrapper/dists/gradle-8.11.1-bin/bpt9gzteqjrbo1mjrsomdt32c/gradle-8.11.1/lib/gradle-daemon-main-8.11.1.jar
Launcher Type: SUN_STANDARD

[Global flags]
     intx CICompilerCount                          = 2                                         {product} {ergonomic}
   size_t CompressedClassSpaceSize                 = 872415232                                 {product} {ergonomic}
     uint ConcGCThreads                            = 1                                         {product} {ergonomic}
     uint G1ConcRefinementThreads                  = 2                                         {product} {ergonomic}
   size_t G1HeapRegionSize                         = 2097152                                   {product} {ergonomic}
    uintx GCDrainStackTargetSize                   = 64                                        {product} {ergonomic}
   size_t InitialHeapSize                          = 33554432                                  {product} {ergonomic}
   size_t MarkStackSize                            = 4194304                                   {product} {ergonomic}
   size_t MaxHeapSize                              = 2684354560                                {product} {command line}
   size_t MaxMetaspaceSize                         = 1073741824                                {product} {command line}
   size_t MaxNewSize                               = 1610612736                                {product} {ergonomic}
   size_t MinHeapDeltaBytes                        = 2097152                                   {product} {ergonomic}
   size_t MinHeapSize                              = 8388608                                   {product} {ergonomic}
    uintx NonNMethodCodeHeapSize                   = 5826188                                {pd product} {ergonomic}
    uintx NonProfiledCodeHeapSize                  = 122916026                              {pd product} {ergonomic}
    uintx ProfiledCodeHeapSize                     = 122916026                              {pd product} {ergonomic}
    uintx ReservedCodeCacheSize                    = 251658240                              {pd product} {ergonomic}
     bool SegmentedCodeCache                       = true                                      {product} {ergonomic}
   size_t SoftMaxHeapSize                          = 2684354560                             {manageable} {ergonomic}
     bool UseCompressedClassPointers               = true                           {product lp64_product} {ergonomic}
     bool UseCompressedOops                        = true                           {product lp64_product} {ergonomic}
     bool UseG1GC                                  = true                                      {product} {ergonomic}

Logging:
Log output configuration:
 #0: stdout all=warning uptime,level,tags
 #1: stderr all=off uptime,level,tags

Environment Variables:
PATH=/usr/local/sbin:/usr/local/bin:/usr/sbin:/usr/bin:/sbin:/bin
SHELL=/bin/bash
LANG=C.UTF-8
LC_ALL=C.UTF-8
TERM=tmux-256color

Active Locale:
LC_ALL=C.UTF-8
LC_COLLATE=C.UTF-8
LC_CTYPE=C.UTF-8
LC_MESSAGES=C.UTF-8
LC_MONETARY=C.UTF-8
LC_NUMERIC=C.UTF-8
LC_TIME=C.UTF-8

Signal Handlers:
   SIGSEGV: crash_handler in libjvm.so, mask=11100100010111111101111111111110, flags=SA_RESTART|SA_SIGINFO, unblocked
    SIGBUS: crash_handler in libjvm.so, mask=11100100010111111101111111111110, flags=SA_RESTART|SA_SIGINFO, unblocked
    SIGFPE: crash_handler in libjvm.so, mask=11100100010111111101111111111110, flags=SA_RESTART|SA_SIGINFO, unblocked
   SIGPIPE: javaSignalHandler in libjvm.so, mask=11100100010111111101111111111110, flags=SA_RESTART|SA_SIGINFO, unblocked
   SIGXFSZ: javaSignalHandler in libjvm.so, mask=11100100010111111101111111111110, flags=SA_RESTART|SA_SIGINFO, unblocked
    SIGILL: crash_handler in libjvm.so, mask=11100100010111111101111111111110, flags=SA_RESTART|SA_SIGINFO, unblocked
   SIGUSR2: SR_handler in libjvm.so, mask=00100000000000000000000000000000, flags=SA_RESTART|SA_SIGINFO, unblocked
    SIGHUP: UserHandler in libjvm.so, mask=11100100010111111101111111111110, flags=SA_RESTART|SA_SIGINFO, unblocked
    SIGINT: UserHandler in libjvm.so, mask=11100100010111111101111111111110, flags=SA_RESTART|SA_SIGINFO, unblocked
   SIGTERM: UserHandler in libjvm.so, mask=11100100010111111101111111111110, flags=SA_RESTART|SA_SIGINFO, unblocked
   SIGQUIT: UserHandler in libjvm.so, mask=11100100010111111101111111111110, flags=SA_RESTART|SA_SIGINFO, unblocked
   SIGTRAP: crash_handler in libjvm.so, mask=11100100010111111101111111111110, flags=SA_RESTART|SA_SIGINFO, unblocked


Periodic native trim disabled


---------------  S Y S T E M  ---------------

OS:
PRETTY_NAME="Debian GNU/Linux 12 (bookworm)"
NAME="Debian GNU/Linux"
VERSION_ID="12"
VERSION="12 (bookworm)"
VERSION_CODENAME=bookworm
ID=debian
HOME_URL="https://www.debian.org/"
SUPPORT_URL="https://www.debian.org/support"
BUG_REPORT_URL="https://bugs.debian.org/"
uname: Linux 4.19.91-c8dfc93.al7.x86_64 #1 SMP Tue Sep 26 10:25:51 UTC 2023 x86_64
OS uptime: 0 days 0:09 hours
libc: glibc 2.36 NPTL 2.36 
rlimit (soft/hard): STACK 8192k/infinity , CORE 0k/0k , NPROC 100000/100000 , NOFILE 100000/100000 , AS infinity/infinity , CPU infinity/infinity , DATA infinity/infinity , FSIZE infinity/infinity , MEMLOCK 64k/64k
load average: 3.16 1.56 0.78

/proc/meminfo:
MemTotal:        2152516 kB
MemFree:           34712 kB
MemAvailable:     333744 kB
Buffers:           17388 kB
Cached:           321944 kB
SwapCached:            0 kB
Active:          1841072 kB
Inactive:         171028 kB
Active(anon):    1672800 kB
Inactive(anon):       16 kB
Active(file):     168272 kB
Inactive(file):   171012 kB
Unevictable:           0 kB
Mlocked:               0 kB
SwapTotal:             0 kB
SwapFree:              0 kB
Dirty:              1660 kB
Writeback:             0 kB
AnonPages:       1672784 kB
Mapped:            31424 kB
Shmem:                32 kB
Slab:              56120 kB
SReclaimable:      43044 kB
SUnreclaim:        13076 kB
KernelStack:        3264 kB
PageTables:         4984 kB
NFS_Unstable:          0 kB
Bounce:                0 kB
WritebackTmp:          0 kB
CommitLimit:     1076256 kB
Committed_AS:    1930704 kB
VmallocTotal:   34359738367 kB
VmallocUsed:           0 kB
VmallocChunk:          0 kB
Percpu:              400 kB
AnonHugePages:    503808 kB
ShmemHugePages:        0 kB
ShmemPmdMapped:        0 kB
HugePages_Total:       0
HugePages_Free:        0
HugePages_Rsvd:        0
HugePages_Surp:        0
Hugepagesize:       2048 kB
Hugetlb:               0 kB
DirectMap4k:        8192 kB
DirectMap2M:     2523136 kB
DirectMap1G:           0 kB

/sys/kernel/mm/transparent_hugepage/enabled: [always] madvise never
/sys/kernel/mm/transparent_hugepage/hpage_pmd_size: 2097152
/sys/kernel/mm/transparent_hugepage/defrag (defrag/compaction efforts parameter): always defer defer+madvise madvise [never]

Process Memory:
Virtual Size: 4605308K (peak: 5413996K)
Resident Set Size: 1070092K (peak: 1070092K) (anon: 1046508K, file: 23584K, shmem: 0K)
Swapped out: 0K
C-Heap outstanding allocations: 141743K, retained: 43780K
glibc malloc tunables: (default)

/proc/sys/kernel/threads-max (system-wide limit on the number of threads): 1129
/proc/sys/vm/max_map_count (maximum number of memory map areas a process may have): 65530
/proc/sys/vm/swappiness (control to define how aggressively the kernel swaps out anonymous memory): 60
/proc/sys/kernel/pid_max (system-wide limit on number of process identifiers): 32768

container (cgroup) information:
container_type: cgroupv1
cpu_cpuset_cpus: 0-1
cpu_memory_nodes: 0
active_processor_count: 2
cpu_quota: no quota
cpu_period: 100000
cpu_shares: 12288
memory_limit_in_bytes: 2097152 k
memory_and_swap_limit_in_bytes: unlimited
memory_soft_limit_in_bytes: unlimited
memory_usage_in_bytes: 2056856 k
memory_max_usage_in_bytes: 2064624 k
rss_usage_in_bytes: 1666292 k
cache_usage_in_bytes: 338680 k
kernel_memory_limit_in_bytes: unlimited
kernel_memory_usage_in_bytes: 51576 k
kernel_memory_max_usage_in_bytes: 91412 k
maximum number of tasks: unlimited
current number of tasks: 130

KVM virtualization detected
Steal ticks since vm start: 8287
Steal ticks percentage since vm start:  0.435

CPU: total 2 (initial active 2) (2 cores per cpu, 1 threads per core) family 6 model 85 stepping 7 microcode 0x1, cx8, cmov, fxsr, mmx, 3dnowpref, sse, sse2, sse3, ssse3, sse4.1, sse4.2, popcnt, lzcnt, tsc, tscinvbit, avx, avx2, aes, erms, clmul, bmi1, bmi2, adx, avx512f, avx512dq, avx512cd, avx512bw, avx512vl, fma, vzeroupper, avx512_vnni, clflush, clflushopt, clwb, hv
CPU Model and flags from /proc/cpuinfo:
model name	: Intel(R) Xeon(R) Processor @ 2.50GHz
flags		: fpu vme de pse tsc msr pae mce cx8 apic sep mtrr pge mca cmov pat pse36 clflush mmx fxsr sse sse2 ss ht syscall nx pdpe1gb rdtscp lm constant_tsc rep_good nopl xtopology nonstop_tsc cpuid tsc_known_freq pni pclmulqdq ssse3 fma cx16 pcid sse4_1 sse4_2 x2apic movbe popcnt tsc_deadline_timer aes xsave avx f16c rdrand hypervisor lahf_lm abm 3dnowprefetch cpuid_fault invpcid_single ssbd ibrs ibpb stibp ibrs_enhanced fsgsbase tsc_adjust bmi1 avx2 smep bmi2 erms invpcid mpx avx512f avx512dq rdseed adx smap clflushopt clwb avx512cd avx512bw avx512vl xsaveopt xsavec xgetbv1 xsaves umip avx512_vnni md_clear arch_capabilities

Online cpus: 0-1
Offline cpus: 
BIOS frequency limitation: <Not Available>
Frequency switch latency (ns): <Not Available>
Available cpu frequencies: <Not Available>
Current governor: <Not Available>
Core performance/turbo boost: <Not Available>

Memory: 4k page, physical 2097152k(40296k free), swap 0k(0k free)
Page Sizes: 4k

vm_info: OpenJDK 64-Bit Server VM (17.0.20+8-1-deb12u1-Debian) for linux-amd64 JRE (17.0.20+8-1-deb12u1-Debian), built on Jul 28 2026 07:08:51 by "buildd" with gcc 12.2.0

END.
