#
# There is insufficient memory for the Java Runtime Environment to continue.
# Native memory allocation (mmap) failed to map 190840832 bytes. Error detail: committing reserved memory.
# Possible reasons:
#   The system is out of physical RAM or swap space
#   This process is running with CompressedOops enabled, and the Java Heap may be blocking the growth of the native heap
# Possible solutions:
#   Reduce memory load on the system
#   Increase physical memory or swap space
#   Check if swap backing store is full
#   Decrease Java heap size (-Xmx/-Xms)
#   Decrease number of Java threads
#   Decrease Java thread stack sizes (-Xss)
#   Set larger code cache with -XX:ReservedCodeCacheSize=
#   JVM is running with Unscaled Compressed Oops mode in which the Java heap is
#     placed in the first 4GB address space. The Java Heap base address is the
#     maximum limit for the native heap growth. Please use -XX:HeapBaseMinAddress
#     to set the Java Heap base and to place the Java Heap above 4GB virtual address.
# This output file may be truncated or incomplete.
#
#  Out of Memory Error (os_linux.cpp:2834), pid=2880, tid=2892
#
# JRE version: OpenJDK Runtime Environment (17.0.20+8) (build 17.0.20+8-1-deb12u1-Debian)
# Java VM: OpenJDK 64-Bit Server VM (17.0.20+8-1-deb12u1-Debian, mixed mode, sharing, tiered, compressed oops, compressed class ptrs, g1 gc, linux-amd64)
# No core dump will be written. Core dumps have been disabled. To enable core dumping, try "ulimit -c unlimited" before starting Java again
#

---------------  S U M M A R Y ------------

Command Line: --add-opens=java.base/java.lang=ALL-UNNAMED --add-opens=java.base/java.lang.invoke=ALL-UNNAMED --add-opens=java.base/java.util=ALL-UNNAMED --add-opens=java.prefs/java.util.prefs=ALL-UNNAMED --add-exports=jdk.compiler/com.sun.tools.javac.api=ALL-UNNAMED --add-exports=jdk.compiler/com.sun.tools.javac.util=ALL-UNNAMED --add-opens=java.base/java.util=ALL-UNNAMED --add-opens=java.prefs/java.util.prefs=ALL-UNNAMED --add-opens=java.base/java.nio.charset=ALL-UNNAMED --add-opens=java.base/java.net=ALL-UNNAMED --add-opens=java.base/java.util.concurrent.atomic=ALL-UNNAMED --add-opens=java.xml/javax.xml.namespace=ALL-UNNAMED -XX:MaxMetaspaceSize=768m -Xmx1280m -Dfile.encoding=UTF-8 -Duser.country -Duser.language=en -Duser.variant -javaagent:/root/.gradle/wrapper/dists/gradle-8.11.1-bin/bpt9gzteqjrbo1mjrsomdt32c/gradle-8.11.1/lib/agents/gradle-instrumentation-agent-8.11.1.jar org.gradle.launcher.daemon.bootstrap.GradleDaemon 8.11.1

Host: Intel(R) Xeon(R) Processor @ 2.50GHz, 2 cores, 2G, Debian GNU/Linux 12 (bookworm)
Time: Mon Oct  5 13:45:27 2026 UTC elapsed time: 111.417307 seconds (0d 0h 1m 51s)

---------------  T H R E A D  ---------------

Current thread (0x00007f1edc0b29d0):  VMThread "VM Thread" [stack: 0x00007f1eb5b10000,0x00007f1eb5c10000] [id=2892]

Stack: [0x00007f1eb5b10000,0x00007f1eb5c10000],  sp=0x00007f1eb5c0dd70,  free space=1015k
Native frames: (J=compiled Java code, j=interpreted, Vv=VM code, C=native code)
V  [libjvm.so+0xf21211]  VMError::report_and_die(int, char const*, char const*, __va_list_tag*, Thread*, unsigned char*, void*, void*, char const*, int, unsigned long)+0x171
V  [libjvm.so+0xf21d7d]  VMError::report_and_die(Thread*, char const*, int, unsigned long, VMErrorType, char const*, __va_list_tag*)+0x2d
V  [libjvm.so+0x60378c]  report_vm_out_of_memory(char const*, int, unsigned long, VMErrorType, char const*, ...)+0xdc
V  [libjvm.so+0xc2a14b]  os::pd_commit_memory_or_exit(char*, unsigned long, unsigned long, bool, char const*)+0xeb
V  [libjvm.so+0xc23ffb]  os::commit_memory_or_exit(char*, unsigned long, unsigned long, bool, char const*)+0x1b
V  [libjvm.so+0x733436]  G1PageBasedVirtualSpace::commit(unsigned long, unsigned long)+0x66
V  [libjvm.so+0x7473e0]  G1RegionsLargerThanCommitSizeMapper::commit_regions(unsigned int, unsigned long, WorkGang*)+0x110
V  [libjvm.so+0x7dadc8]  HeapRegionManager::commit_regions(unsigned int, unsigned long, WorkGang*)+0x88
V  [libjvm.so+0x7dcc0b]  HeapRegionManager::expand(unsigned int, unsigned int, WorkGang*)+0x2b
V  [libjvm.so+0x7dce27]  HeapRegionManager::expand_by(unsigned int, WorkGang*)+0x77
V  [libjvm.so+0x6ebed8]  G1CollectedHeap::expand(unsigned long, WorkGang*, double*)+0xe8
V  [libjvm.so+0x6efb29]  G1CollectedHeap::do_collection_pause_at_safepoint_helper(double)+0x8a9
V  [libjvm.so+0x6efb8f]  G1CollectedHeap::do_collection_pause_at_safepoint(double)+0x2f
V  [libjvm.so+0x76b9d7]  VM_G1CollectForAllocation::doit()+0x47
V  [libjvm.so+0xf26715]  VM_Operation::evaluate()+0xe5
V  [libjvm.so+0xf28005]  VMThread::evaluate_operation(VM_Operation*)+0x105
V  [libjvm.so+0xf2857f]  VMThread::inner_execute(VM_Operation*)+0x28f
V  [libjvm.so+0xf2878f]  VMThread::run()+0xbf
V  [libjvm.so+0xea40a5]  Thread::call_run()+0xa5
V  [libjvm.so+0xc2c8f3]  thread_native_entry(Thread*)+0xe3

VM_Operation (0x00007f1e5aee39c0): G1CollectForAllocation, mode: safepoint, requested by thread 0x00007f1eb2360da0


---------------  P R O C E S S  ---------------

Threads class SMR info:
_java_thread_list=0x00007f1eb80a3bd0, length=44, elements={
0x00007f1edc01ad80, 0x00007f1edc0b6ad0, 0x00007f1edc0b7eb0, 0x00007f1edc0be8a0,
0x00007f1edc0bfc50, 0x00007f1edc0c1060, 0x00007f1edc0c2a10, 0x00007f1edc0c3f40,
0x00007f1edc0c53b0, 0x00007f1edc0d05d0, 0x00007f1edc18f160, 0x00007f1edd311910,
0x00007f1edd37ae70, 0x00007f1edd3b2ba0, 0x00007f1e6c01a950, 0x00007f1e740044c0,
0x00007f1e74007470, 0x00007f1e7400d0a0, 0x00007f1eb00082f0, 0x00007f1eb000a430,
0x00007f1eb000c2c0, 0x00007f1eb0233cf0, 0x00007f1eb023b4f0, 0x00007f1eb0247e20,
0x00007f1eb0428850, 0x00007f1eb053a5f0, 0x00007f1eb053f810, 0x00007f1eb0790170,
0x00007f1eb07ffd20, 0x00007f1eb0844d50, 0x00007f1eb11d7670, 0x00007f1eb11eac40,
0x00007f1eb11fb040, 0x00007f1eb17fa270, 0x00007f1eb1cb4240, 0x00007f1eb2360da0,
0x00007f1eb8020d60, 0x00007f1eb808c460, 0x00007f1eb8052000, 0x00007f1eb809ae50,
0x00007f1eb809cd60, 0x00007f1eb809dd30, 0x00007f1eb8097410, 0x00007f1eb80a7960
}

Java Threads: ( => current thread )
  0x00007f1edc01ad80 JavaThread "main" [_thread_blocked, id=2881, stack(0x00007f1ee241b000,0x00007f1ee251b000)]
  0x00007f1edc0b6ad0 JavaThread "Reference Handler" daemon [_thread_blocked, id=2893, stack(0x00007f1eb5a0f000,0x00007f1eb5b0f000)]
  0x00007f1edc0b7eb0 JavaThread "Finalizer" daemon [_thread_blocked, id=2894, stack(0x00007f1eb590e000,0x00007f1eb5a0e000)]
  0x00007f1edc0be8a0 JavaThread "Signal Dispatcher" daemon [_thread_blocked, id=2895, stack(0x00007f1eb57b6000,0x00007f1eb58b6000)]
  0x00007f1edc0bfc50 JavaThread "Service Thread" daemon [_thread_blocked, id=2896, stack(0x00007f1eb56b5000,0x00007f1eb57b5000)]
  0x00007f1edc0c1060 JavaThread "Monitor Deflation Thread" daemon [_thread_blocked, id=2897, stack(0x00007f1eb55b4000,0x00007f1eb56b4000)]
  0x00007f1edc0c2a10 JavaThread "C2 CompilerThread0" daemon [_thread_in_native, id=2898, stack(0x00007f1eb54b3000,0x00007f1eb55b3000)]
  0x00007f1edc0c3f40 JavaThread "C1 CompilerThread0" daemon [_thread_blocked, id=2899, stack(0x00007f1eb53b2000,0x00007f1eb54b2000)]
  0x00007f1edc0c53b0 JavaThread "Sweeper thread" daemon [_thread_blocked, id=2900, stack(0x00007f1eb52b1000,0x00007f1eb53b1000)]
  0x00007f1edc0d05d0 JavaThread "Common-Cleaner" daemon [_thread_blocked, id=2901, stack(0x00007f1eb51b0000,0x00007f1eb52b0000)]
  0x00007f1edc18f160 JavaThread "Notification Thread" daemon [_thread_blocked, id=2902, stack(0x00007f1eb50af000,0x00007f1eb51af000)]
  0x00007f1edd311910 JavaThread "Daemon health stats" [_thread_blocked, id=2910, stack(0x00007f1eb4700000,0x00007f1eb4800000)]
  0x00007f1edd37ae70 JavaThread "Incoming local TCP Connector on port 43351" [_thread_in_native, id=2912, stack(0x00007f1eb45ff000,0x00007f1eb46ff000)]
  0x00007f1edd3b2ba0 JavaThread "Daemon periodic checks" [_thread_blocked, id=2913, stack(0x00007f1eb44fe000,0x00007f1eb45fe000)]
  0x00007f1e6c01a950 JavaThread "Daemon" [_thread_blocked, id=2914, stack(0x00007f1eb43fd000,0x00007f1eb44fd000)]
  0x00007f1e740044c0 JavaThread "Handler for socket connection from /127.0.0.1:43351 to /127.0.0.1:58592" [_thread_in_native, id=2915, stack(0x00007f1eb42fc000,0x00007f1eb43fc000)]
  0x00007f1e74007470 JavaThread "Cancel handler" [_thread_blocked, id=2916, stack(0x00007f1eb41fb000,0x00007f1eb42fb000)]
  0x00007f1e7400d0a0 JavaThread "Daemon worker" [_thread_blocked, id=2917, stack(0x00007f1eb40fa000,0x00007f1eb41fa000)]
  0x00007f1eb00082f0 JavaThread "Asynchronous log dispatcher for DefaultDaemonConnection: socket connection from /127.0.0.1:43351 to /127.0.0.1:58592" [_thread_blocked, id=2918, stack(0x00007f1e5bf00000,0x00007f1e5c000000)]
  0x00007f1eb000a430 JavaThread "Stdin handler" [_thread_blocked, id=2919, stack(0x00007f1e5bdff000,0x00007f1e5beff000)]
  0x00007f1eb000c2c0 JavaThread "Daemon client event forwarder" [_thread_blocked, id=2920, stack(0x00007f1e5bcfe000,0x00007f1e5bdfe000)]
  0x00007f1eb0233cf0 JavaThread "Cache worker for journal cache (/root/.gradle/caches/journal-1)" [_thread_blocked, id=2923, stack(0x00007f1e5bbfd000,0x00007f1e5bcfd000)]
  0x00007f1eb023b4f0 JavaThread "File lock request listener" [_thread_in_native, id=2924, stack(0x00007f1e5bafc000,0x00007f1e5bbfc000)]
  0x00007f1eb0247e20 JavaThread "Cache worker for file hash cache (/root/.gradle/caches/8.11.1/fileHashes)" [_thread_blocked, id=2925, stack(0x00007f1e5b9fb000,0x00007f1e5bafb000)]
  0x00007f1eb0428850 JavaThread "Cache worker for file content cache (/root/.gradle/caches/8.11.1/fileContent)" [_thread_blocked, id=2927, stack(0x00007f1e5b8fa000,0x00007f1e5b9fa000)]
  0x00007f1eb053a5f0 JavaThread "Cache worker for file hash cache (/workspace/.gradle/8.11.1/fileHashes)" [_thread_blocked, id=2929, stack(0x00007f1e5b7f9000,0x00007f1e5b8f9000)]
  0x00007f1eb053f810 JavaThread "Cache worker for Build Output Cleanup Cache (/workspace/.gradle/buildOutputCleanup)" [_thread_blocked, id=2930, stack(0x00007f1e5b6f8000,0x00007f1e5b7f8000)]
  0x00007f1eb0790170 JavaThread "Cache worker for checksums cache (/workspace/.gradle/8.11.1/checksums)" [_thread_blocked, id=2933, stack(0x00007f1e5b5f7000,0x00007f1e5b6f7000)]
  0x00007f1eb07ffd20 JavaThread "Cache worker for cache directory md-rule (/root/.gradle/caches/8.11.1/md-rule)" [_thread_blocked, id=2934, stack(0x00007f1e5b4f6000,0x00007f1e5b5f6000)]
  0x00007f1eb0844d50 JavaThread "Cache worker for cache directory md-supplier (/root/.gradle/caches/8.11.1/md-supplier)" [_thread_blocked, id=2936, stack(0x00007f1e5b3f5000,0x00007f1e5b4f5000)]
  0x00007f1eb11d7670 JavaThread "Unconstrained build operations" [_thread_blocked, id=2950, stack(0x00007f1e5b2f4000,0x00007f1e5b3f4000)]
  0x00007f1eb11eac40 JavaThread "Unconstrained build operations Thread 2" [_thread_blocked, id=2952, stack(0x00007f1e5b1f3000,0x00007f1e5b2f3000)]
  0x00007f1eb11fb040 JavaThread "Unconstrained build operations Thread 3" [_thread_blocked, id=2954, stack(0x00007f1e5b0f2000,0x00007f1e5b1f2000)]
  0x00007f1eb17fa270 JavaThread "Memory manager" [_thread_blocked, id=2965, stack(0x00007f1e5aff1000,0x00007f1e5b0f1000)]
  0x00007f1eb1cb4240 JavaThread "build event listener" [_thread_blocked, id=2972, stack(0x00007f1e5aef0000,0x00007f1e5aff0000)]
  0x00007f1eb2360da0 JavaThread "included builds" [_thread_blocked, id=2990, stack(0x00007f1e5adef000,0x00007f1e5aeef000)]
  0x00007f1eb8020d60 JavaThread "Cache worker for execution history cache (/workspace/.gradle/8.11.1/executionHistory)" [_thread_blocked, id=2991, stack(0x00007f1e5acee000,0x00007f1e5adee000)]
  0x00007f1eb808c460 JavaThread "Unconstrained build operations Thread 4" [_thread_blocked, id=2994, stack(0x00007f1e5abed000,0x00007f1e5aced000)]
  0x00007f1eb8052000 JavaThread "Unconstrained build operations Thread 5" [_thread_blocked, id=2997, stack(0x00007f1e5aaec000,0x00007f1e5abec000)]
  0x00007f1eb809ae50 JavaThread "Unconstrained build operations Thread 6" [_thread_blocked, id=2999, stack(0x00007f1e5a9eb000,0x00007f1e5aaeb000)]
  0x00007f1eb809cd60 JavaThread "Unconstrained build operations Thread 7" [_thread_blocked, id=3000, stack(0x00007f1e5a8ea000,0x00007f1e5a9ea000)]
  0x00007f1eb809dd30 JavaThread "Unconstrained build operations Thread 8" [_thread_blocked, id=3001, stack(0x00007f1e5a7e9000,0x00007f1e5a8e9000)]
  0x00007f1eb8097410 JavaThread "Unconstrained build operations Thread 9" [_thread_blocked, id=3003, stack(0x00007f1e5a6e8000,0x00007f1e5a7e8000)]
  0x00007f1eb80a7960 JavaThread "Unconstrained build operations Thread 10" [_thread_blocked, id=3004, stack(0x00007f1e5a5e7000,0x00007f1e5a6e7000)]

Other Threads:
=>0x00007f1edc0b29d0 VMThread "VM Thread" [stack: 0x00007f1eb5b10000,0x00007f1eb5c10000] [id=2892]
  0x00007f1edc01d0f0 WatcherThread [stack: 0x00007f1eb4fae000,0x00007f1eb50ae000] [id=2903]
  0x00007f1edc05f180 GCTaskThread "GC Thread#0" [stack: 0x00007f1ee034a000,0x00007f1ee044a000] [id=2882]
  0x00007f1e7c0047b0 GCTaskThread "GC Thread#1" [stack: 0x00007f1eb4ead000,0x00007f1eb4fad000] [id=2904]
  0x00007f1edc06a760 ConcurrentGCThread "G1 Main Marker" [stack: 0x00007f1ee0249000,0x00007f1ee0349000] [id=2883]
  0x00007f1edc06b6d0 ConcurrentGCThread "G1 Conc#0" [stack: 0x00007f1ee0148000,0x00007f1ee0248000] [id=2884]
  0x00007f1edc08a300 ConcurrentGCThread "G1 Refine#0" [stack: 0x00007f1eb5f00000,0x00007f1eb6000000] [id=2885]
  0x00007f1eb0000ea0 ConcurrentGCThread "G1 Refine#1" [stack: 0x00007f1eb4b00000,0x00007f1eb4c00000] [id=2907]
  0x00007f1edc08b200 ConcurrentGCThread "G1 Service" [stack: 0x00007f1eb5dff000,0x00007f1eb5eff000] [id=2886]

Threads with active compile tasks:
C2 CompilerThread0  111481 22218   !   4       com.android.tools.r8.internal.fA::a (2761 bytes)

VM state: at safepoint (normal execution)

VM Mutex/Monitor currently owned by a thread:  ([mutex/lock_event])
[0x00007f1edc017b70] Threads_lock - owner thread: 0x00007f1edc0b29d0
[0x00007f1edc018320] Heap_lock - owner thread: 0x00007f1eb2360da0

Heap address: 0x00000000b0000000, size: 1280 MB, Compressed Oops mode: 32-bit

CDS archive(s) mapped at: [0x00007f1e80000000-0x00007f1e80bca000-0x00007f1e80bca000), size 12361728, SharedBaseAddress: 0x00007f1e80000000, ArchiveRelocationMode: 1.
Compressed class space mapped at: 0x00007f1e81000000-0x00007f1ea8000000, reserved size: 654311424
Narrow klass base: 0x00007f1e80000000, Narrow klass shift: 0, Narrow klass range: 0x100000000

GC Precious Log:
 CPUs: 2 total, 2 available
 Memory: 2048M
 Large Page Support: Disabled
 NUMA Support: Disabled
 Compressed Oops: Enabled (32-bit)
 Heap Region Size: 1M
 Heap Min Capacity: 8M
 Heap Initial Capacity: 32M
 Heap Max Capacity: 1280M
 Pre-touch: Disabled
 Parallel Workers: 2
 Concurrent Workers: 1
 Concurrent Refinement Workers: 2
 Periodic GC: Disabled

Heap:
 garbage-first heap   total 443392K, used 327016K [0x00000000b0000000, 0x0000000100000000)
  region size 1024K, 8 young (8192K), 8 survivors (8192K)
 Metaspace       used 113002K, committed 113792K, reserved 770048K
  class space    used 15721K, committed 16128K, reserved 638976K

Heap Regions: E=young(eden), S=young(survivor), O=old, HS=humongous(starts), HC=humongous(continues), CS=collection set, F=free, OA=open archive, CA=closed archive, TAMS=top-at-mark-start (previous, next)
|   0|0x00000000b0000000, 0x00000000b0100000, 0x00000000b0100000|100%|HS|  |TAMS 0x00000000b0100000, 0x00000000b0000000| Complete 
|   1|0x00000000b0100000, 0x00000000b0200000, 0x00000000b0200000|100%|HC|  |TAMS 0x00000000b0200000, 0x00000000b0100000| Complete 
|   2|0x00000000b0200000, 0x00000000b0300000, 0x00000000b0300000|100%|HC|  |TAMS 0x00000000b0300000, 0x00000000b0200000| Complete 
|   3|0x00000000b0300000, 0x00000000b0400000, 0x00000000b0400000|100%| O|  |TAMS 0x00000000b0400000, 0x00000000b0300000| Untracked 
|   4|0x00000000b0400000, 0x00000000b0500000, 0x00000000b0500000|100%| O|  |TAMS 0x00000000b0500000, 0x00000000b0400000| Untracked 
|   5|0x00000000b0500000, 0x00000000b0600000, 0x00000000b0600000|100%| O|  |TAMS 0x00000000b0600000, 0x00000000b0500000| Untracked 
|   6|0x00000000b0600000, 0x00000000b0700000, 0x00000000b0700000|100%| O|  |TAMS 0x00000000b0700000, 0x00000000b0600000| Untracked 
|   7|0x00000000b0700000, 0x00000000b0800000, 0x00000000b0800000|100%| O|  |TAMS 0x00000000b0800000, 0x00000000b0700000| Untracked 
|   8|0x00000000b0800000, 0x00000000b0900000, 0x00000000b0900000|100%| O|  |TAMS 0x00000000b0900000, 0x00000000b0800000| Untracked 
|   9|0x00000000b0900000, 0x00000000b0a00000, 0x00000000b0a00000|100%| O|  |TAMS 0x00000000b0a00000, 0x00000000b0900000| Untracked 
|  10|0x00000000b0a00000, 0x00000000b0b00000, 0x00000000b0b00000|100%|HS|  |TAMS 0x00000000b0b00000, 0x00000000b0a00000| Complete 
|  11|0x00000000b0b00000, 0x00000000b0c00000, 0x00000000b0c00000|100%| O|  |TAMS 0x00000000b0c00000, 0x00000000b0b00000| Untracked 
|  12|0x00000000b0c00000, 0x00000000b0d00000, 0x00000000b0d00000|100%| O|  |TAMS 0x00000000b0d00000, 0x00000000b0c00000| Untracked 
|  13|0x00000000b0d00000, 0x00000000b0e00000, 0x00000000b0e00000|100%| O|  |TAMS 0x00000000b0e00000, 0x00000000b0d00000| Untracked 
|  14|0x00000000b0e00000, 0x00000000b0f00000, 0x00000000b0f00000|100%| O|  |TAMS 0x00000000b0f00000, 0x00000000b0e00000| Untracked 
|  15|0x00000000b0f00000, 0x00000000b1000000, 0x00000000b1000000|100%| O|  |TAMS 0x00000000b1000000, 0x00000000b0f00000| Untracked 
|  16|0x00000000b1000000, 0x00000000b1100000, 0x00000000b1100000|100%| O|  |TAMS 0x00000000b1100000, 0x00000000b1000000| Untracked 
|  17|0x00000000b1100000, 0x00000000b1200000, 0x00000000b1200000|100%| O|  |TAMS 0x00000000b1200000, 0x00000000b1100000| Untracked 
|  18|0x00000000b1200000, 0x00000000b1300000, 0x00000000b1300000|100%| O|  |TAMS 0x00000000b1300000, 0x00000000b1200000| Untracked 
|  19|0x00000000b1300000, 0x00000000b1400000, 0x00000000b1400000|100%| O|  |TAMS 0x00000000b1400000, 0x00000000b1300000| Untracked 
|  20|0x00000000b1400000, 0x00000000b1500000, 0x00000000b1500000|100%| O|  |TAMS 0x00000000b1500000, 0x00000000b1400000| Untracked 
|  21|0x00000000b1500000, 0x00000000b1600000, 0x00000000b1600000|100%| O|  |TAMS 0x00000000b1600000, 0x00000000b1500000| Untracked 
|  22|0x00000000b1600000, 0x00000000b1700000, 0x00000000b1700000|100%| O|  |TAMS 0x00000000b1700000, 0x00000000b1600000| Untracked 
|  23|0x00000000b1700000, 0x00000000b1800000, 0x00000000b1800000|100%| O|  |TAMS 0x00000000b1800000, 0x00000000b1700000| Untracked 
|  24|0x00000000b1800000, 0x00000000b1900000, 0x00000000b1900000|100%| O|  |TAMS 0x00000000b1900000, 0x00000000b1800000| Untracked 
|  25|0x00000000b1900000, 0x00000000b1a00000, 0x00000000b1a00000|100%| O|  |TAMS 0x00000000b1a00000, 0x00000000b1900000| Untracked 
|  26|0x00000000b1a00000, 0x00000000b1b00000, 0x00000000b1b00000|100%| O|  |TAMS 0x00000000b1b00000, 0x00000000b1a00000| Untracked 
|  27|0x00000000b1b00000, 0x00000000b1c00000, 0x00000000b1c00000|100%| O|  |TAMS 0x00000000b1c00000, 0x00000000b1b00000| Untracked 
|  28|0x00000000b1c00000, 0x00000000b1d00000, 0x00000000b1d00000|100%| O|  |TAMS 0x00000000b1d00000, 0x00000000b1c00000| Untracked 
|  29|0x00000000b1d00000, 0x00000000b1e00000, 0x00000000b1e00000|100%| O|  |TAMS 0x00000000b1e00000, 0x00000000b1d00000| Untracked 
|  30|0x00000000b1e00000, 0x00000000b1f00000, 0x00000000b1f00000|100%| O|  |TAMS 0x00000000b1f00000, 0x00000000b1e00000| Untracked 
|  31|0x00000000b1f00000, 0x00000000b2000000, 0x00000000b2000000|100%| O|  |TAMS 0x00000000b2000000, 0x00000000b1f00000| Untracked 
|  32|0x00000000b2000000, 0x00000000b2100000, 0x00000000b2100000|100%| O|  |TAMS 0x00000000b2100000, 0x00000000b2000000| Untracked 
|  33|0x00000000b2100000, 0x00000000b2200000, 0x00000000b2200000|100%| O|  |TAMS 0x00000000b2200000, 0x00000000b2100000| Untracked 
|  34|0x00000000b2200000, 0x00000000b2300000, 0x00000000b2300000|100%| O|  |TAMS 0x00000000b2300000, 0x00000000b2200000| Untracked 
|  35|0x00000000b2300000, 0x00000000b2400000, 0x00000000b2400000|100%| O|  |TAMS 0x00000000b2400000, 0x00000000b2300000| Untracked 
|  36|0x00000000b2400000, 0x00000000b2500000, 0x00000000b2500000|100%| O|  |TAMS 0x00000000b2500000, 0x00000000b2400000| Untracked 
|  37|0x00000000b2500000, 0x00000000b2600000, 0x00000000b2600000|100%| O|  |TAMS 0x00000000b2600000, 0x00000000b2500000| Untracked 
|  38|0x00000000b2600000, 0x00000000b2700000, 0x00000000b2700000|100%| O|  |TAMS 0x00000000b2700000, 0x00000000b2600000| Untracked 
|  39|0x00000000b2700000, 0x00000000b2800000, 0x00000000b2800000|100%|HS|  |TAMS 0x00000000b2800000, 0x00000000b2700000| Complete 
|  40|0x00000000b2800000, 0x00000000b2900000, 0x00000000b2900000|100%|HS|  |TAMS 0x00000000b2900000, 0x00000000b2800000| Complete 
|  41|0x00000000b2900000, 0x00000000b2a00000, 0x00000000b2a00000|100%|HS|  |TAMS 0x00000000b2a00000, 0x00000000b2900000| Complete 
|  42|0x00000000b2a00000, 0x00000000b2b00000, 0x00000000b2b00000|100%|HC|  |TAMS 0x00000000b2b00000, 0x00000000b2a00000| Complete 
|  43|0x00000000b2b00000, 0x00000000b2c00000, 0x00000000b2c00000|100%|HS|  |TAMS 0x00000000b2c00000, 0x00000000b2b00000| Complete 
|  44|0x00000000b2c00000, 0x00000000b2d00000, 0x00000000b2d00000|100%|HC|  |TAMS 0x00000000b2d00000, 0x00000000b2c00000| Complete 
|  45|0x00000000b2d00000, 0x00000000b2e00000, 0x00000000b2e00000|100%|HS|  |TAMS 0x00000000b2e00000, 0x00000000b2d00000| Complete 
|  46|0x00000000b2e00000, 0x00000000b2f00000, 0x00000000b2f00000|100%|HS|  |TAMS 0x00000000b2f00000, 0x00000000b2e00000| Complete 
|  47|0x00000000b2f00000, 0x00000000b3000000, 0x00000000b3000000|100%| O|  |TAMS 0x00000000b3000000, 0x00000000b2f00000| Untracked 
|  48|0x00000000b3000000, 0x00000000b3100000, 0x00000000b3100000|100%|HS|  |TAMS 0x00000000b3100000, 0x00000000b3000000| Complete 
|  49|0x00000000b3100000, 0x00000000b3200000, 0x00000000b3200000|100%|HS|  |TAMS 0x00000000b3200000, 0x00000000b3100000| Complete 
|  50|0x00000000b3200000, 0x00000000b3300000, 0x00000000b3300000|100%| O|  |TAMS 0x00000000b3300000, 0x00000000b3200000| Untracked 
|  51|0x00000000b3300000, 0x00000000b3400000, 0x00000000b3400000|100%| O|  |TAMS 0x00000000b3400000, 0x00000000b3300000| Untracked 
|  52|0x00000000b3400000, 0x00000000b3500000, 0x00000000b3500000|100%| O|  |TAMS 0x00000000b3500000, 0x00000000b3400000| Untracked 
|  53|0x00000000b3500000, 0x00000000b3600000, 0x00000000b3600000|100%| O|  |TAMS 0x00000000b3600000, 0x00000000b3500000| Untracked 
|  54|0x00000000b3600000, 0x00000000b3700000, 0x00000000b3700000|100%| O|  |TAMS 0x00000000b3700000, 0x00000000b3600000| Untracked 
|  55|0x00000000b3700000, 0x00000000b3800000, 0x00000000b3800000|100%| O|  |TAMS 0x00000000b3800000, 0x00000000b3700000| Untracked 
|  56|0x00000000b3800000, 0x00000000b3900000, 0x00000000b3900000|100%| O|  |TAMS 0x00000000b3900000, 0x00000000b3800000| Untracked 
|  57|0x00000000b3900000, 0x00000000b3a00000, 0x00000000b3a00000|100%| O|  |TAMS 0x00000000b3a00000, 0x00000000b3900000| Untracked 
|  58|0x00000000b3a00000, 0x00000000b3b00000, 0x00000000b3b00000|100%| O|  |TAMS 0x00000000b3b00000, 0x00000000b3a00000| Untracked 
|  59|0x00000000b3b00000, 0x00000000b3c00000, 0x00000000b3c00000|100%| O|  |TAMS 0x00000000b3c00000, 0x00000000b3b00000| Untracked 
|  60|0x00000000b3c00000, 0x00000000b3ced200, 0x00000000b3d00000| 92%| O|  |TAMS 0x00000000b3ced200, 0x00000000b3c00000| Untracked 
|  61|0x00000000b3d00000, 0x00000000b3e00000, 0x00000000b3e00000|100%|HS|  |TAMS 0x00000000b3e00000, 0x00000000b3d00000| Complete 
|  62|0x00000000b3e00000, 0x00000000b3f00000, 0x00000000b3f00000|100%| O|  |TAMS 0x00000000b3f00000, 0x00000000b3e00000| Untracked 
|  63|0x00000000b3f00000, 0x00000000b4000000, 0x00000000b4000000|100%| O|  |TAMS 0x00000000b4000000, 0x00000000b3f00000| Untracked 
|  64|0x00000000b4000000, 0x00000000b4100000, 0x00000000b4100000|100%| O|  |TAMS 0x00000000b4100000, 0x00000000b4000000| Untracked 
|  65|0x00000000b4100000, 0x00000000b4200000, 0x00000000b4200000|100%| O|  |TAMS 0x00000000b4200000, 0x00000000b4100000| Untracked 
|  66|0x00000000b4200000, 0x00000000b4300000, 0x00000000b4300000|100%| O|  |TAMS 0x00000000b4300000, 0x00000000b4200000| Untracked 
|  67|0x00000000b4300000, 0x00000000b4400000, 0x00000000b4400000|100%| O|  |TAMS 0x00000000b4400000, 0x00000000b4300000| Untracked 
|  68|0x00000000b4400000, 0x00000000b4500000, 0x00000000b4500000|100%| O|  |TAMS 0x00000000b4500000, 0x00000000b4400000| Untracked 
|  69|0x00000000b4500000, 0x00000000b4600000, 0x00000000b4600000|100%| O|  |TAMS 0x00000000b4600000, 0x00000000b4500000| Untracked 
|  70|0x00000000b4600000, 0x00000000b4700000, 0x00000000b4700000|100%| O|  |TAMS 0x00000000b4700000, 0x00000000b4600000| Untracked 
|  71|0x00000000b4700000, 0x00000000b4800000, 0x00000000b4800000|100%| O|  |TAMS 0x00000000b4800000, 0x00000000b4700000| Untracked 
|  72|0x00000000b4800000, 0x00000000b4900000, 0x00000000b4900000|100%| O|  |TAMS 0x00000000b4900000, 0x00000000b4800000| Untracked 
|  73|0x00000000b4900000, 0x00000000b4a00000, 0x00000000b4a00000|100%| O|  |TAMS 0x00000000b4a00000, 0x00000000b4900000| Untracked 
|  74|0x00000000b4a00000, 0x00000000b4b00000, 0x00000000b4b00000|100%| O|  |TAMS 0x00000000b4b00000, 0x00000000b4a00000| Untracked 
|  75|0x00000000b4b00000, 0x00000000b4c00000, 0x00000000b4c00000|100%| O|  |TAMS 0x00000000b4c00000, 0x00000000b4b00000| Untracked 
|  76|0x00000000b4c00000, 0x00000000b4d00000, 0x00000000b4d00000|100%| O|  |TAMS 0x00000000b4d00000, 0x00000000b4c00000| Untracked 
|  77|0x00000000b4d00000, 0x00000000b4e00000, 0x00000000b4e00000|100%| O|  |TAMS 0x00000000b4e00000, 0x00000000b4d00000| Untracked 
|  78|0x00000000b4e00000, 0x00000000b4f00000, 0x00000000b4f00000|100%| O|  |TAMS 0x00000000b4f00000, 0x00000000b4e00000| Untracked 
|  79|0x00000000b4f00000, 0x00000000b5000000, 0x00000000b5000000|100%| O|  |TAMS 0x00000000b5000000, 0x00000000b4f00000| Untracked 
|  80|0x00000000b5000000, 0x00000000b5100000, 0x00000000b5100000|100%| O|  |TAMS 0x00000000b5100000, 0x00000000b5000000| Untracked 
|  81|0x00000000b5100000, 0x00000000b5200000, 0x00000000b5200000|100%| O|  |TAMS 0x00000000b5200000, 0x00000000b5100000| Untracked 
|  82|0x00000000b5200000, 0x00000000b5300000, 0x00000000b5300000|100%| O|  |TAMS 0x00000000b5300000, 0x00000000b5200000| Untracked 
|  83|0x00000000b5300000, 0x00000000b5400000, 0x00000000b5400000|100%| O|  |TAMS 0x00000000b5400000, 0x00000000b5300000| Untracked 
|  84|0x00000000b5400000, 0x00000000b5500000, 0x00000000b5500000|100%| O|  |TAMS 0x00000000b5500000, 0x00000000b5400000| Untracked 
|  85|0x00000000b5500000, 0x00000000b5600000, 0x00000000b5600000|100%| O|  |TAMS 0x00000000b5600000, 0x00000000b5500000| Untracked 
|  86|0x00000000b5600000, 0x00000000b5700000, 0x00000000b5700000|100%| O|  |TAMS 0x00000000b5700000, 0x00000000b5600000| Untracked 
|  87|0x00000000b5700000, 0x00000000b5800000, 0x00000000b5800000|100%| O|  |TAMS 0x00000000b5800000, 0x00000000b5700000| Untracked 
|  88|0x00000000b5800000, 0x00000000b5900000, 0x00000000b5900000|100%| O|  |TAMS 0x00000000b5900000, 0x00000000b5800000| Untracked 
|  89|0x00000000b5900000, 0x00000000b5a00000, 0x00000000b5a00000|100%| O|  |TAMS 0x00000000b5a00000, 0x00000000b5900000| Untracked 
|  90|0x00000000b5a00000, 0x00000000b5b00000, 0x00000000b5b00000|100%| O|  |TAMS 0x00000000b5b00000, 0x00000000b5a00000| Untracked 
|  91|0x00000000b5b00000, 0x00000000b5c00000, 0x00000000b5c00000|100%| O|  |TAMS 0x00000000b5c00000, 0x00000000b5b00000| Untracked 
|  92|0x00000000b5c00000, 0x00000000b5d00000, 0x00000000b5d00000|100%| O|  |TAMS 0x00000000b5d00000, 0x00000000b5c00000| Untracked 
|  93|0x00000000b5d00000, 0x00000000b5e00000, 0x00000000b5e00000|100%| O|  |TAMS 0x00000000b5e00000, 0x00000000b5d00000| Untracked 
|  94|0x00000000b5e00000, 0x00000000b5f00000, 0x00000000b5f00000|100%| O|  |TAMS 0x00000000b5f00000, 0x00000000b5e00000| Untracked 
|  95|0x00000000b5f00000, 0x00000000b6000000, 0x00000000b6000000|100%| O|  |TAMS 0x00000000b6000000, 0x00000000b5f00000| Untracked 
|  96|0x00000000b6000000, 0x00000000b6100000, 0x00000000b6100000|100%| O|  |TAMS 0x00000000b6100000, 0x00000000b6000000| Untracked 
|  97|0x00000000b6100000, 0x00000000b6200000, 0x00000000b6200000|100%| O|  |TAMS 0x00000000b6200000, 0x00000000b6100000| Untracked 
|  98|0x00000000b6200000, 0x00000000b6300000, 0x00000000b6300000|100%| O|  |TAMS 0x00000000b6300000, 0x00000000b6200000| Untracked 
|  99|0x00000000b6300000, 0x00000000b6400000, 0x00000000b6400000|100%| O|  |TAMS 0x00000000b6400000, 0x00000000b6300000| Untracked 
| 100|0x00000000b6400000, 0x00000000b6500000, 0x00000000b6500000|100%| O|  |TAMS 0x00000000b6500000, 0x00000000b6400000| Untracked 
| 101|0x00000000b6500000, 0x00000000b6600000, 0x00000000b6600000|100%| O|  |TAMS 0x00000000b6600000, 0x00000000b6500000| Untracked 
| 102|0x00000000b6600000, 0x00000000b6700000, 0x00000000b6700000|100%| O|  |TAMS 0x00000000b6700000, 0x00000000b6600000| Untracked 
| 103|0x00000000b6700000, 0x00000000b6800000, 0x00000000b6800000|100%| O|  |TAMS 0x00000000b6800000, 0x00000000b6700000| Untracked 
| 104|0x00000000b6800000, 0x00000000b6900000, 0x00000000b6900000|100%| O|  |TAMS 0x00000000b6900000, 0x00000000b6800000| Untracked 
| 105|0x00000000b6900000, 0x00000000b6a00000, 0x00000000b6a00000|100%| O|  |TAMS 0x00000000b6a00000, 0x00000000b6900000| Untracked 
| 106|0x00000000b6a00000, 0x00000000b6b00000, 0x00000000b6b00000|100%| O|  |TAMS 0x00000000b6b00000, 0x00000000b6a00000| Untracked 
| 107|0x00000000b6b00000, 0x00000000b6c00000, 0x00000000b6c00000|100%| O|  |TAMS 0x00000000b6c00000, 0x00000000b6b00000| Untracked 
| 108|0x00000000b6c00000, 0x00000000b6d00000, 0x00000000b6d00000|100%| O|  |TAMS 0x00000000b6d00000, 0x00000000b6c00000| Untracked 
| 109|0x00000000b6d00000, 0x00000000b6e00000, 0x00000000b6e00000|100%| O|  |TAMS 0x00000000b6e00000, 0x00000000b6d00000| Untracked 
| 110|0x00000000b6e00000, 0x00000000b6f00000, 0x00000000b6f00000|100%| O|  |TAMS 0x00000000b6f00000, 0x00000000b6e00000| Untracked 
| 111|0x00000000b6f00000, 0x00000000b7000000, 0x00000000b7000000|100%| O|  |TAMS 0x00000000b7000000, 0x00000000b6f00000| Untracked 
| 112|0x00000000b7000000, 0x00000000b7100000, 0x00000000b7100000|100%| O|  |TAMS 0x00000000b7100000, 0x00000000b7000000| Untracked 
| 113|0x00000000b7100000, 0x00000000b7200000, 0x00000000b7200000|100%| O|  |TAMS 0x00000000b7200000, 0x00000000b7100000| Untracked 
| 114|0x00000000b7200000, 0x00000000b7300000, 0x00000000b7300000|100%| O|  |TAMS 0x00000000b7300000, 0x00000000b7200000| Untracked 
| 115|0x00000000b7300000, 0x00000000b7400000, 0x00000000b7400000|100%| O|  |TAMS 0x00000000b7400000, 0x00000000b7300000| Untracked 
| 116|0x00000000b7400000, 0x00000000b7500000, 0x00000000b7500000|100%| O|  |TAMS 0x00000000b7500000, 0x00000000b7400000| Untracked 
| 117|0x00000000b7500000, 0x00000000b7600000, 0x00000000b7600000|100%| O|  |TAMS 0x00000000b7600000, 0x00000000b7500000| Untracked 
| 118|0x00000000b7600000, 0x00000000b7700000, 0x00000000b7700000|100%| O|  |TAMS 0x00000000b7600000, 0x00000000b7600000| Untracked 
| 119|0x00000000b7700000, 0x00000000b7800000, 0x00000000b7800000|100%| O|  |TAMS 0x00000000b7800000, 0x00000000b7700000| Untracked 
| 120|0x00000000b7800000, 0x00000000b7900000, 0x00000000b7900000|100%| O|  |TAMS 0x00000000b7900000, 0x00000000b7800000| Untracked 
| 121|0x00000000b7900000, 0x00000000b7a00000, 0x00000000b7a00000|100%| O|  |TAMS 0x00000000b7a00000, 0x00000000b7900000| Untracked 
| 122|0x00000000b7a00000, 0x00000000b7b00000, 0x00000000b7b00000|100%| O|  |TAMS 0x00000000b7b00000, 0x00000000b7a00000| Untracked 
| 123|0x00000000b7b00000, 0x00000000b7c00000, 0x00000000b7c00000|100%| O|  |TAMS 0x00000000b7c00000, 0x00000000b7b00000| Untracked 
| 124|0x00000000b7c00000, 0x00000000b7d00000, 0x00000000b7d00000|100%| O|  |TAMS 0x00000000b7d00000, 0x00000000b7c00000| Untracked 
| 125|0x00000000b7d00000, 0x00000000b7e00000, 0x00000000b7e00000|100%| O|  |TAMS 0x00000000b7e00000, 0x00000000b7d00000| Untracked 
| 126|0x00000000b7e00000, 0x00000000b7f00000, 0x00000000b7f00000|100%| O|  |TAMS 0x00000000b7f00000, 0x00000000b7e00000| Untracked 
| 127|0x00000000b7f00000, 0x00000000b8000000, 0x00000000b8000000|100%| O|  |TAMS 0x00000000b7f00000, 0x00000000b7f00000| Untracked 
| 128|0x00000000b8000000, 0x00000000b8100000, 0x00000000b8100000|100%| O|  |TAMS 0x00000000b8100000, 0x00000000b8000000| Untracked 
| 129|0x00000000b8100000, 0x00000000b8200000, 0x00000000b8200000|100%| O|  |TAMS 0x00000000b8200000, 0x00000000b8100000| Untracked 
| 130|0x00000000b8200000, 0x00000000b8300000, 0x00000000b8300000|100%| O|  |TAMS 0x00000000b8300000, 0x00000000b8200000| Untracked 
| 131|0x00000000b8300000, 0x00000000b8400000, 0x00000000b8400000|100%| O|  |TAMS 0x00000000b8400000, 0x00000000b8300000| Untracked 
| 132|0x00000000b8400000, 0x00000000b8500000, 0x00000000b8500000|100%| O|  |TAMS 0x00000000b8500000, 0x00000000b8400000| Untracked 
| 133|0x00000000b8500000, 0x00000000b8600000, 0x00000000b8600000|100%| O|  |TAMS 0x00000000b8600000, 0x00000000b8500000| Untracked 
| 134|0x00000000b8600000, 0x00000000b8700000, 0x00000000b8700000|100%| O|  |TAMS 0x00000000b8700000, 0x00000000b8600000| Untracked 
| 135|0x00000000b8700000, 0x00000000b8800000, 0x00000000b8800000|100%| O|  |TAMS 0x00000000b8800000, 0x00000000b8700000| Untracked 
| 136|0x00000000b8800000, 0x00000000b8900000, 0x00000000b8900000|100%| O|  |TAMS 0x00000000b8800000, 0x00000000b8800000| Untracked 
| 137|0x00000000b8900000, 0x00000000b8a00000, 0x00000000b8a00000|100%| O|  |TAMS 0x00000000b8a00000, 0x00000000b8900000| Untracked 
| 138|0x00000000b8a00000, 0x00000000b8b00000, 0x00000000b8b00000|100%| O|  |TAMS 0x00000000b8b00000, 0x00000000b8a00000| Untracked 
| 139|0x00000000b8b00000, 0x00000000b8c00000, 0x00000000b8c00000|100%| O|  |TAMS 0x00000000b8c00000, 0x00000000b8b00000| Untracked 
| 140|0x00000000b8c00000, 0x00000000b8d00000, 0x00000000b8d00000|100%| O|  |TAMS 0x00000000b8d00000, 0x00000000b8c00000| Untracked 
| 141|0x00000000b8d00000, 0x00000000b8e00000, 0x00000000b8e00000|100%| O|  |TAMS 0x00000000b8e00000, 0x00000000b8d00000| Untracked 
| 142|0x00000000b8e00000, 0x00000000b8f00000, 0x00000000b8f00000|100%| O|  |TAMS 0x00000000b8f00000, 0x00000000b8e00000| Untracked 
| 143|0x00000000b8f00000, 0x00000000b9000000, 0x00000000b9000000|100%| O|  |TAMS 0x00000000b9000000, 0x00000000b8f00000| Untracked 
| 144|0x00000000b9000000, 0x00000000b9100000, 0x00000000b9100000|100%| O|  |TAMS 0x00000000b9100000, 0x00000000b9000000| Untracked 
| 145|0x00000000b9100000, 0x00000000b9200000, 0x00000000b9200000|100%| O|  |TAMS 0x00000000b9200000, 0x00000000b9100000| Untracked 
| 146|0x00000000b9200000, 0x00000000b9300000, 0x00000000b9300000|100%| O|  |TAMS 0x00000000b9300000, 0x00000000b9200000| Untracked 
| 147|0x00000000b9300000, 0x00000000b9400000, 0x00000000b9400000|100%| O|  |TAMS 0x00000000b9400000, 0x00000000b9300000| Untracked 
| 148|0x00000000b9400000, 0x00000000b9500000, 0x00000000b9500000|100%| O|  |TAMS 0x00000000b9500000, 0x00000000b9400000| Untracked 
| 149|0x00000000b9500000, 0x00000000b9600000, 0x00000000b9600000|100%| O|  |TAMS 0x00000000b9600000, 0x00000000b9500000| Untracked 
| 150|0x00000000b9600000, 0x00000000b9700000, 0x00000000b9700000|100%| O|  |TAMS 0x00000000b9680000, 0x00000000b9600000| Untracked 
| 151|0x00000000b9700000, 0x00000000b9800000, 0x00000000b9800000|100%| O|  |TAMS 0x00000000b9700000, 0x00000000b9700000| Untracked 
| 152|0x00000000b9800000, 0x00000000b9900000, 0x00000000b9900000|100%| O|  |TAMS 0x00000000b9800000, 0x00000000b9800000| Untracked 
| 153|0x00000000b9900000, 0x00000000b9a00000, 0x00000000b9a00000|100%| O|  |TAMS 0x00000000b9900000, 0x00000000b9900000| Untracked 
| 154|0x00000000b9a00000, 0x00000000b9b00000, 0x00000000b9b00000|100%| O|  |TAMS 0x00000000b9a00000, 0x00000000b9a00000| Untracked 
| 155|0x00000000b9b00000, 0x00000000b9c00000, 0x00000000b9c00000|100%| O|  |TAMS 0x00000000b9b00000, 0x00000000b9b00000| Untracked 
| 156|0x00000000b9c00000, 0x00000000b9d00000, 0x00000000b9d00000|100%| O|  |TAMS 0x00000000b9c00000, 0x00000000b9c00000| Untracked 
| 157|0x00000000b9d00000, 0x00000000b9e00000, 0x00000000b9e00000|100%| O|  |TAMS 0x00000000b9d00000, 0x00000000b9d00000| Untracked 
| 158|0x00000000b9e00000, 0x00000000b9f00000, 0x00000000b9f00000|100%| O|  |TAMS 0x00000000b9e00000, 0x00000000b9e00000| Untracked 
| 159|0x00000000b9f00000, 0x00000000ba000000, 0x00000000ba000000|100%| O|  |TAMS 0x00000000b9f00000, 0x00000000b9f00000| Untracked 
| 160|0x00000000ba000000, 0x00000000ba100000, 0x00000000ba100000|100%| O|  |TAMS 0x00000000ba000000, 0x00000000ba000000| Untracked 
| 161|0x00000000ba100000, 0x00000000ba200000, 0x00000000ba200000|100%| O|  |TAMS 0x00000000ba100000, 0x00000000ba100000| Untracked 
| 162|0x00000000ba200000, 0x00000000ba300000, 0x00000000ba300000|100%| O|  |TAMS 0x00000000ba200000, 0x00000000ba200000| Untracked 
| 163|0x00000000ba300000, 0x00000000ba400000, 0x00000000ba400000|100%| O|  |TAMS 0x00000000ba300000, 0x00000000ba300000| Untracked 
| 164|0x00000000ba400000, 0x00000000ba500000, 0x00000000ba500000|100%|HS|  |TAMS 0x00000000ba400000, 0x00000000ba400000| Complete 
| 165|0x00000000ba500000, 0x00000000ba600000, 0x00000000ba600000|100%|HC|  |TAMS 0x00000000ba500000, 0x00000000ba500000| Complete 
| 166|0x00000000ba600000, 0x00000000ba700000, 0x00000000ba700000|100%| O|  |TAMS 0x00000000ba600000, 0x00000000ba600000| Untracked 
| 167|0x00000000ba700000, 0x00000000ba800000, 0x00000000ba800000|100%| O|  |TAMS 0x00000000ba700000, 0x00000000ba700000| Untracked 
| 168|0x00000000ba800000, 0x00000000ba900000, 0x00000000ba900000|100%| O|  |TAMS 0x00000000ba800000, 0x00000000ba800000| Untracked 
| 169|0x00000000ba900000, 0x00000000baa00000, 0x00000000baa00000|100%| O|  |TAMS 0x00000000ba900000, 0x00000000ba900000| Untracked 
| 170|0x00000000baa00000, 0x00000000bab00000, 0x00000000bab00000|100%| O|  |TAMS 0x00000000baa00000, 0x00000000baa00000| Untracked 
| 171|0x00000000bab00000, 0x00000000bac00000, 0x00000000bac00000|100%| O|  |TAMS 0x00000000bab00000, 0x00000000bab00000| Untracked 
| 172|0x00000000bac00000, 0x00000000bad00000, 0x00000000bad00000|100%| O|  |TAMS 0x00000000bac00000, 0x00000000bac00000| Untracked 
| 173|0x00000000bad00000, 0x00000000bae00000, 0x00000000bae00000|100%| O|  |TAMS 0x00000000bad00000, 0x00000000bad00000| Untracked 
| 174|0x00000000bae00000, 0x00000000baf00000, 0x00000000baf00000|100%| O|  |TAMS 0x00000000bae00000, 0x00000000bae00000| Untracked 
| 175|0x00000000baf00000, 0x00000000bb000000, 0x00000000bb000000|100%| O|  |TAMS 0x00000000baf00000, 0x00000000baf00000| Untracked 
| 176|0x00000000bb000000, 0x00000000bb100000, 0x00000000bb100000|100%| O|  |TAMS 0x00000000bb000000, 0x00000000bb000000| Untracked 
| 177|0x00000000bb100000, 0x00000000bb200000, 0x00000000bb200000|100%| O|  |TAMS 0x00000000bb100000, 0x00000000bb100000| Untracked 
| 178|0x00000000bb200000, 0x00000000bb300000, 0x00000000bb300000|100%| O|  |TAMS 0x00000000bb200000, 0x00000000bb200000| Untracked 
| 179|0x00000000bb300000, 0x00000000bb400000, 0x00000000bb400000|100%| O|  |TAMS 0x00000000bb300000, 0x00000000bb300000| Untracked 
| 180|0x00000000bb400000, 0x00000000bb500000, 0x00000000bb500000|100%| O|  |TAMS 0x00000000bb400000, 0x00000000bb400000| Untracked 
| 181|0x00000000bb500000, 0x00000000bb600000, 0x00000000bb600000|100%| O|  |TAMS 0x00000000bb500000, 0x00000000bb500000| Untracked 
| 182|0x00000000bb600000, 0x00000000bb700000, 0x00000000bb700000|100%| O|  |TAMS 0x00000000bb600000, 0x00000000bb600000| Untracked 
| 183|0x00000000bb700000, 0x00000000bb800000, 0x00000000bb800000|100%| O|  |TAMS 0x00000000bb700000, 0x00000000bb700000| Untracked 
| 184|0x00000000bb800000, 0x00000000bb900000, 0x00000000bb900000|100%| O|  |TAMS 0x00000000bb800000, 0x00000000bb800000| Untracked 
| 185|0x00000000bb900000, 0x00000000bba00000, 0x00000000bba00000|100%| O|  |TAMS 0x00000000bb900000, 0x00000000bb900000| Untracked 
| 186|0x00000000bba00000, 0x00000000bbb00000, 0x00000000bbb00000|100%| O|  |TAMS 0x00000000bba00000, 0x00000000bba00000| Untracked 
| 187|0x00000000bbb00000, 0x00000000bbc00000, 0x00000000bbc00000|100%| O|  |TAMS 0x00000000bbb00000, 0x00000000bbb00000| Untracked 
| 188|0x00000000bbc00000, 0x00000000bbd00000, 0x00000000bbd00000|100%| O|  |TAMS 0x00000000bbc00000, 0x00000000bbc00000| Untracked 
| 189|0x00000000bbd00000, 0x00000000bbe00000, 0x00000000bbe00000|100%| O|  |TAMS 0x00000000bbd00000, 0x00000000bbd00000| Untracked 
| 190|0x00000000bbe00000, 0x00000000bbf00000, 0x00000000bbf00000|100%| O|  |TAMS 0x00000000bbe00000, 0x00000000bbe00000| Untracked 
| 191|0x00000000bbf00000, 0x00000000bc000000, 0x00000000bc000000|100%| O|  |TAMS 0x00000000bbf00000, 0x00000000bbf00000| Untracked 
| 192|0x00000000bc000000, 0x00000000bc100000, 0x00000000bc100000|100%| O|  |TAMS 0x00000000bc000000, 0x00000000bc000000| Untracked 
| 193|0x00000000bc100000, 0x00000000bc200000, 0x00000000bc200000|100%| O|  |TAMS 0x00000000bc100000, 0x00000000bc100000| Untracked 
| 194|0x00000000bc200000, 0x00000000bc300000, 0x00000000bc300000|100%| O|  |TAMS 0x00000000bc200000, 0x00000000bc200000| Untracked 
| 195|0x00000000bc300000, 0x00000000bc400000, 0x00000000bc400000|100%| O|  |TAMS 0x00000000bc300000, 0x00000000bc300000| Untracked 
| 196|0x00000000bc400000, 0x00000000bc500000, 0x00000000bc500000|100%| O|  |TAMS 0x00000000bc400000, 0x00000000bc400000| Untracked 
| 197|0x00000000bc500000, 0x00000000bc600000, 0x00000000bc600000|100%| O|  |TAMS 0x00000000bc500000, 0x00000000bc500000| Untracked 
| 198|0x00000000bc600000, 0x00000000bc700000, 0x00000000bc700000|100%| O|  |TAMS 0x00000000bc600000, 0x00000000bc600000| Untracked 
| 199|0x00000000bc700000, 0x00000000bc800000, 0x00000000bc800000|100%| O|  |TAMS 0x00000000bc700000, 0x00000000bc700000| Untracked 
| 200|0x00000000bc800000, 0x00000000bc900000, 0x00000000bc900000|100%| O|  |TAMS 0x00000000bc800000, 0x00000000bc800000| Untracked 
| 201|0x00000000bc900000, 0x00000000bca00000, 0x00000000bca00000|100%| O|  |TAMS 0x00000000bc900000, 0x00000000bc900000| Untracked 
| 202|0x00000000bca00000, 0x00000000bcb00000, 0x00000000bcb00000|100%| O|  |TAMS 0x00000000bca00000, 0x00000000bca00000| Untracked 
| 203|0x00000000bcb00000, 0x00000000bcc00000, 0x00000000bcc00000|100%| O|  |TAMS 0x00000000bcb00000, 0x00000000bcb00000| Untracked 
| 204|0x00000000bcc00000, 0x00000000bcd00000, 0x00000000bcd00000|100%| O|  |TAMS 0x00000000bcc00000, 0x00000000bcc00000| Untracked 
| 205|0x00000000bcd00000, 0x00000000bce00000, 0x00000000bce00000|100%| O|  |TAMS 0x00000000bcd00000, 0x00000000bcd00000| Untracked 
| 206|0x00000000bce00000, 0x00000000bcf00000, 0x00000000bcf00000|100%| O|  |TAMS 0x00000000bce00000, 0x00000000bce00000| Untracked 
| 207|0x00000000bcf00000, 0x00000000bd000000, 0x00000000bd000000|100%| O|  |TAMS 0x00000000bcf00000, 0x00000000bcf00000| Untracked 
| 208|0x00000000bd000000, 0x00000000bd100000, 0x00000000bd100000|100%| O|  |TAMS 0x00000000bd000000, 0x00000000bd000000| Untracked 
| 209|0x00000000bd100000, 0x00000000bd200000, 0x00000000bd200000|100%| O|  |TAMS 0x00000000bd100000, 0x00000000bd100000| Untracked 
| 210|0x00000000bd200000, 0x00000000bd300000, 0x00000000bd300000|100%| O|  |TAMS 0x00000000bd200000, 0x00000000bd200000| Untracked 
| 211|0x00000000bd300000, 0x00000000bd400000, 0x00000000bd400000|100%| O|  |TAMS 0x00000000bd300000, 0x00000000bd300000| Untracked 
| 212|0x00000000bd400000, 0x00000000bd500000, 0x00000000bd500000|100%| O|  |TAMS 0x00000000bd400000, 0x00000000bd400000| Untracked 
| 213|0x00000000bd500000, 0x00000000bd600000, 0x00000000bd600000|100%| O|  |TAMS 0x00000000bd500000, 0x00000000bd500000| Untracked 
| 214|0x00000000bd600000, 0x00000000bd700000, 0x00000000bd700000|100%| O|  |TAMS 0x00000000bd600000, 0x00000000bd600000| Untracked 
| 215|0x00000000bd700000, 0x00000000bd800000, 0x00000000bd800000|100%| O|  |TAMS 0x00000000bd700000, 0x00000000bd700000| Untracked 
| 216|0x00000000bd800000, 0x00000000bd900000, 0x00000000bd900000|100%| O|  |TAMS 0x00000000bd800000, 0x00000000bd800000| Untracked 
| 217|0x00000000bd900000, 0x00000000bda00000, 0x00000000bda00000|100%| O|  |TAMS 0x00000000bd900000, 0x00000000bd900000| Untracked 
| 218|0x00000000bda00000, 0x00000000bdb00000, 0x00000000bdb00000|100%| O|  |TAMS 0x00000000bda00000, 0x00000000bda00000| Untracked 
| 219|0x00000000bdb00000, 0x00000000bdc00000, 0x00000000bdc00000|100%| O|  |TAMS 0x00000000bdb00000, 0x00000000bdb00000| Untracked 
| 220|0x00000000bdc00000, 0x00000000bdd00000, 0x00000000bdd00000|100%| O|  |TAMS 0x00000000bdc00000, 0x00000000bdc00000| Untracked 
| 221|0x00000000bdd00000, 0x00000000bde00000, 0x00000000bde00000|100%| O|  |TAMS 0x00000000bdd00000, 0x00000000bdd00000| Untracked 
| 222|0x00000000bde00000, 0x00000000bdf00000, 0x00000000bdf00000|100%| O|  |TAMS 0x00000000bde00000, 0x00000000bde00000| Untracked 
| 223|0x00000000bdf00000, 0x00000000be000000, 0x00000000be000000|100%| O|  |TAMS 0x00000000bdf00000, 0x00000000bdf00000| Untracked 
| 224|0x00000000be000000, 0x00000000be100000, 0x00000000be100000|100%| O|  |TAMS 0x00000000be000000, 0x00000000be000000| Untracked 
| 225|0x00000000be100000, 0x00000000be200000, 0x00000000be200000|100%| O|  |TAMS 0x00000000be100000, 0x00000000be100000| Untracked 
| 226|0x00000000be200000, 0x00000000be300000, 0x00000000be300000|100%| O|  |TAMS 0x00000000be200000, 0x00000000be200000| Untracked 
| 227|0x00000000be300000, 0x00000000be400000, 0x00000000be400000|100%| O|  |TAMS 0x00000000be300000, 0x00000000be300000| Untracked 
| 228|0x00000000be400000, 0x00000000be500000, 0x00000000be500000|100%| O|  |TAMS 0x00000000be400000, 0x00000000be400000| Untracked 
| 229|0x00000000be500000, 0x00000000be600000, 0x00000000be600000|100%| O|  |TAMS 0x00000000be500000, 0x00000000be500000| Untracked 
| 230|0x00000000be600000, 0x00000000be700000, 0x00000000be700000|100%| O|  |TAMS 0x00000000be600000, 0x00000000be600000| Untracked 
| 231|0x00000000be700000, 0x00000000be800000, 0x00000000be800000|100%| O|  |TAMS 0x00000000be700000, 0x00000000be700000| Untracked 
| 232|0x00000000be800000, 0x00000000be900000, 0x00000000be900000|100%| O|  |TAMS 0x00000000be800000, 0x00000000be800000| Untracked 
| 233|0x00000000be900000, 0x00000000bea00000, 0x00000000bea00000|100%| O|  |TAMS 0x00000000be900000, 0x00000000be900000| Untracked 
| 234|0x00000000bea00000, 0x00000000beb00000, 0x00000000beb00000|100%| O|  |TAMS 0x00000000bea00000, 0x00000000bea00000| Untracked 
| 235|0x00000000beb00000, 0x00000000bec00000, 0x00000000bec00000|100%| O|  |TAMS 0x00000000beb00000, 0x00000000beb00000| Untracked 
| 236|0x00000000bec00000, 0x00000000bed00000, 0x00000000bed00000|100%| O|  |TAMS 0x00000000bec00000, 0x00000000bec00000| Untracked 
| 237|0x00000000bed00000, 0x00000000bee00000, 0x00000000bee00000|100%| O|  |TAMS 0x00000000bed00000, 0x00000000bed00000| Untracked 
| 238|0x00000000bee00000, 0x00000000bef00000, 0x00000000bef00000|100%| O|  |TAMS 0x00000000bee00000, 0x00000000bee00000| Untracked 
| 239|0x00000000bef00000, 0x00000000bf000000, 0x00000000bf000000|100%| O|  |TAMS 0x00000000bef00000, 0x00000000bef00000| Untracked 
| 240|0x00000000bf000000, 0x00000000bf100000, 0x00000000bf100000|100%| O|  |TAMS 0x00000000bf000000, 0x00000000bf000000| Untracked 
| 241|0x00000000bf100000, 0x00000000bf200000, 0x00000000bf200000|100%| O|  |TAMS 0x00000000bf100000, 0x00000000bf100000| Untracked 
| 242|0x00000000bf200000, 0x00000000bf300000, 0x00000000bf300000|100%| O|  |TAMS 0x00000000bf200000, 0x00000000bf200000| Untracked 
| 243|0x00000000bf300000, 0x00000000bf400000, 0x00000000bf400000|100%| O|  |TAMS 0x00000000bf300000, 0x00000000bf300000| Untracked 
| 244|0x00000000bf400000, 0x00000000bf500000, 0x00000000bf500000|100%| O|  |TAMS 0x00000000bf400000, 0x00000000bf400000| Untracked 
| 245|0x00000000bf500000, 0x00000000bf600000, 0x00000000bf600000|100%| O|  |TAMS 0x00000000bf500000, 0x00000000bf500000| Untracked 
| 246|0x00000000bf600000, 0x00000000bf700000, 0x00000000bf700000|100%| O|  |TAMS 0x00000000bf600000, 0x00000000bf600000| Untracked 
| 247|0x00000000bf700000, 0x00000000bf800000, 0x00000000bf800000|100%| O|  |TAMS 0x00000000bf700000, 0x00000000bf700000| Untracked 
| 248|0x00000000bf800000, 0x00000000bf900000, 0x00000000bf900000|100%| O|  |TAMS 0x00000000bf800000, 0x00000000bf800000| Untracked 
| 249|0x00000000bf900000, 0x00000000bfa00000, 0x00000000bfa00000|100%| O|  |TAMS 0x00000000bf900000, 0x00000000bf900000| Untracked 
| 250|0x00000000bfa00000, 0x00000000bfb00000, 0x00000000bfb00000|100%| O|  |TAMS 0x00000000bfa00000, 0x00000000bfa00000| Untracked 
| 251|0x00000000bfb00000, 0x00000000bfc00000, 0x00000000bfc00000|100%| O|  |TAMS 0x00000000bfb00000, 0x00000000bfb00000| Untracked 
| 252|0x00000000bfc00000, 0x00000000bfd00000, 0x00000000bfd00000|100%| O|  |TAMS 0x00000000bfc00000, 0x00000000bfc00000| Untracked 
| 253|0x00000000bfd00000, 0x00000000bfe00000, 0x00000000bfe00000|100%| O|  |TAMS 0x00000000bfd00000, 0x00000000bfd00000| Untracked 
| 254|0x00000000bfe00000, 0x00000000bff00000, 0x00000000bff00000|100%| O|  |TAMS 0x00000000bfe00000, 0x00000000bfe00000| Untracked 
| 255|0x00000000bff00000, 0x00000000c0000000, 0x00000000c0000000|100%| O|  |TAMS 0x00000000bff00000, 0x00000000bff00000| Untracked 
| 256|0x00000000c0000000, 0x00000000c0100000, 0x00000000c0100000|100%| O|  |TAMS 0x00000000c0000000, 0x00000000c0000000| Untracked 
| 257|0x00000000c0100000, 0x00000000c0200000, 0x00000000c0200000|100%| O|  |TAMS 0x00000000c0100000, 0x00000000c0100000| Untracked 
| 258|0x00000000c0200000, 0x00000000c0300000, 0x00000000c0300000|100%| O|  |TAMS 0x00000000c0200000, 0x00000000c0200000| Untracked 
| 259|0x00000000c0300000, 0x00000000c0400000, 0x00000000c0400000|100%| O|  |TAMS 0x00000000c0300000, 0x00000000c0300000| Untracked 
| 260|0x00000000c0400000, 0x00000000c0500000, 0x00000000c0500000|100%| O|  |TAMS 0x00000000c0400000, 0x00000000c0400000| Untracked 
| 261|0x00000000c0500000, 0x00000000c0600000, 0x00000000c0600000|100%| O|  |TAMS 0x00000000c0500000, 0x00000000c0500000| Untracked 
| 262|0x00000000c0600000, 0x00000000c0700000, 0x00000000c0700000|100%| O|  |TAMS 0x00000000c0600000, 0x00000000c0600000| Untracked 
| 263|0x00000000c0700000, 0x00000000c0800000, 0x00000000c0800000|100%| O|  |TAMS 0x00000000c0700000, 0x00000000c0700000| Untracked 
| 264|0x00000000c0800000, 0x00000000c0900000, 0x00000000c0900000|100%| O|  |TAMS 0x00000000c0800000, 0x00000000c0800000| Untracked 
| 265|0x00000000c0900000, 0x00000000c0a00000, 0x00000000c0a00000|100%| O|  |TAMS 0x00000000c0900000, 0x00000000c0900000| Untracked 
| 266|0x00000000c0a00000, 0x00000000c0b00000, 0x00000000c0b00000|100%| O|  |TAMS 0x00000000c0a00000, 0x00000000c0a00000| Untracked 
| 267|0x00000000c0b00000, 0x00000000c0c00000, 0x00000000c0c00000|100%| O|  |TAMS 0x00000000c0b00000, 0x00000000c0b00000| Untracked 
| 268|0x00000000c0c00000, 0x00000000c0d00000, 0x00000000c0d00000|100%| O|  |TAMS 0x00000000c0c00000, 0x00000000c0c00000| Untracked 
| 269|0x00000000c0d00000, 0x00000000c0e00000, 0x00000000c0e00000|100%| O|  |TAMS 0x00000000c0d00000, 0x00000000c0d00000| Untracked 
| 270|0x00000000c0e00000, 0x00000000c0f00000, 0x00000000c0f00000|100%| O|  |TAMS 0x00000000c0e00000, 0x00000000c0e00000| Untracked 
| 271|0x00000000c0f00000, 0x00000000c1000000, 0x00000000c1000000|100%| O|  |TAMS 0x00000000c0f00000, 0x00000000c0f00000| Untracked 
| 272|0x00000000c1000000, 0x00000000c1100000, 0x00000000c1100000|100%| O|  |TAMS 0x00000000c1000000, 0x00000000c1000000| Untracked 
| 273|0x00000000c1100000, 0x00000000c1200000, 0x00000000c1200000|100%| O|  |TAMS 0x00000000c1100000, 0x00000000c1100000| Untracked 
| 274|0x00000000c1200000, 0x00000000c1300000, 0x00000000c1300000|100%| O|  |TAMS 0x00000000c1200000, 0x00000000c1200000| Untracked 
| 275|0x00000000c1300000, 0x00000000c1400000, 0x00000000c1400000|100%| O|  |TAMS 0x00000000c1300000, 0x00000000c1300000| Untracked 
| 276|0x00000000c1400000, 0x00000000c1500000, 0x00000000c1500000|100%| O|  |TAMS 0x00000000c1400000, 0x00000000c1400000| Untracked 
| 277|0x00000000c1500000, 0x00000000c1600000, 0x00000000c1600000|100%| O|  |TAMS 0x00000000c1500000, 0x00000000c1500000| Untracked 
| 278|0x00000000c1600000, 0x00000000c1700000, 0x00000000c1700000|100%| O|  |TAMS 0x00000000c1600000, 0x00000000c1600000| Untracked 
| 279|0x00000000c1700000, 0x00000000c1800000, 0x00000000c1800000|100%| O|  |TAMS 0x00000000c1700000, 0x00000000c1700000| Untracked 
| 280|0x00000000c1800000, 0x00000000c1900000, 0x00000000c1900000|100%| O|  |TAMS 0x00000000c1800000, 0x00000000c1800000| Untracked 
| 281|0x00000000c1900000, 0x00000000c1a00000, 0x00000000c1a00000|100%| O|  |TAMS 0x00000000c1900000, 0x00000000c1900000| Untracked 
| 282|0x00000000c1a00000, 0x00000000c1b00000, 0x00000000c1b00000|100%| O|  |TAMS 0x00000000c1a00000, 0x00000000c1a00000| Untracked 
| 283|0x00000000c1b00000, 0x00000000c1c00000, 0x00000000c1c00000|100%| O|  |TAMS 0x00000000c1b00000, 0x00000000c1b00000| Untracked 
| 284|0x00000000c1c00000, 0x00000000c1d00000, 0x00000000c1d00000|100%| O|  |TAMS 0x00000000c1c00000, 0x00000000c1c00000| Untracked 
| 285|0x00000000c1d00000, 0x00000000c1e00000, 0x00000000c1e00000|100%| O|  |TAMS 0x00000000c1d00000, 0x00000000c1d00000| Untracked 
| 286|0x00000000c1e00000, 0x00000000c1f00000, 0x00000000c1f00000|100%| O|  |TAMS 0x00000000c1e00000, 0x00000000c1e00000| Untracked 
| 287|0x00000000c1f00000, 0x00000000c2000000, 0x00000000c2000000|100%| O|  |TAMS 0x00000000c1f00000, 0x00000000c1f00000| Untracked 
| 288|0x00000000c2000000, 0x00000000c2100000, 0x00000000c2100000|100%| O|  |TAMS 0x00000000c2000000, 0x00000000c2000000| Untracked 
| 289|0x00000000c2100000, 0x00000000c2200000, 0x00000000c2200000|100%| O|  |TAMS 0x00000000c2100000, 0x00000000c2100000| Untracked 
| 290|0x00000000c2200000, 0x00000000c2300000, 0x00000000c2300000|100%| O|  |TAMS 0x00000000c2200000, 0x00000000c2200000| Untracked 
| 291|0x00000000c2300000, 0x00000000c2400000, 0x00000000c2400000|100%| O|  |TAMS 0x00000000c2300000, 0x00000000c2300000| Untracked 
| 292|0x00000000c2400000, 0x00000000c2500000, 0x00000000c2500000|100%| O|  |TAMS 0x00000000c2400000, 0x00000000c2400000| Untracked 
| 293|0x00000000c2500000, 0x00000000c2600000, 0x00000000c2600000|100%| O|  |TAMS 0x00000000c2500000, 0x00000000c2500000| Untracked 
| 294|0x00000000c2600000, 0x00000000c2700000, 0x00000000c2700000|100%| O|  |TAMS 0x00000000c2600000, 0x00000000c2600000| Untracked 
| 295|0x00000000c2700000, 0x00000000c2800000, 0x00000000c2800000|100%| O|  |TAMS 0x00000000c2700000, 0x00000000c2700000| Untracked 
| 296|0x00000000c2800000, 0x00000000c2900000, 0x00000000c2900000|100%| O|  |TAMS 0x00000000c2800000, 0x00000000c2800000| Untracked 
| 297|0x00000000c2900000, 0x00000000c2a00000, 0x00000000c2a00000|100%| O|  |TAMS 0x00000000c2900000, 0x00000000c2900000| Untracked 
| 298|0x00000000c2a00000, 0x00000000c2b00000, 0x00000000c2b00000|100%| O|  |TAMS 0x00000000c2a00000, 0x00000000c2a00000| Untracked 
| 299|0x00000000c2b00000, 0x00000000c2c00000, 0x00000000c2c00000|100%| O|  |TAMS 0x00000000c2b00000, 0x00000000c2b00000| Untracked 
| 300|0x00000000c2c00000, 0x00000000c2d00000, 0x00000000c2d00000|100%| O|  |TAMS 0x00000000c2c00000, 0x00000000c2c00000| Untracked 
| 301|0x00000000c2d00000, 0x00000000c2e00000, 0x00000000c2e00000|100%| O|  |TAMS 0x00000000c2d00000, 0x00000000c2d00000| Untracked 
| 302|0x00000000c2e00000, 0x00000000c2f00000, 0x00000000c2f00000|100%| O|  |TAMS 0x00000000c2e00000, 0x00000000c2e00000| Untracked 
| 303|0x00000000c2f00000, 0x00000000c3000000, 0x00000000c3000000|100%| O|  |TAMS 0x00000000c2f00000, 0x00000000c2f00000| Untracked 
| 304|0x00000000c3000000, 0x00000000c3100000, 0x00000000c3100000|100%| O|  |TAMS 0x00000000c3000000, 0x00000000c3000000| Untracked 
| 305|0x00000000c3100000, 0x00000000c3200000, 0x00000000c3200000|100%| O|  |TAMS 0x00000000c3100000, 0x00000000c3100000| Untracked 
| 306|0x00000000c3200000, 0x00000000c3300000, 0x00000000c3300000|100%| O|  |TAMS 0x00000000c3200000, 0x00000000c3200000| Untracked 
| 307|0x00000000c3300000, 0x00000000c3400000, 0x00000000c3400000|100%| O|  |TAMS 0x00000000c3300000, 0x00000000c3300000| Untracked 
| 308|0x00000000c3400000, 0x00000000c3500000, 0x00000000c3500000|100%| O|  |TAMS 0x00000000c3400000, 0x00000000c3400000| Untracked 
| 309|0x00000000c3500000, 0x00000000c3580000, 0x00000000c3600000| 50%| O|  |TAMS 0x00000000c3500000, 0x00000000c3500000| Untracked 
| 310|0x00000000c3600000, 0x00000000c3600000, 0x00000000c3700000|  0%| F|  |TAMS 0x00000000c3600000, 0x00000000c3600000| Untracked 
| 311|0x00000000c3700000, 0x00000000c3700000, 0x00000000c3800000|  0%| F|  |TAMS 0x00000000c3700000, 0x00000000c3700000| Untracked 
| 312|0x00000000c3800000, 0x00000000c3800000, 0x00000000c3900000|  0%| F|  |TAMS 0x00000000c3800000, 0x00000000c3800000| Untracked 
| 313|0x00000000c3900000, 0x00000000c3900000, 0x00000000c3a00000|  0%| F|  |TAMS 0x00000000c3900000, 0x00000000c3900000| Untracked 
| 314|0x00000000c3a00000, 0x00000000c3a00000, 0x00000000c3b00000|  0%| F|  |TAMS 0x00000000c3a00000, 0x00000000c3a00000| Untracked 
| 315|0x00000000c3b00000, 0x00000000c3b00000, 0x00000000c3c00000|  0%| F|  |TAMS 0x00000000c3b00000, 0x00000000c3b00000| Untracked 
| 316|0x00000000c3c00000, 0x00000000c3c00000, 0x00000000c3d00000|  0%| F|  |TAMS 0x00000000c3c00000, 0x00000000c3c00000| Untracked 
| 317|0x00000000c3d00000, 0x00000000c3d00000, 0x00000000c3e00000|  0%| F|  |TAMS 0x00000000c3d00000, 0x00000000c3d00000| Untracked 
| 318|0x00000000c3e00000, 0x00000000c3e00000, 0x00000000c3f00000|  0%| F|  |TAMS 0x00000000c3e00000, 0x00000000c3e00000| Untracked 
| 319|0x00000000c3f00000, 0x00000000c3f00000, 0x00000000c4000000|  0%| F|  |TAMS 0x00000000c3f00000, 0x00000000c3f00000| Untracked 
| 320|0x00000000c4000000, 0x00000000c4000000, 0x00000000c4100000|  0%| F|  |TAMS 0x00000000c4000000, 0x00000000c4000000| Untracked 
| 321|0x00000000c4100000, 0x00000000c4100000, 0x00000000c4200000|  0%| F|  |TAMS 0x00000000c4100000, 0x00000000c4100000| Untracked 
| 322|0x00000000c4200000, 0x00000000c4200000, 0x00000000c4300000|  0%| F|  |TAMS 0x00000000c4200000, 0x00000000c4200000| Untracked 
| 323|0x00000000c4300000, 0x00000000c4300000, 0x00000000c4400000|  0%| F|  |TAMS 0x00000000c4300000, 0x00000000c4300000| Untracked 
| 324|0x00000000c4400000, 0x00000000c4400000, 0x00000000c4500000|  0%| F|  |TAMS 0x00000000c4400000, 0x00000000c4400000| Untracked 
| 325|0x00000000c4500000, 0x00000000c4500000, 0x00000000c4600000|  0%| F|  |TAMS 0x00000000c4500000, 0x00000000c4500000| Untracked 
| 326|0x00000000c4600000, 0x00000000c4600000, 0x00000000c4700000|  0%| F|  |TAMS 0x00000000c4600000, 0x00000000c4600000| Untracked 
| 327|0x00000000c4700000, 0x00000000c4700000, 0x00000000c4800000|  0%| F|  |TAMS 0x00000000c4700000, 0x00000000c4700000| Untracked 
| 328|0x00000000c4800000, 0x00000000c4800000, 0x00000000c4900000|  0%| F|  |TAMS 0x00000000c4800000, 0x00000000c4800000| Untracked 
| 329|0x00000000c4900000, 0x00000000c4900000, 0x00000000c4a00000|  0%| F|  |TAMS 0x00000000c4900000, 0x00000000c4900000| Untracked 
| 330|0x00000000c4a00000, 0x00000000c4a00000, 0x00000000c4b00000|  0%| F|  |TAMS 0x00000000c4a00000, 0x00000000c4a00000| Untracked 
| 331|0x00000000c4b00000, 0x00000000c4b00000, 0x00000000c4c00000|  0%| F|  |TAMS 0x00000000c4b00000, 0x00000000c4b00000| Untracked 
| 332|0x00000000c4c00000, 0x00000000c4c00000, 0x00000000c4d00000|  0%| F|  |TAMS 0x00000000c4c00000, 0x00000000c4c00000| Untracked 
| 333|0x00000000c4d00000, 0x00000000c4d00000, 0x00000000c4e00000|  0%| F|  |TAMS 0x00000000c4d00000, 0x00000000c4d00000| Untracked 
| 334|0x00000000c4e00000, 0x00000000c4e00000, 0x00000000c4f00000|  0%| F|  |TAMS 0x00000000c4e00000, 0x00000000c4e00000| Untracked 
| 335|0x00000000c4f00000, 0x00000000c4f00000, 0x00000000c5000000|  0%| F|  |TAMS 0x00000000c4f00000, 0x00000000c4f00000| Untracked 
| 336|0x00000000c5000000, 0x00000000c5000000, 0x00000000c5100000|  0%| F|  |TAMS 0x00000000c5000000, 0x00000000c5000000| Untracked 
| 337|0x00000000c5100000, 0x00000000c5100000, 0x00000000c5200000|  0%| F|  |TAMS 0x00000000c5100000, 0x00000000c5100000| Untracked 
| 338|0x00000000c5200000, 0x00000000c5200000, 0x00000000c5300000|  0%| F|  |TAMS 0x00000000c5200000, 0x00000000c5200000| Untracked 
| 339|0x00000000c5300000, 0x00000000c5300000, 0x00000000c5400000|  0%| F|  |TAMS 0x00000000c5300000, 0x00000000c5300000| Untracked 
| 340|0x00000000c5400000, 0x00000000c5400000, 0x00000000c5500000|  0%| F|  |TAMS 0x00000000c5400000, 0x00000000c5400000| Untracked 
| 341|0x00000000c5500000, 0x00000000c5500000, 0x00000000c5600000|  0%| F|  |TAMS 0x00000000c5500000, 0x00000000c5500000| Untracked 
| 342|0x00000000c5600000, 0x00000000c5600000, 0x00000000c5700000|  0%| F|  |TAMS 0x00000000c5600000, 0x00000000c5600000| Untracked 
| 343|0x00000000c5700000, 0x00000000c5700000, 0x00000000c5800000|  0%| F|  |TAMS 0x00000000c5700000, 0x00000000c5700000| Untracked 
| 344|0x00000000c5800000, 0x00000000c5800000, 0x00000000c5900000|  0%| F|  |TAMS 0x00000000c5800000, 0x00000000c5800000| Untracked 
| 345|0x00000000c5900000, 0x00000000c5900000, 0x00000000c5a00000|  0%| F|  |TAMS 0x00000000c5900000, 0x00000000c5900000| Untracked 
| 346|0x00000000c5a00000, 0x00000000c5a00000, 0x00000000c5b00000|  0%| F|  |TAMS 0x00000000c5a00000, 0x00000000c5a00000| Untracked 
| 347|0x00000000c5b00000, 0x00000000c5b00000, 0x00000000c5c00000|  0%| F|  |TAMS 0x00000000c5b00000, 0x00000000c5b00000| Untracked 
| 348|0x00000000c5c00000, 0x00000000c5c00000, 0x00000000c5d00000|  0%| F|  |TAMS 0x00000000c5c00000, 0x00000000c5c00000| Untracked 
| 349|0x00000000c5d00000, 0x00000000c5d00000, 0x00000000c5e00000|  0%| F|  |TAMS 0x00000000c5d00000, 0x00000000c5d00000| Untracked 
| 350|0x00000000c5e00000, 0x00000000c5e00000, 0x00000000c5f00000|  0%| F|  |TAMS 0x00000000c5e00000, 0x00000000c5e00000| Untracked 
| 351|0x00000000c5f00000, 0x00000000c5f00000, 0x00000000c6000000|  0%| F|  |TAMS 0x00000000c5f00000, 0x00000000c5f00000| Untracked 
| 352|0x00000000c6000000, 0x00000000c6000000, 0x00000000c6100000|  0%| F|  |TAMS 0x00000000c6000000, 0x00000000c6000000| Untracked 
| 353|0x00000000c6100000, 0x00000000c6100000, 0x00000000c6200000|  0%| F|  |TAMS 0x00000000c6100000, 0x00000000c6100000| Untracked 
| 354|0x00000000c6200000, 0x00000000c6200000, 0x00000000c6300000|  0%| F|  |TAMS 0x00000000c6200000, 0x00000000c6200000| Untracked 
| 355|0x00000000c6300000, 0x00000000c6300000, 0x00000000c6400000|  0%| F|  |TAMS 0x00000000c6300000, 0x00000000c6300000| Untracked 
| 356|0x00000000c6400000, 0x00000000c6400000, 0x00000000c6500000|  0%| F|  |TAMS 0x00000000c6400000, 0x00000000c6400000| Untracked 
| 357|0x00000000c6500000, 0x00000000c6500000, 0x00000000c6600000|  0%| F|  |TAMS 0x00000000c6500000, 0x00000000c6500000| Untracked 
| 358|0x00000000c6600000, 0x00000000c6600000, 0x00000000c6700000|  0%| F|  |TAMS 0x00000000c6600000, 0x00000000c6600000| Untracked 
| 359|0x00000000c6700000, 0x00000000c6700000, 0x00000000c6800000|  0%| F|  |TAMS 0x00000000c6700000, 0x00000000c6700000| Untracked 
| 360|0x00000000c6800000, 0x00000000c6800000, 0x00000000c6900000|  0%| F|  |TAMS 0x00000000c6800000, 0x00000000c6800000| Untracked 
| 361|0x00000000c6900000, 0x00000000c6900000, 0x00000000c6a00000|  0%| F|  |TAMS 0x00000000c6900000, 0x00000000c6900000| Untracked 
| 362|0x00000000c6a00000, 0x00000000c6a00000, 0x00000000c6b00000|  0%| F|  |TAMS 0x00000000c6a00000, 0x00000000c6a00000| Untracked 
| 363|0x00000000c6b00000, 0x00000000c6b00000, 0x00000000c6c00000|  0%| F|  |TAMS 0x00000000c6b00000, 0x00000000c6b00000| Untracked 
| 364|0x00000000c6c00000, 0x00000000c6c00000, 0x00000000c6d00000|  0%| F|  |TAMS 0x00000000c6c00000, 0x00000000c6c00000| Untracked 
| 365|0x00000000c6d00000, 0x00000000c6d00000, 0x00000000c6e00000|  0%| F|  |TAMS 0x00000000c6d00000, 0x00000000c6d00000| Untracked 
| 366|0x00000000c6e00000, 0x00000000c6e00000, 0x00000000c6f00000|  0%| F|  |TAMS 0x00000000c6e00000, 0x00000000c6e00000| Untracked 
| 367|0x00000000c6f00000, 0x00000000c6f00000, 0x00000000c7000000|  0%| F|  |TAMS 0x00000000c6f00000, 0x00000000c6f00000| Untracked 
| 368|0x00000000c7000000, 0x00000000c7000000, 0x00000000c7100000|  0%| F|  |TAMS 0x00000000c7000000, 0x00000000c7000000| Untracked 
| 369|0x00000000c7100000, 0x00000000c7100000, 0x00000000c7200000|  0%| F|  |TAMS 0x00000000c7100000, 0x00000000c7100000| Untracked 
| 370|0x00000000c7200000, 0x00000000c7200000, 0x00000000c7300000|  0%| F|  |TAMS 0x00000000c7200000, 0x00000000c7200000| Untracked 
| 371|0x00000000c7300000, 0x00000000c7400000, 0x00000000c7400000|100%| S|CS|TAMS 0x00000000c7300000, 0x00000000c7300000| Complete 
| 372|0x00000000c7400000, 0x00000000c7500000, 0x00000000c7500000|100%| S|CS|TAMS 0x00000000c7400000, 0x00000000c7400000| Complete 
| 373|0x00000000c7500000, 0x00000000c7600000, 0x00000000c7600000|100%| S|CS|TAMS 0x00000000c7500000, 0x00000000c7500000| Complete 
| 374|0x00000000c7600000, 0x00000000c7700000, 0x00000000c7700000|100%| S|CS|TAMS 0x00000000c7600000, 0x00000000c7600000| Complete 
| 375|0x00000000c7700000, 0x00000000c7800000, 0x00000000c7800000|100%| S|CS|TAMS 0x00000000c7700000, 0x00000000c7700000| Complete 
| 376|0x00000000c7800000, 0x00000000c7900000, 0x00000000c7900000|100%| S|CS|TAMS 0x00000000c7800000, 0x00000000c7800000| Complete 
| 377|0x00000000c7900000, 0x00000000c7a00000, 0x00000000c7a00000|100%| S|CS|TAMS 0x00000000c7900000, 0x00000000c7900000| Complete 
| 378|0x00000000c7a00000, 0x00000000c7b00000, 0x00000000c7b00000|100%| S|CS|TAMS 0x00000000c7a00000, 0x00000000c7a00000| Complete 
| 379|0x00000000c7b00000, 0x00000000c7b00000, 0x00000000c7c00000|  0%| F|  |TAMS 0x00000000c7b00000, 0x00000000c7b00000| Untracked 
| 380|0x00000000c7c00000, 0x00000000c7c00000, 0x00000000c7d00000|  0%| F|  |TAMS 0x00000000c7c00000, 0x00000000c7c00000| Untracked 
| 381|0x00000000c7d00000, 0x00000000c7d00000, 0x00000000c7e00000|  0%| F|  |TAMS 0x00000000c7d00000, 0x00000000c7d00000| Untracked 
| 382|0x00000000c7e00000, 0x00000000c7e00000, 0x00000000c7f00000|  0%| F|  |TAMS 0x00000000c7e00000, 0x00000000c7e00000| Untracked 
| 383|0x00000000c7f00000, 0x00000000c7f00000, 0x00000000c8000000|  0%| F|  |TAMS 0x00000000c7f00000, 0x00000000c7f00000| Untracked 
| 384|0x00000000c8000000, 0x00000000c8000000, 0x00000000c8100000|  0%| F|  |TAMS 0x00000000c8000000, 0x00000000c8000000| Untracked 
| 385|0x00000000c8100000, 0x00000000c8100000, 0x00000000c8200000|  0%| F|  |TAMS 0x00000000c8100000, 0x00000000c8100000| Untracked 
| 386|0x00000000c8200000, 0x00000000c8200000, 0x00000000c8300000|  0%| F|  |TAMS 0x00000000c8200000, 0x00000000c8200000| Untracked 
| 387|0x00000000c8300000, 0x00000000c8300000, 0x00000000c8400000|  0%| F|  |TAMS 0x00000000c8300000, 0x00000000c8300000| Untracked 
| 388|0x00000000c8400000, 0x00000000c8400000, 0x00000000c8500000|  0%| F|  |TAMS 0x00000000c8400000, 0x00000000c8400000| Untracked 
| 389|0x00000000c8500000, 0x00000000c8500000, 0x00000000c8600000|  0%| F|  |TAMS 0x00000000c8500000, 0x00000000c8500000| Untracked 
| 390|0x00000000c8600000, 0x00000000c8600000, 0x00000000c8700000|  0%| F|  |TAMS 0x00000000c8600000, 0x00000000c8600000| Untracked 
| 391|0x00000000c8700000, 0x00000000c8700000, 0x00000000c8800000|  0%| F|  |TAMS 0x00000000c8700000, 0x00000000c8700000| Untracked 
| 392|0x00000000c8800000, 0x00000000c8800000, 0x00000000c8900000|  0%| F|  |TAMS 0x00000000c8800000, 0x00000000c8800000| Untracked 
| 393|0x00000000c8900000, 0x00000000c8900000, 0x00000000c8a00000|  0%| F|  |TAMS 0x00000000c8900000, 0x00000000c8900000| Untracked 
| 394|0x00000000c8a00000, 0x00000000c8a00000, 0x00000000c8b00000|  0%| F|  |TAMS 0x00000000c8a00000, 0x00000000c8a00000| Untracked 
| 395|0x00000000c8b00000, 0x00000000c8b00000, 0x00000000c8c00000|  0%| F|  |TAMS 0x00000000c8b00000, 0x00000000c8b00000| Untracked 
| 396|0x00000000c8c00000, 0x00000000c8c00000, 0x00000000c8d00000|  0%| F|  |TAMS 0x00000000c8c00000, 0x00000000c8c00000| Untracked 
| 397|0x00000000c8d00000, 0x00000000c8d00000, 0x00000000c8e00000|  0%| F|  |TAMS 0x00000000c8d00000, 0x00000000c8d00000| Untracked 
| 398|0x00000000c8e00000, 0x00000000c8e00000, 0x00000000c8f00000|  0%| F|  |TAMS 0x00000000c8e00000, 0x00000000c8e00000| Untracked 
| 399|0x00000000c8f00000, 0x00000000c8f00000, 0x00000000c9000000|  0%| F|  |TAMS 0x00000000c8f00000, 0x00000000c8f00000| Untracked 
| 400|0x00000000c9000000, 0x00000000c9000000, 0x00000000c9100000|  0%| F|  |TAMS 0x00000000c9000000, 0x00000000c9000000| Untracked 
| 401|0x00000000c9100000, 0x00000000c9100000, 0x00000000c9200000|  0%| F|  |TAMS 0x00000000c9100000, 0x00000000c9100000| Untracked 
| 402|0x00000000c9200000, 0x00000000c9200000, 0x00000000c9300000|  0%| F|  |TAMS 0x00000000c9200000, 0x00000000c9200000| Untracked 
| 403|0x00000000c9300000, 0x00000000c9300000, 0x00000000c9400000|  0%| F|  |TAMS 0x00000000c9300000, 0x00000000c9300000| Untracked 
| 404|0x00000000c9400000, 0x00000000c9400000, 0x00000000c9500000|  0%| F|  |TAMS 0x00000000c9400000, 0x00000000c9400000| Untracked 
| 405|0x00000000c9500000, 0x00000000c9500000, 0x00000000c9600000|  0%| F|  |TAMS 0x00000000c9500000, 0x00000000c9500000| Untracked 
| 406|0x00000000c9600000, 0x00000000c9600000, 0x00000000c9700000|  0%| F|  |TAMS 0x00000000c9600000, 0x00000000c9600000| Untracked 
| 407|0x00000000c9700000, 0x00000000c9700000, 0x00000000c9800000|  0%| F|  |TAMS 0x00000000c9700000, 0x00000000c9700000| Untracked 
| 408|0x00000000c9800000, 0x00000000c9800000, 0x00000000c9900000|  0%| F|  |TAMS 0x00000000c9800000, 0x00000000c9800000| Untracked 
| 409|0x00000000c9900000, 0x00000000c9900000, 0x00000000c9a00000|  0%| F|  |TAMS 0x00000000c9900000, 0x00000000c9900000| Untracked 
| 410|0x00000000c9a00000, 0x00000000c9a00000, 0x00000000c9b00000|  0%| F|  |TAMS 0x00000000c9a00000, 0x00000000c9a00000| Untracked 
| 411|0x00000000c9b00000, 0x00000000c9b00000, 0x00000000c9c00000|  0%| F|  |TAMS 0x00000000c9b00000, 0x00000000c9b00000| Untracked 
| 412|0x00000000c9c00000, 0x00000000c9c00000, 0x00000000c9d00000|  0%| F|  |TAMS 0x00000000c9c00000, 0x00000000c9c00000| Untracked 
| 413|0x00000000c9d00000, 0x00000000c9d00000, 0x00000000c9e00000|  0%| F|  |TAMS 0x00000000c9d00000, 0x00000000c9d00000| Untracked 
| 414|0x00000000c9e00000, 0x00000000c9e00000, 0x00000000c9f00000|  0%| F|  |TAMS 0x00000000c9e00000, 0x00000000c9e00000| Untracked 
| 415|0x00000000c9f00000, 0x00000000c9f00000, 0x00000000ca000000|  0%| F|  |TAMS 0x00000000c9f00000, 0x00000000c9f00000| Untracked 
| 416|0x00000000ca000000, 0x00000000ca000000, 0x00000000ca100000|  0%| F|  |TAMS 0x00000000ca000000, 0x00000000ca000000| Untracked 
| 417|0x00000000ca100000, 0x00000000ca100000, 0x00000000ca200000|  0%| F|  |TAMS 0x00000000ca100000, 0x00000000ca100000| Untracked 
| 418|0x00000000ca200000, 0x00000000ca200000, 0x00000000ca300000|  0%| F|  |TAMS 0x00000000ca200000, 0x00000000ca200000| Untracked 
| 419|0x00000000ca300000, 0x00000000ca300000, 0x00000000ca400000|  0%| F|  |TAMS 0x00000000ca300000, 0x00000000ca300000| Untracked 
| 420|0x00000000ca400000, 0x00000000ca400000, 0x00000000ca500000|  0%| F|  |TAMS 0x00000000ca400000, 0x00000000ca400000| Untracked 
| 421|0x00000000ca500000, 0x00000000ca500000, 0x00000000ca600000|  0%| F|  |TAMS 0x00000000ca500000, 0x00000000ca500000| Untracked 
| 422|0x00000000ca600000, 0x00000000ca600000, 0x00000000ca700000|  0%| F|  |TAMS 0x00000000ca600000, 0x00000000ca600000| Untracked 
| 423|0x00000000ca700000, 0x00000000ca700000, 0x00000000ca800000|  0%| F|  |TAMS 0x00000000ca700000, 0x00000000ca700000| Untracked 
| 424|0x00000000ca800000, 0x00000000ca800000, 0x00000000ca900000|  0%| F|  |TAMS 0x00000000ca800000, 0x00000000ca800000| Untracked 
| 425|0x00000000ca900000, 0x00000000ca900000, 0x00000000caa00000|  0%| F|  |TAMS 0x00000000ca900000, 0x00000000ca900000| Untracked 
| 426|0x00000000caa00000, 0x00000000caa00000, 0x00000000cab00000|  0%| F|  |TAMS 0x00000000caa00000, 0x00000000caa00000| Untracked 
| 427|0x00000000cab00000, 0x00000000cab00000, 0x00000000cac00000|  0%| F|  |TAMS 0x00000000cab00000, 0x00000000cab00000| Untracked 
| 428|0x00000000cac00000, 0x00000000cac00000, 0x00000000cad00000|  0%| F|  |TAMS 0x00000000cac00000, 0x00000000cac00000| Untracked 
| 429|0x00000000cad00000, 0x00000000cad00000, 0x00000000cae00000|  0%| F|  |TAMS 0x00000000cad00000, 0x00000000cad00000| Untracked 
|1277|0x00000000ffd00000, 0x00000000ffe00000, 0x00000000ffe00000|100%| O|  |TAMS 0x00000000ffd00000, 0x00000000ffd00000| Untracked 
|1278|0x00000000ffe00000, 0x00000000ffe75000, 0x00000000fff00000| 45%|OA|  |TAMS 0x00000000ffe75000, 0x00000000ffe00000| Untracked 
|1279|0x00000000fff00000, 0x00000000fff78000, 0x0000000100000000| 46%|CA|  |TAMS 0x00000000fff78000, 0x00000000fff00000| Untracked 

Card table byte_map: [0x00007f1ee1af5000,0x00007f1ee1d75000] _byte_map_base: 0x00007f1ee1575000

Marking Bits (Prev, Next): (CMBitMap*) 0x00007f1edc05fc10, (CMBitMap*) 0x00007f1edc05fc50
 Prev Bits: [0x00007f1ee0475000, 0x00007f1ee1875000)
 Next Bits: [0x00007f1ec4111000, 0x00007f1ec5511000)

Polling page: 0x00007f1ee3db8000

Metaspace:

Usage:
  Non-class:     95.00 MB used.
      Class:     15.35 MB used.
       Both:    110.35 MB used.

Virtual space:
  Non-class space:      128.00 MB reserved,      95.38 MB ( 75%) committed,  2 nodes.
      Class space:      624.00 MB reserved,      15.75 MB (  3%) committed,  1 nodes.
             Both:      752.00 MB reserved,     111.12 MB ( 15%) committed. 

Chunk freelists:
   Non-Class:  576.00 KB
       Class:  64.00 KB
        Both:  640.00 KB

MaxMetaspaceSize: 768.00 MB
CompressedClassSpaceSize: 624.00 MB
Initial GC threshold: 21.00 MB
Current GC threshold: 178.12 MB
CDS: on
MetaspaceReclaimPolicy: balanced
 - commit_granule_bytes: 65536.
 - commit_granule_words: 8192.
 - virtual_space_node_default_size: 8388608.
 - enlarge_chunks_in_place: 1.
 - new_chunks_are_fully_committed: 0.
 - uncommit_free_chunks: 1.
 - use_allocation_guard: 0.
 - handle_deallocations: 1.


Internal statistics:

num_allocs_failed_limit: 12.
num_arena_births: 1244.
num_arena_deaths: 0.
num_vsnodes_births: 3.
num_vsnodes_deaths: 0.
num_space_committed: 1778.
num_space_uncommitted: 0.
num_chunks_returned_to_freelist: 12.
num_chunks_taken_from_freelist: 6031.
num_chunk_merges: 9.
num_chunk_splits: 4016.
num_chunks_enlarged: 2774.
num_inconsistent_stats: 0.

CodeHeap 'non-profiled nmethods': size=120036Kb used=10618Kb max_used=10618Kb free=109417Kb
 bounds [0x00007f1eccfd8000, 0x00007f1ecda48000, 0x00007f1ed4511000]
CodeHeap 'profiled nmethods': size=120032Kb used=34818Kb max_used=35232Kb free=85213Kb
 bounds [0x00007f1ec5511000, 0x00007f1ec7811000, 0x00007f1ecca49000]
CodeHeap 'non-nmethods': size=5692Kb used=1735Kb max_used=1853Kb free=3956Kb
 bounds [0x00007f1ecca49000, 0x00007f1ecccb9000, 0x00007f1eccfd8000]
 total_blobs=17093 nmethods=16272 adapters=733
 compilation: enabled
              stopped_count=0, restarted_count=0
 full_count=0

Compilation events (20 events):
Event: 110.385 Thread 0x00007f1edc0c2a10 nmethod 22635 0x00007f1ecd599b10 code [0x00007f1ecd599d20, 0x00007f1ecd59a518]
Event: 110.385 Thread 0x00007f1edc0c2a10 22168       4       com.android.tools.r8.internal.FI::b (214 bytes)
Event: 110.386 Thread 0x00007f1edc0c2a10 nmethod 22168 0x00007f1ecd599790 code [0x00007f1ecd599920, 0x00007f1ecd5999d8]
Event: 110.386 Thread 0x00007f1edc0c2a10 21684       4       com.android.tools.r8.synthesis.I::a (154 bytes)
Event: 110.410 Thread 0x00007f1edc0c2a10 nmethod 21684 0x00007f1ecd5c9590 code [0x00007f1ecd5c97c0, 0x00007f1ecd5caff8]
Event: 110.411 Thread 0x00007f1edc0c2a10 21018       4       java.util.ArrayDeque::remove (5 bytes)
Event: 110.412 Thread 0x00007f1edc0c2a10 nmethod 21018 0x00007f1ecd599310 code [0x00007f1ecd5994a0, 0x00007f1ecd599618]
Event: 110.412 Thread 0x00007f1edc0c2a10 21682       4       com.android.tools.r8.internal.sQ::a (55 bytes)
Event: 110.490 Thread 0x00007f1edc0c2a10 nmethod 21682 0x00007f1ecd491810 code [0x00007f1ecd491aa0, 0x00007f1ecd493140]
Event: 110.490 Thread 0x00007f1edc0c2a10 21076       4       com.android.tools.r8.internal.Vz::a (53 bytes)
Event: 110.615 Thread 0x00007f1edc0c2a10 nmethod 21076 0x00007f1ecd48ec90 code [0x00007f1ecd48eee0, 0x00007f1ecd491138]
Event: 110.616 Thread 0x00007f1edc0c2a10 21731       4       com.android.tools.r8.internal.iu::c (1646 bytes)
Event: 110.616 Thread 0x00007f1edc0c2a10 nmethod 21731 0x00007f1ecd5c9210 code [0x00007f1ecd5c93a0, 0x00007f1ecd5c9458]
Event: 110.617 Thread 0x00007f1edc0c2a10 22217       4       com.android.tools.r8.ir.optimize.t::a (209 bytes)
Event: 110.617 Thread 0x00007f1edc0c2a10 nmethod 22217 0x00007f1ecd6ace90 code [0x00007f1ecd6ad020, 0x00007f1ecd6ad0b8]
Event: 110.617 Thread 0x00007f1edc0c2a10 22218   !   4       com.android.tools.r8.internal.fA::a (2761 bytes)
Event: 111.114 Thread 0x00007f1edc0c3f40 22690 % !   3       com.android.tools.r8.internal.fp0::awaitFutures @ 7 (118 bytes)
Event: 111.115 Thread 0x00007f1edc0c3f40 nmethod 22690% 0x00007f1ec70d4710 code [0x00007f1ec70d49e0, 0x00007f1ec70d5a40]
Event: 111.115 Thread 0x00007f1edc0c3f40 22691   !   3       com.android.tools.r8.internal.fp0::awaitFutures (118 bytes)
Event: 111.115 Thread 0x00007f1edc0c3f40 nmethod 22691 0x00007f1ec70d2e90 code [0x00007f1ec70d3160, 0x00007f1ec70d4180]

GC Heap History (20 events):
Event: 101.922 GC heap after
{Heap after GC invocations=93 (full 0):
 garbage-first heap   total 442368K, used 176031K [0x00000000b0000000, 0x0000000100000000)
  region size 1024K, 8 young (8192K), 8 survivors (8192K)
 Metaspace       used 112817K, committed 113664K, reserved 770048K
  class space    used 15717K, committed 16128K, reserved 638976K
}
Event: 103.386 GC heap before
{Heap before GC invocations=93 (full 0):
 garbage-first heap   total 442368K, used 375711K [0x00000000b0000000, 0x0000000100000000)
  region size 1024K, 203 young (207872K), 8 survivors (8192K)
 Metaspace       used 112845K, committed 113664K, reserved 770048K
  class space    used 15719K, committed 16128K, reserved 638976K
}
Event: 103.404 GC heap after
{Heap after GC invocations=94 (full 0):
 garbage-first heap   total 442368K, used 177055K [0x00000000b0000000, 0x0000000100000000)
  region size 1024K, 9 young (9216K), 9 survivors (9216K)
 Metaspace       used 112845K, committed 113664K, reserved 770048K
  class space    used 15719K, committed 16128K, reserved 638976K
}
Event: 104.897 GC heap before
{Heap before GC invocations=94 (full 0):
 garbage-first heap   total 442368K, used 378783K [0x00000000b0000000, 0x0000000100000000)
  region size 1024K, 206 young (210944K), 9 survivors (9216K)
 Metaspace       used 112858K, committed 113664K, reserved 770048K
  class space    used 15719K, committed 16128K, reserved 638976K
}
Event: 104.918 GC heap after
{Heap after GC invocations=95 (full 0):
 garbage-first heap   total 442368K, used 178079K [0x00000000b0000000, 0x0000000100000000)
  region size 1024K, 10 young (10240K), 10 survivors (10240K)
 Metaspace       used 112858K, committed 113664K, reserved 770048K
  class space    used 15719K, committed 16128K, reserved 638976K
}
Event: 106.373 GC heap before
{Heap before GC invocations=95 (full 0):
 garbage-first heap   total 442368K, used 381855K [0x00000000b0000000, 0x0000000100000000)
  region size 1024K, 209 young (214016K), 10 survivors (10240K)
 Metaspace       used 112909K, committed 113728K, reserved 770048K
  class space    used 15721K, committed 16128K, reserved 638976K
}
Event: 106.398 GC heap after
{Heap after GC invocations=96 (full 0):
 garbage-first heap   total 442368K, used 179615K [0x00000000b0000000, 0x0000000100000000)
  region size 1024K, 12 young (12288K), 12 survivors (12288K)
 Metaspace       used 112909K, committed 113728K, reserved 770048K
  class space    used 15721K, committed 16128K, reserved 638976K
}
Event: 108.578 GC heap before
{Heap before GC invocations=96 (full 0):
 garbage-first heap   total 442368K, used 384415K [0x00000000b0000000, 0x0000000100000000)
  region size 1024K, 210 young (215040K), 12 survivors (12288K)
 Metaspace       used 112970K, committed 113792K, reserved 770048K
  class space    used 15721K, committed 16128K, reserved 638976K
}
Event: 108.595 GC heap after
{Heap after GC invocations=97 (full 0):
 garbage-first heap   total 442368K, used 178079K [0x00000000b0000000, 0x0000000100000000)
  region size 1024K, 10 young (10240K), 10 survivors (10240K)
 Metaspace       used 112970K, committed 113792K, reserved 770048K
  class space    used 15721K, committed 16128K, reserved 638976K
}
Event: 109.284 GC heap before
{Heap before GC invocations=97 (full 0):
 garbage-first heap   total 442368K, used 385951K [0x00000000b0000000, 0x0000000100000000)
  region size 1024K, 211 young (216064K), 10 survivors (10240K)
 Metaspace       used 113001K, committed 113792K, reserved 770048K
  class space    used 15721K, committed 16128K, reserved 638976K
}
Event: 109.312 GC heap after
{Heap after GC invocations=98 (full 0):
 garbage-first heap   total 443392K, used 225455K [0x00000000b0000000, 0x0000000100000000)
  region size 1024K, 27 young (27648K), 27 survivors (27648K)
 Metaspace       used 113001K, committed 113792K, reserved 770048K
  class space    used 15721K, committed 16128K, reserved 638976K
}
Event: 109.598 GC heap before
{Heap before GC invocations=98 (full 0):
 garbage-first heap   total 443392K, used 353455K [0x00000000b0000000, 0x0000000100000000)
  region size 1024K, 152 young (155648K), 27 survivors (27648K)
 Metaspace       used 113001K, committed 113792K, reserved 770048K
  class space    used 15721K, committed 16128K, reserved 638976K
}
Event: 109.673 GC heap after
{Heap after GC invocations=99 (full 0):
 garbage-first heap   total 443392K, used 260849K [0x00000000b0000000, 0x0000000100000000)
  region size 1024K, 19 young (19456K), 19 survivors (19456K)
 Metaspace       used 113001K, committed 113792K, reserved 770048K
  class space    used 15721K, committed 16128K, reserved 638976K
}
Event: 110.082 GC heap before
{Heap before GC invocations=99 (full 0):
 garbage-first heap   total 443392K, used 353009K [0x00000000b0000000, 0x0000000100000000)
  region size 1024K, 109 young (111616K), 19 survivors (19456K)
 Metaspace       used 113002K, committed 113792K, reserved 770048K
  class space    used 15721K, committed 16128K, reserved 638976K
}
Event: 110.111 GC heap after
{Heap after GC invocations=100 (full 0):
 garbage-first heap   total 443392K, used 284008K [0x00000000b0000000, 0x0000000100000000)
  region size 1024K, 14 young (14336K), 14 survivors (14336K)
 Metaspace       used 113002K, committed 113792K, reserved 770048K
  class space    used 15721K, committed 16128K, reserved 638976K
}
Event: 110.499 GC heap before
{Heap before GC invocations=100 (full 0):
 garbage-first heap   total 443392K, used 357736K [0x00000000b0000000, 0x0000000100000000)
  region size 1024K, 86 young (88064K), 14 survivors (14336K)
 Metaspace       used 113002K, committed 113792K, reserved 770048K
  class space    used 15721K, committed 16128K, reserved 638976K
}
Event: 110.589 GC heap after
{Heap after GC invocations=101 (full 0):
 garbage-first heap   total 443392K, used 300904K [0x00000000b0000000, 0x0000000100000000)
  region size 1024K, 11 young (11264K), 11 survivors (11264K)
 Metaspace       used 113002K, committed 113792K, reserved 770048K
  class space    used 15721K, committed 16128K, reserved 638976K
}
Event: 110.898 GC heap before
{Heap before GC invocations=101 (full 0):
 garbage-first heap   total 443392K, used 362344K [0x00000000b0000000, 0x0000000100000000)
  region size 1024K, 71 young (72704K), 11 survivors (11264K)
 Metaspace       used 113002K, committed 113792K, reserved 770048K
  class space    used 15721K, committed 16128K, reserved 638976K
}
Event: 111.003 GC heap after
{Heap after GC invocations=102 (full 0):
 garbage-first heap   total 443392K, used 315240K [0x00000000b0000000, 0x0000000100000000)
  region size 1024K, 9 young (9216K), 9 survivors (9216K)
 Metaspace       used 113002K, committed 113792K, reserved 770048K
  class space    used 15721K, committed 16128K, reserved 638976K
}
Event: 111.310 GC heap before
{Heap before GC invocations=102 (full 0):
 garbage-first heap   total 443392K, used 367464K [0x00000000b0000000, 0x0000000100000000)
  region size 1024K, 60 young (61440K), 9 survivors (9216K)
 Metaspace       used 113002K, committed 113792K, reserved 770048K
  class space    used 15721K, committed 16128K, reserved 638976K
}

Dll operation events (14 events):
Event: 0.003 Loaded shared library /usr/lib/jvm/java-17-openjdk-amd64/lib/libjava.so
Event: 0.077 Loaded shared library /usr/lib/jvm/java-17-openjdk-amd64/lib/libjsvml.so
Event: 0.130 Loaded shared library /usr/lib/jvm/java-17-openjdk-amd64/lib/libzip.so
Event: 0.173 Loaded shared library /usr/lib/jvm/java-17-openjdk-amd64/lib/libinstrument.so
Event: 0.177 Loaded shared library /usr/lib/jvm/java-17-openjdk-amd64/lib/libnio.so
Event: 0.179 Loaded shared library /usr/lib/jvm/java-17-openjdk-amd64/lib/libzip.so
Event: 0.392 Loaded shared library /usr/lib/jvm/java-17-openjdk-amd64/lib/libjimage.so
Event: 0.617 Loaded shared library /usr/lib/jvm/java-17-openjdk-amd64/lib/libverify.so
Event: 0.983 Loaded shared library /usr/lib/jvm/java-17-openjdk-amd64/lib/libnet.so
Event: 0.984 Loaded shared library /root/.gradle/native/c067742578af261105cb4f569cf0c3c89f3d7b1fecec35dd04571415982c5e48/linux-amd64/libnative-platform.so
Event: 0.990 Loaded shared library /root/.gradle/native/100fb08df4bc3b14c8652ba06237920a3bd2aa13389f12d3474272988ae205f9/linux-amd64/libnative-platform-file-events.so
Event: 2.505 Loaded shared library /usr/lib/jvm/java-17-openjdk-amd64/lib/libmanagement.so
Event: 2.509 Loaded shared library /usr/lib/jvm/java-17-openjdk-amd64/lib/libmanagement_ext.so
Event: 2.701 Loaded shared library /usr/lib/jvm/java-17-openjdk-amd64/lib/libextnet.so

Deoptimization events (20 events):
Event: 110.386 Thread 0x00007f1eb2360da0 DEOPT PACKING pc=0x00007f1ec6a58a83 sp=0x00007f1e5aee42b0
Event: 110.386 Thread 0x00007f1eb2360da0 DEOPT UNPACKING pc=0x00007f1eccaa364f sp=0x00007f1e5aee37e0 mode 0
Event: 110.397 Thread 0x00007f1eb2360da0 DEOPT PACKING pc=0x00007f1ec6a58a62 sp=0x00007f1e5aee41f0
Event: 110.397 Thread 0x00007f1eb2360da0 DEOPT UNPACKING pc=0x00007f1eccaa364f sp=0x00007f1e5aee3720 mode 0
Event: 110.401 Thread 0x00007f1eb2360da0 DEOPT PACKING pc=0x00007f1ec6a58a83 sp=0x00007f1e5aee42c0
Event: 110.401 Thread 0x00007f1eb2360da0 DEOPT UNPACKING pc=0x00007f1eccaa364f sp=0x00007f1e5aee37f0 mode 0
Event: 110.595 Thread 0x00007f1eb2360da0 DEOPT PACKING pc=0x00007f1ec6a58a62 sp=0x00007f1e5aee4140
Event: 110.595 Thread 0x00007f1eb2360da0 DEOPT UNPACKING pc=0x00007f1eccaa364f sp=0x00007f1e5aee3670 mode 0
Event: 110.611 Thread 0x00007f1eb2360da0 DEOPT PACKING pc=0x00007f1ec6a58a83 sp=0x00007f1e5aee42f0
Event: 110.611 Thread 0x00007f1eb2360da0 DEOPT UNPACKING pc=0x00007f1eccaa364f sp=0x00007f1e5aee3820 mode 0
Event: 111.115 Thread 0x00007f1eb2360da0 DEOPT PACKING pc=0x00007f1ec6dc6c0d sp=0x00007f1e5aee5330
Event: 111.115 Thread 0x00007f1eb2360da0 DEOPT UNPACKING pc=0x00007f1eccaa364f sp=0x00007f1e5aee4808 mode 0
Event: 111.120 Thread 0x00007f1eb2360da0 DEOPT PACKING pc=0x00007f1ec6a58a83 sp=0x00007f1e5aee4fe0
Event: 111.120 Thread 0x00007f1eb2360da0 DEOPT UNPACKING pc=0x00007f1eccaa364f sp=0x00007f1e5aee4510 mode 0
Event: 111.173 Thread 0x00007f1eb2360da0 DEOPT PACKING pc=0x00007f1ec6a58a62 sp=0x00007f1e5aee4fe0
Event: 111.173 Thread 0x00007f1eb2360da0 DEOPT UNPACKING pc=0x00007f1eccaa364f sp=0x00007f1e5aee4510 mode 0
Event: 111.174 Thread 0x00007f1eb2360da0 DEOPT PACKING pc=0x00007f1ec6a58a62 sp=0x00007f1e5aee4fe0
Event: 111.174 Thread 0x00007f1eb2360da0 DEOPT UNPACKING pc=0x00007f1eccaa364f sp=0x00007f1e5aee4510 mode 0
Event: 111.176 Thread 0x00007f1eb2360da0 DEOPT PACKING pc=0x00007f1ec6a58a83 sp=0x00007f1e5aee4fe0
Event: 111.176 Thread 0x00007f1eb2360da0 DEOPT UNPACKING pc=0x00007f1eccaa364f sp=0x00007f1e5aee4510 mode 0

Classes loaded (20 events):
Event: 46.379 Loading class java/util/concurrent/ConcurrentHashMap$TreeNode
Event: 46.379 Loading class java/util/concurrent/ConcurrentHashMap$TreeNode done
Event: 46.379 Loading class java/util/concurrent/ConcurrentHashMap$TreeBin
Event: 46.383 Loading class java/util/concurrent/ConcurrentHashMap$TreeBin done
Event: 72.493 Loading class java/nio/ShortBuffer
Event: 72.494 Loading class java/nio/ShortBuffer done
Event: 73.079 Loading class java/nio/ByteBufferAsShortBufferL
Event: 73.079 Loading class java/nio/ByteBufferAsShortBufferL done
Event: 73.883 Loading class java/util/zip/Adler32
Event: 73.883 Loading class java/util/zip/Adler32 done
Event: 73.888 Loading class java/nio/file/Files$2
Event: 73.888 Loading class java/nio/file/Files$2 done
Event: 73.890 Loading class java/nio/channels/Channels$1
Event: 73.891 Loading class java/nio/channels/Channels$1 done
Event: 73.923 Loading class java/nio/file/StandardCopyOption
Event: 73.975 Loading class java/nio/file/StandardCopyOption done
Event: 73.975 Loading class sun/nio/fs/UnixCopyFile
Event: 73.976 Loading class sun/nio/fs/UnixCopyFile done
Event: 73.976 Loading class sun/nio/fs/UnixCopyFile$Flags
Event: 73.977 Loading class sun/nio/fs/UnixCopyFile$Flags done

Classes unloaded (0 events):
No events

Classes redefined (0 events):
No events

Internal exceptions (20 events):
Event: 96.176 Thread 0x00007f1eb2360da0 Exception <a 'sun/nio/fs/UnixException'{0x00000000c262c6f8}> (0x00000000c262c6f8) 
thrown [./src/hotspot/share/prims/jni.cpp, line 516]
Event: 96.214 Thread 0x00007f1eb2360da0 Exception <a 'sun/nio/fs/UnixException'{0x00000000c24f4810}> (0x00000000c24f4810) 
thrown [./src/hotspot/share/prims/jni.cpp, line 516]
Event: 97.074 Thread 0x00007f1eb2360da0 Exception <a 'sun/nio/fs/UnixException'{0x00000000c98c6598}> (0x00000000c98c6598) 
thrown [./src/hotspot/share/prims/jni.cpp, line 516]
Event: 97.098 Thread 0x00007f1eb2360da0 Exception <a 'sun/nio/fs/UnixException'{0x00000000c97fb9a0}> (0x00000000c97fb9a0) 
thrown [./src/hotspot/share/prims/jni.cpp, line 516]
Event: 97.214 Thread 0x00007f1eb2360da0 Exception <a 'sun/nio/fs/UnixException'{0x00000000c8a31c40}> (0x00000000c8a31c40) 
thrown [./src/hotspot/share/prims/jni.cpp, line 516]
Event: 98.523 Thread 0x00007f1eb2360da0 Implicit null exception at 0x00007f1ecd3055cc to 0x00007f1ecd305718
Event: 98.616 Thread 0x00007f1eb2360da0 Exception <a 'sun/nio/fs/UnixException'{0x00000000bff20e88}> (0x00000000bff20e88) 
thrown [./src/hotspot/share/prims/jni.cpp, line 516]
Event: 106.905 Thread 0x00007f1eb2360da0 Exception <a 'sun/nio/fs/UnixException'{0x00000000c8cba0e0}> (0x00000000c8cba0e0) 
thrown [./src/hotspot/share/prims/jni.cpp, line 516]
Event: 106.979 Thread 0x00007f1eb2360da0 Exception <a 'sun/nio/fs/UnixException'{0x00000000c8bfc450}> (0x00000000c8bfc450) 
thrown [./src/hotspot/share/prims/jni.cpp, line 516]
Event: 107.079 Thread 0x00007f1eb2360da0 Exception <a 'sun/nio/fs/UnixException'{0x00000000c8124ec8}> (0x00000000c8124ec8) 
thrown [./src/hotspot/share/prims/jni.cpp, line 516]
Event: 107.120 Thread 0x00007f1eb2360da0 Exception <a 'sun/nio/fs/UnixException'{0x00000000c7b440b0}> (0x00000000c7b440b0) 
thrown [./src/hotspot/share/prims/jni.cpp, line 516]
Event: 107.216 Thread 0x00007f1eb2360da0 Exception <a 'sun/nio/fs/UnixException'{0x00000000c74ea0d0}> (0x00000000c74ea0d0) 
thrown [./src/hotspot/share/prims/jni.cpp, line 516]
Event: 107.421 Thread 0x00007f1eb2360da0 Exception <a 'sun/nio/fs/UnixException'{0x00000000c5b20f30}> (0x00000000c5b20f30) 
thrown [./src/hotspot/share/prims/jni.cpp, line 516]
Event: 107.722 Thread 0x00007f1eb2360da0 Exception <a 'sun/nio/fs/UnixException'{0x00000000c3bbdcb0}> (0x00000000c3bbdcb0) 
thrown [./src/hotspot/share/prims/jni.cpp, line 516]
Event: 107.722 Thread 0x00007f1eb2360da0 Implicit null exception at 0x00007f1ecd4b4020 to 0x00007f1ecd4b4770
Event: 107.722 Thread 0x00007f1eb2360da0 Implicit null exception at 0x00007f1ecd4068f7 to 0x00007f1ecd406fec
Event: 108.099 Thread 0x00007f1eb2360da0 Exception <a 'sun/nio/fs/UnixException'{0x00000000c1bc7080}> (0x00000000c1bc7080) 
thrown [./src/hotspot/share/prims/jni.cpp, line 516]
Event: 108.313 Thread 0x00007f1eb2360da0 Exception <a 'sun/nio/fs/UnixException'{0x00000000c0709ce8}> (0x00000000c0709ce8) 
thrown [./src/hotspot/share/prims/jni.cpp, line 516]
Event: 108.712 Thread 0x00007f1eb2360da0 Exception <a 'sun/nio/fs/UnixException'{0x00000000c9779bd0}> (0x00000000c9779bd0) 
thrown [./src/hotspot/share/prims/jni.cpp, line 516]
Event: 108.889 Thread 0x00007f1eb2360da0 Exception <a 'sun/nio/fs/UnixException'{0x00000000c89ff3f8}> (0x00000000c89ff3f8) 
thrown [./src/hotspot/share/prims/jni.cpp, line 516]

VM Operations (20 events):
Event: 105.919 Executing VM operation: Cleanup done
Event: 106.373 Executing VM operation: G1CollectForAllocation
Event: 106.398 Executing VM operation: G1CollectForAllocation done
Event: 107.398 Executing VM operation: Cleanup
Event: 107.398 Executing VM operation: Cleanup done
Event: 107.888 Executing VM operation: HandshakeAllThreads
Event: 107.888 Executing VM operation: HandshakeAllThreads done
Event: 108.578 Executing VM operation: G1CollectForAllocation
Event: 108.595 Executing VM operation: G1CollectForAllocation done
Event: 109.284 Executing VM operation: G1CollectForAllocation
Event: 109.312 Executing VM operation: G1CollectForAllocation done
Event: 109.598 Executing VM operation: G1CollectForAllocation
Event: 109.674 Executing VM operation: G1CollectForAllocation done
Event: 110.082 Executing VM operation: G1CollectForAllocation
Event: 110.111 Executing VM operation: G1CollectForAllocation done
Event: 110.499 Executing VM operation: G1CollectForAllocation
Event: 110.589 Executing VM operation: G1CollectForAllocation done
Event: 110.898 Executing VM operation: G1CollectForAllocation
Event: 111.003 Executing VM operation: G1CollectForAllocation done
Event: 111.310 Executing VM operation: G1CollectForAllocation

Memory protections (20 events):
Event: 4.634 Protecting memory [0x00007f1e5b8fa000,0x00007f1e5b8fe000] with protection modes 0
Event: 5.083 Protecting memory [0x00007f1e5b7f9000,0x00007f1e5b7fd000] with protection modes 0
Event: 5.090 Protecting memory [0x00007f1e5b6f8000,0x00007f1e5b6fc000] with protection modes 0
Event: 5.889 Protecting memory [0x00007f1e5b5f7000,0x00007f1e5b5fb000] with protection modes 0
Event: 6.180 Protecting memory [0x00007f1e5b4f6000,0x00007f1e5b4fa000] with protection modes 0
Event: 6.298 Protecting memory [0x00007f1e5b3f5000,0x00007f1e5b3f9000] with protection modes 0
Event: 13.383 Protecting memory [0x00007f1e5b2f4000,0x00007f1e5b2f8000] with protection modes 0
Event: 13.615 Protecting memory [0x00007f1e5b1f3000,0x00007f1e5b1f7000] with protection modes 0
Event: 14.442 Protecting memory [0x00007f1e5b0f2000,0x00007f1e5b0f6000] with protection modes 0
Event: 19.576 Protecting memory [0x00007f1e5aff1000,0x00007f1e5aff5000] with protection modes 0
Event: 22.425 Protecting memory [0x00007f1e5aef0000,0x00007f1e5aef4000] with protection modes 0
Event: 31.288 Protecting memory [0x00007f1e5adef000,0x00007f1e5adf3000] with protection modes 0
Event: 31.315 Protecting memory [0x00007f1e5acee000,0x00007f1e5acf2000] with protection modes 0
Event: 32.490 Protecting memory [0x00007f1e5abed000,0x00007f1e5abf1000] with protection modes 0
Event: 33.535 Protecting memory [0x00007f1e5aaec000,0x00007f1e5aaf0000] with protection modes 0
Event: 33.898 Protecting memory [0x00007f1e5a9eb000,0x00007f1e5a9ef000] with protection modes 0
Event: 33.923 Protecting memory [0x00007f1e5a8ea000,0x00007f1e5a8ee000] with protection modes 0
Event: 34.111 Protecting memory [0x00007f1e5a7e9000,0x00007f1e5a7ed000] with protection modes 0
Event: 34.322 Protecting memory [0x00007f1e5a6e8000,0x00007f1e5a6ec000] with protection modes 0
Event: 34.384 Protecting memory [0x00007f1e5a5e7000,0x00007f1e5a5eb000] with protection modes 0

Nmethod flushes (20 events):
Event: 97.694 Thread 0x00007f1edc0c53b0 flushing  nmethod 0x00007f1ec74d0090
Event: 97.694 Thread 0x00007f1edc0c53b0 flushing  nmethod 0x00007f1ec74f0e10
Event: 97.694 Thread 0x00007f1edc0c53b0 flushing  nmethod 0x00007f1ec74f4f10
Event: 97.694 Thread 0x00007f1edc0c53b0 flushing  nmethod 0x00007f1ec750d410
Event: 97.694 Thread 0x00007f1edc0c53b0 flushing  nmethod 0x00007f1ec750db90
Event: 97.694 Thread 0x00007f1edc0c53b0 flushing  nmethod 0x00007f1ec7512090
Event: 97.694 Thread 0x00007f1edc0c53b0 flushing  nmethod 0x00007f1ec7512790
Event: 97.694 Thread 0x00007f1edc0c53b0 flushing  nmethod 0x00007f1ec7512d10
Event: 97.694 Thread 0x00007f1edc0c53b0 flushing  nmethod 0x00007f1ec7521c90
Event: 97.694 Thread 0x00007f1edc0c53b0 flushing  nmethod 0x00007f1ec757e190
Event: 97.694 Thread 0x00007f1edc0c53b0 flushing  nmethod 0x00007f1ec757ee10
Event: 97.694 Thread 0x00007f1edc0c53b0 flushing  nmethod 0x00007f1ec757fd10
Event: 97.694 Thread 0x00007f1edc0c53b0 flushing  nmethod 0x00007f1ec7598c10
Event: 97.694 Thread 0x00007f1edc0c53b0 flushing  nmethod 0x00007f1ec7598f90
Event: 97.694 Thread 0x00007f1edc0c53b0 flushing  nmethod 0x00007f1ec75c0810
Event: 97.694 Thread 0x00007f1edc0c53b0 flushing  nmethod 0x00007f1ec75d3d10
Event: 97.694 Thread 0x00007f1edc0c53b0 flushing  nmethod 0x00007f1ec75d4290
Event: 97.694 Thread 0x00007f1edc0c53b0 flushing  nmethod 0x00007f1ec75d4690
Event: 97.695 Thread 0x00007f1edc0c53b0 flushing  nmethod 0x00007f1ec76f0b10
Event: 97.695 Thread 0x00007f1edc0c53b0 flushing osr nmethod 0x00007f1ec7706f10

Events (20 events):
Event: 4.634 Thread 0x00007f1e7400d0a0 Thread added: 0x00007f1eb0428850
Event: 5.083 Thread 0x00007f1e7400d0a0 Thread added: 0x00007f1eb053a5f0
Event: 5.090 Thread 0x00007f1e7400d0a0 Thread added: 0x00007f1eb053f810
Event: 5.889 Thread 0x00007f1e7400d0a0 Thread added: 0x00007f1eb0790170
Event: 6.126 Thread 0x00007f1e7400d0a0 Thread added: 0x00007f1eb07ffd20
Event: 6.298 Thread 0x00007f1e7400d0a0 Thread added: 0x00007f1eb0844d50
Event: 13.380 Thread 0x00007f1e7400d0a0 Thread added: 0x00007f1eb11d7670
Event: 13.608 Thread 0x00007f1e7400d0a0 Thread added: 0x00007f1eb11eac40
Event: 14.440 Thread 0x00007f1e7400d0a0 Thread added: 0x00007f1eb11fb040
Event: 19.522 Thread 0x00007f1e7400d0a0 Thread added: 0x00007f1eb17fa270
Event: 22.425 Thread 0x00007f1e7400d0a0 Thread added: 0x00007f1eb1cb4240
Event: 31.288 Thread 0x00007f1e7400d0a0 Thread added: 0x00007f1eb2360da0
Event: 31.315 Thread 0x00007f1eb2360da0 Thread added: 0x00007f1eb8020d60
Event: 32.489 Thread 0x00007f1eb2360da0 Thread added: 0x00007f1eb808c460
Event: 33.528 Thread 0x00007f1eb2360da0 Thread added: 0x00007f1eb8052000
Event: 33.898 Thread 0x00007f1eb2360da0 Thread added: 0x00007f1eb809ae50
Event: 33.920 Thread 0x00007f1eb2360da0 Thread added: 0x00007f1eb809cd60
Event: 34.108 Thread 0x00007f1eb2360da0 Thread added: 0x00007f1eb809dd30
Event: 34.322 Thread 0x00007f1eb2360da0 Thread added: 0x00007f1eb8097410
Event: 34.380 Thread 0x00007f1eb2360da0 Thread added: 0x00007f1eb80a7960


Dynamic libraries:
b0000000-cae00000 rw-p 00000000 00:00 0 
d6400000-ffd00000 ---p 00000000 00:00 0 
ffd00000-ffe00000 rw-p 00000000 00:00 0 
ffe00000-ffe75000 rw-p 00c7a000 00:25 13853                              /usr/lib/jvm/java-17-openjdk-amd64/lib/server/classes.jsa
ffe75000-fff00000 rw-p 00000000 00:00 0 
fff00000-fff78000 rw-p 00c02000 00:25 13853                              /usr/lib/jvm/java-17-openjdk-amd64/lib/server/classes.jsa
fff78000-100000000 rw-p 00000000 00:00 0 
55b112a19000-55b112a1a000 r--p 00000000 00:25 13495                      /usr/lib/jvm/java-17-openjdk-amd64/bin/java
55b112a1a000-55b112a1b000 r-xp 00001000 00:25 13495                      /usr/lib/jvm/java-17-openjdk-amd64/bin/java
55b112a1b000-55b112a1c000 r--p 00002000 00:25 13495                      /usr/lib/jvm/java-17-openjdk-amd64/bin/java
55b112a1c000-55b112a1d000 r--p 00002000 00:25 13495                      /usr/lib/jvm/java-17-openjdk-amd64/bin/java
55b112a1d000-55b112a1e000 rw-p 00003000 00:25 13495                      /usr/lib/jvm/java-17-openjdk-amd64/bin/java
55b112e0c000-55b112e76000 rw-p 00000000 00:00 0                          [heap]
7f1e56000000-7f1e56bf0000 rw-p 00000000 00:00 0 
7f1e56bf0000-7f1e56c00000 ---p 00000000 00:00 0 
7f1e56c00000-7f1e57f70000 rw-p 00000000 00:00 0 
7f1e57f70000-7f1e5a000000 ---p 00000000 00:00 0 
7f1e5a5e6000-7f1e5a5e7000 ---p 00000000 00:00 0 
7f1e5a5e7000-7f1e5a5eb000 ---p 00000000 00:00 0 
7f1e5a5eb000-7f1e5a6e7000 rw-p 00000000 00:00 0 
7f1e5a6e7000-7f1e5a6e8000 ---p 00000000 00:00 0 
7f1e5a6e8000-7f1e5a6ec000 ---p 00000000 00:00 0 
7f1e5a6ec000-7f1e5a7e8000 rw-p 00000000 00:00 0 
7f1e5a7e8000-7f1e5a7e9000 ---p 00000000 00:00 0 
7f1e5a7e9000-7f1e5a7ed000 ---p 00000000 00:00 0 
7f1e5a7ed000-7f1e5a8e9000 rw-p 00000000 00:00 0 
7f1e5a8e9000-7f1e5a8ea000 ---p 00000000 00:00 0 
7f1e5a8ea000-7f1e5a8ee000 ---p 00000000 00:00 0 
7f1e5a8ee000-7f1e5a9ea000 rw-p 00000000 00:00 0 
7f1e5a9ea000-7f1e5a9eb000 ---p 00000000 00:00 0 
7f1e5a9eb000-7f1e5a9ef000 ---p 00000000 00:00 0 
7f1e5a9ef000-7f1e5aaeb000 rw-p 00000000 00:00 0 
7f1e5aaeb000-7f1e5aaec000 ---p 00000000 00:00 0 
7f1e5aaec000-7f1e5aaf0000 ---p 00000000 00:00 0 
7f1e5aaf0000-7f1e5abec000 rw-p 00000000 00:00 0 
7f1e5abec000-7f1e5abed000 ---p 00000000 00:00 0 
7f1e5abed000-7f1e5abf1000 ---p 00000000 00:00 0 
7f1e5abf1000-7f1e5aced000 rw-p 00000000 00:00 0 
7f1e5aced000-7f1e5acee000 ---p 00000000 00:00 0 
7f1e5acee000-7f1e5acf2000 ---p 00000000 00:00 0 
7f1e5acf2000-7f1e5adee000 rw-p 00000000 00:00 0 
7f1e5adee000-7f1e5adef000 ---p 00000000 00:00 0 
7f1e5adef000-7f1e5adf3000 ---p 00000000 00:00 0 
7f1e5adf3000-7f1e5aeef000 rw-p 00000000 00:00 0 
7f1e5aeef000-7f1e5aef0000 ---p 00000000 00:00 0 
7f1e5aef0000-7f1e5aef4000 ---p 00000000 00:00 0 
7f1e5aef4000-7f1e5aff0000 rw-p 00000000 00:00 0 
7f1e5aff0000-7f1e5aff1000 ---p 00000000 00:00 0 
7f1e5aff1000-7f1e5aff5000 ---p 00000000 00:00 0 
7f1e5aff5000-7f1e5b0f1000 rw-p 00000000 00:00 0 
7f1e5b0f1000-7f1e5b0f2000 ---p 00000000 00:00 0 
7f1e5b0f2000-7f1e5b0f6000 ---p 00000000 00:00 0 
7f1e5b0f6000-7f1e5b1f2000 rw-p 00000000 00:00 0 
7f1e5b1f2000-7f1e5b1f3000 ---p 00000000 00:00 0 
7f1e5b1f3000-7f1e5b1f7000 ---p 00000000 00:00 0 
7f1e5b1f7000-7f1e5b2f3000 rw-p 00000000 00:00 0 
7f1e5b2f3000-7f1e5b2f4000 ---p 00000000 00:00 0 
7f1e5b2f4000-7f1e5b2f8000 ---p 00000000 00:00 0 
7f1e5b2f8000-7f1e5b3f4000 rw-p 00000000 00:00 0 
7f1e5b3f4000-7f1e5b3f5000 ---p 00000000 00:00 0 
7f1e5b3f5000-7f1e5b3f9000 ---p 00000000 00:00 0 
7f1e5b3f9000-7f1e5b4f5000 rw-p 00000000 00:00 0 
7f1e5b4f5000-7f1e5b4f6000 ---p 00000000 00:00 0 
7f1e5b4f6000-7f1e5b4fa000 ---p 00000000 00:00 0 
7f1e5b4fa000-7f1e5b5f6000 rw-p 00000000 00:00 0 
7f1e5b5f6000-7f1e5b5f7000 ---p 00000000 00:00 0 
7f1e5b5f7000-7f1e5b5fb000 ---p 00000000 00:00 0 
7f1e5b5fb000-7f1e5b6f7000 rw-p 00000000 00:00 0 
7f1e5b6f7000-7f1e5b6f8000 ---p 00000000 00:00 0 
7f1e5b6f8000-7f1e5b6fc000 ---p 00000000 00:00 0 
7f1e5b6fc000-7f1e5b7f8000 rw-p 00000000 00:00 0 
7f1e5b7f8000-7f1e5b7f9000 ---p 00000000 00:00 0 
7f1e5b7f9000-7f1e5b7fd000 ---p 00000000 00:00 0 
7f1e5b7fd000-7f1e5b8f9000 rw-p 00000000 00:00 0 
7f1e5b8f9000-7f1e5b8fa000 ---p 00000000 00:00 0 
7f1e5b8fa000-7f1e5b8fe000 ---p 00000000 00:00 0 
7f1e5b8fe000-7f1e5b9fa000 rw-p 00000000 00:00 0 
7f1e5b9fa000-7f1e5b9fb000 ---p 00000000 00:00 0 
7f1e5b9fb000-7f1e5b9ff000 ---p 00000000 00:00 0 
7f1e5b9ff000-7f1e5bafb000 rw-p 00000000 00:00 0 
7f1e5bafb000-7f1e5bafc000 ---p 00000000 00:00 0 
7f1e5bafc000-7f1e5bb00000 ---p 00000000 00:00 0 
7f1e5bb00000-7f1e5bbfc000 rw-p 00000000 00:00 0 
7f1e5bbfc000-7f1e5bbfd000 ---p 00000000 00:00 0 
7f1e5bbfd000-7f1e5bc01000 ---p 00000000 00:00 0 
7f1e5bc01000-7f1e5bcfd000 rw-p 00000000 00:00 0 
7f1e5bcfd000-7f1e5bcfe000 ---p 00000000 00:00 0 
7f1e5bcfe000-7f1e5bd02000 ---p 00000000 00:00 0 
7f1e5bd02000-7f1e5bdfe000 rw-p 00000000 00:00 0 
7f1e5bdfe000-7f1e5bdff000 ---p 00000000 00:00 0 
7f1e5bdff000-7f1e5be03000 ---p 00000000 00:00 0 
7f1e5be03000-7f1e5beff000 rw-p 00000000 00:00 0 
7f1e5beff000-7f1e5bf00000 ---p 00000000 00:00 0 
7f1e5bf00000-7f1e5bf04000 ---p 00000000 00:00 0 
7f1e5bf04000-7f1e5c000000 rw-p 00000000 00:00 0 
7f1e5c000000-7f1e5d3e6000 rw-p 00000000 00:00 0 
7f1e5d3e6000-7f1e60000000 ---p 00000000 00:00 0 
7f1e60000000-7f1e60021000 rw-p 00000000 00:00 0 
7f1e60021000-7f1e64000000 ---p 00000000 00:00 0 
7f1e64000000-7f1e64021000 rw-p 00000000 00:00 0 
7f1e64021000-7f1e68000000 ---p 00000000 00:00 0 
7f1e68000000-7f1e6bd5e000 rw-p 00000000 00:00 0 
7f1e6bd5e000-7f1e6c000000 ---p 00000000 00:00 0 
7f1e6c000000-7f1e6c058000 rw-p 00000000 00:00 0 
7f1e6c058000-7f1e70000000 ---p 00000000 00:00 0 
7f1e70000000-7f1e7002a000 rw-p 00000000 00:00 0 
7f1e7002a000-7f1e74000000 ---p 00000000 00:00 0 
7f1e74000000-7f1e7402d000 rw-p 00000000 00:00 0 
7f1e7402d000-7f1e78000000 ---p 00000000 00:00 0 
7f1e78000000-7f1e78021000 rw-p 00000000 00:00 0 
7f1e78021000-7f1e7c000000 ---p 00000000 00:00 0 
7f1e7c000000-7f1e7c527000 rw-p 00000000 00:00 0 
7f1e7c527000-7f1e80000000 ---p 00000000 00:00 0 
7f1e80000000-7f1e80455000 rw-p 00001000 00:25 13853                      /usr/lib/jvm/java-17-openjdk-amd64/lib/server/classes.jsa
7f1e80455000-7f1e80bca000 rw-p 00456000 00:25 13853                      /usr/lib/jvm/java-17-openjdk-amd64/lib/server/classes.jsa
7f1e80bca000-7f1e81000000 ---p 00000000 00:00 0 
7f1e81000000-7f1e81040000 rw-p 00000000 00:00 0 
7f1e81040000-7f1e81080000 rw-p 00000000 00:00 0 
7f1e81080000-7f1e81140000 rw-p 00000000 00:00 0 
7f1e81140000-7f1e81180000 rw-p 00000000 00:00 0 
7f1e81180000-7f1e81440000 rw-p 00000000 00:00 0 
7f1e81440000-7f1e81640000 rw-p 00000000 00:00 0 
7f1e81640000-7f1e81680000 rw-p 00000000 00:00 0 
7f1e81680000-7f1e81940000 rw-p 00000000 00:00 0 
7f1e81940000-7f1e81980000 rw-p 00000000 00:00 0 
7f1e81980000-7f1e81dc0000 rw-p 00000000 00:00 0 
7f1e81dc0000-7f1e81dd0000 rw-p 00000000 00:00 0 
7f1e81dd0000-7f1e81e00000 ---p 00000000 00:00 0 
7f1e81e00000-7f1e81ff0000 rw-p 00000000 00:00 0 
7f1e81ff0000-7f1ea8000000 ---p 00000000 00:00 0 
7f1ea8000000-7f1ea8021000 rw-p 00000000 00:00 0 
7f1ea8021000-7f1eac000000 ---p 00000000 00:00 0 
7f1eac000000-7f1eac400000 rw-p 00000000 00:00 0 
7f1eac400000-7f1eac800000 rw-p 00000000 00:00 0 
7f1eac800000-7f1eac900000 rw-p 00000000 00:00 0 
7f1eac900000-7f1eaca00000 rw-p 00000000 00:00 0 
7f1eaca00000-7f1ead700000 rw-p 00000000 00:00 0 
7f1ead700000-7f1ead800000 rw-p 00000000 00:00 0 
7f1ead800000-7f1ead900000 rw-p 00000000 00:00 0 
7f1ead900000-7f1eada00000 rw-p 00000000 00:00 0 
7f1eada00000-7f1eadb00000 rw-p 00000000 00:00 0 
7f1eadb00000-7f1eadc00000 rw-p 00000000 00:00 0 
7f1eadc00000-7f1eaeb00000 rw-p 00000000 00:00 0 
7f1eaeb00000-7f1eaec00000 rw-p 00000000 00:00 0 
7f1eaec00000-7f1eaf300000 rw-p 00000000 00:00 0 
7f1eaf300000-7f1eaf400000 rw-p 00000000 00:00 0 
7f1eaf400000-7f1eaf800000 rw-p 00000000 00:00 0 
7f1eaf800000-7f1eaf900000 rw-p 00000000 00:00 0 
7f1eaf900000-7f1eafa00000 rw-p 00000000 00:00 0 
7f1eafa00000-7f1eb0000000 rw-p 00000000 00:00 0 
7f1eb0000000-7f1eb251d000 rw-p 00000000 00:00 0 
7f1eb251d000-7f1eb4000000 ---p 00000000 00:00 0 
7f1eb40f9000-7f1eb40fa000 ---p 00000000 00:00 0 
7f1eb40fa000-7f1eb40fe000 ---p 00000000 00:00 0 
7f1eb40fe000-7f1eb41fa000 rw-p 00000000 00:00 0 
7f1eb41fa000-7f1eb41fb000 ---p 00000000 00:00 0 
7f1eb41fb000-7f1eb41ff000 ---p 00000000 00:00 0 
7f1eb41ff000-7f1eb42fb000 rw-p 00000000 00:00 0 
7f1eb42fb000-7f1eb42fc000 ---p 00000000 00:00 0 
7f1eb42fc000-7f1eb4300000 ---p 00000000 00:00 0 
7f1eb4300000-7f1eb43fc000 rw-p 00000000 00:00 0 
7f1eb43fc000-7f1eb43fd000 ---p 00000000 00:00 0 
7f1eb43fd000-7f1eb4401000 ---p 00000000 00:00 0 
7f1eb4401000-7f1eb44fd000 rw-p 00000000 00:00 0 
7f1eb44fd000-7f1eb44fe000 ---p 00000000 00:00 0 
7f1eb44fe000-7f1eb4502000 ---p 00000000 00:00 0 
7f1eb4502000-7f1eb45fe000 rw-p 00000000 00:00 0 
7f1eb45fe000-7f1eb45ff000 ---p 00000000 00:00 0 
7f1eb45ff000-7f1eb4603000 ---p 00000000 00:00 0 
7f1eb4603000-7f1eb46ff000 rw-p 00000000 00:00 0 
7f1eb46ff000-7f1eb4700000 ---p 00000000 00:00 0 
7f1eb4700000-7f1eb4704000 ---p 00000000 00:00 0 
7f1eb4704000-7f1eb4800000 rw-p 00000000 00:00 0 
7f1eb4800000-7f1eb4853000 r-xp 00000000 fe:00 141254                     /root/.gradle/native/100fb08df4bc3b14c8652ba06237920a3bd2aa13389f12d3474272988ae205f9/linux-amd64/libnative-platform-file-events.so
7f1eb4853000-7f1eb4a52000 ---p 00053000 fe:00 141254                     /root/.gradle/native/100fb08df4bc3b14c8652ba06237920a3bd2aa13389f12d3474272988ae205f9/linux-amd64/libnative-platform-file-events.so
7f1eb4a52000-7f1eb4a53000 r--p 00052000 fe:00 141254                     /root/.gradle/native/100fb08df4bc3b14c8652ba06237920a3bd2aa13389f12d3474272988ae205f9/linux-amd64/libnative-platform-file-events.so
7f1eb4a53000-7f1eb4a55000 rw-p 00053000 fe:00 141254                     /root/.gradle/native/100fb08df4bc3b14c8652ba06237920a3bd2aa13389f12d3474272988ae205f9/linux-amd64/libnative-platform-file-events.so
7f1eb4aff000-7f1eb4b00000 ---p 00000000 00:00 0 
7f1eb4b00000-7f1eb4c00000 rw-p 00000000 00:00 0 
7f1eb4c00000-7f1eb4c05000 r-xp 00000000 fe:00 141225                     /root/.gradle/native/c067742578af261105cb4f569cf0c3c89f3d7b1fecec35dd04571415982c5e48/linux-amd64/libnative-platform.so
7f1eb4c05000-7f1eb4e05000 ---p 00005000 fe:00 141225                     /root/.gradle/native/c067742578af261105cb4f569cf0c3c89f3d7b1fecec35dd04571415982c5e48/linux-amd64/libnative-platform.so
7f1eb4e05000-7f1eb4e06000 r--p 00005000 fe:00 141225                     /root/.gradle/native/c067742578af261105cb4f569cf0c3c89f3d7b1fecec35dd04571415982c5e48/linux-amd64/libnative-platform.so
7f1eb4e06000-7f1eb4e07000 rw-p 00006000 fe:00 141225                     /root/.gradle/native/c067742578af261105cb4f569cf0c3c89f3d7b1fecec35dd04571415982c5e48/linux-amd64/libnative-platform.so
7f1eb4e93000-7f1eb4e94000 r--p 00000000 00:25 13813                      /usr/lib/jvm/java-17-openjdk-amd64/lib/libextnet.so
7f1eb4e94000-7f1eb4e95000 r-xp 00001000 00:25 13813                      /usr/lib/jvm/java-17-openjdk-amd64/lib/libextnet.so
7f1eb4e95000-7f1eb4e96000 r--p 00002000 00:25 13813                      /usr/lib/jvm/java-17-openjdk-amd64/lib/libextnet.so
7f1eb4e96000-7f1eb4e97000 r--p 00002000 00:25 13813                      /usr/lib/jvm/java-17-openjdk-amd64/lib/libextnet.so
7f1eb4e97000-7f1eb4e98000 rw-p 00003000 00:25 13813                      /usr/lib/jvm/java-17-openjdk-amd64/lib/libextnet.so
7f1eb4e98000-7f1eb4e9a000 r--p 00000000 00:25 13832                      /usr/lib/jvm/java-17-openjdk-amd64/lib/libmanagement_ext.so
7f1eb4e9a000-7f1eb4e9d000 r-xp 00002000 00:25 13832                      /usr/lib/jvm/java-17-openjdk-amd64/lib/libmanagement_ext.so
7f1eb4e9d000-7f1eb4e9e000 r--p 00005000 00:25 13832                      /usr/lib/jvm/java-17-openjdk-amd64/lib/libmanagement_ext.so
7f1eb4e9e000-7f1eb4e9f000 r--p 00006000 00:25 13832                      /usr/lib/jvm/java-17-openjdk-amd64/lib/libmanagement_ext.so
7f1eb4e9f000-7f1eb4ea0000 rw-p 00007000 00:25 13832                      /usr/lib/jvm/java-17-openjdk-amd64/lib/libmanagement_ext.so
7f1eb4ea0000-7f1eb4ea1000 r--p 00000000 00:25 18162                      /usr/lib/x86_64-linux-gnu/libpthread.so.0
7f1eb4ea1000-7f1eb4ea2000 r-xp 00001000 00:25 18162                      /usr/lib/x86_64-linux-gnu/libpthread.so.0
7f1eb4ea2000-7f1eb4ea3000 r--p 00002000 00:25 18162                      /usr/lib/x86_64-linux-gnu/libpthread.so.0
7f1eb4ea3000-7f1eb4ea4000 r--p 00002000 00:25 18162                      /usr/lib/x86_64-linux-gnu/libpthread.so.0
7f1eb4ea4000-7f1eb4ea5000 rw-p 00003000 00:25 18162                      /usr/lib/x86_64-linux-gnu/libpthread.so.0
7f1eb4ea6000-7f1eb4ea8000 r--p 00000000 00:25 13830                      /usr/lib/jvm/java-17-openjdk-amd64/lib/libmanagement.so
7f1eb4ea8000-7f1eb4ea9000 r-xp 00002000 00:25 13830                      /usr/lib/jvm/java-17-openjdk-amd64/lib/libmanagement.so
7f1eb4ea9000-7f1eb4eaa000 r--p 00003000 00:25 13830                      /usr/lib/jvm/java-17-openjdk-amd64/lib/libmanagement.so
7f1eb4eaa000-7f1eb4eab000 r--p 00003000 00:25 13830                      /usr/lib/jvm/java-17-openjdk-amd64/lib/libmanagement.so
7f1eb4eab000-7f1eb4eac000 rw-p 00004000 00:25 13830                      /usr/lib/jvm/java-17-openjdk-amd64/lib/libmanagement.so
7f1eb4eac000-7f1eb4ead000 ---p 00000000 00:00 0 
7f1eb4ead000-7f1eb4fad000 rw-p 00000000 00:00 0 
7f1eb4fad000-7f1eb4fae000 ---p 00000000 00:00 0 
7f1eb4fae000-7f1eb50ae000 rw-p 00000000 00:00 0 
7f1eb50ae000-7f1eb50af000 ---p 00000000 00:00 0 
7f1eb50af000-7f1eb50b3000 ---p 00000000 00:00 0 
7f1eb50b3000-7f1eb51af000 rw-p 00000000 00:00 0 
7f1eb51af000-7f1eb51b0000 ---p 00000000 00:00 0 
7f1eb51b0000-7f1eb51b4000 ---p 00000000 00:00 0 
7f1eb51b4000-7f1eb52b0000 rw-p 00000000 00:00 0 
7f1eb52b0000-7f1eb52b1000 ---p 00000000 00:00 0 
7f1eb52b1000-7f1eb52b5000 ---p 00000000 00:00 0 
7f1eb52b5000-7f1eb53b1000 rw-p 00000000 00:00 0 
7f1eb53b1000-7f1eb53b2000 ---p 00000000 00:00 0 
7f1eb53b2000-7f1eb53b6000 ---p 00000000 00:00 0 
7f1eb53b6000-7f1eb54b2000 rw-p 00000000 00:00 0 
7f1eb54b2000-7f1eb54b3000 ---p 00000000 00:00 0 
7f1eb54b3000-7f1eb54b7000 ---p 00000000 00:00 0 
7f1eb54b7000-7f1eb55b3000 rw-p 00000000 00:00 0 
7f1eb55b3000-7f1eb55b4000 ---p 00000000 00:00 0 
7f1eb55b4000-7f1eb55b8000 ---p 00000000 00:00 0 
7f1eb55b8000-7f1eb56b4000 rw-p 00000000 00:00 0 
7f1eb56b4000-7f1eb56b5000 ---p 00000000 00:00 0 
7f1eb56b5000-7f1eb56b9000 ---p 00000000 00:00 0 
7f1eb56b9000-7f1eb57b5000 rw-p 00000000 00:00 0 
7f1eb57b5000-7f1eb57b6000 ---p 00000000 00:00 0 
7f1eb57b6000-7f1eb57ba000 ---p 00000000 00:00 0 
7f1eb57ba000-7f1eb58b6000 rw-p 00000000 00:00 0 
7f1eb58b6000-7f1eb590d000 r--p 00000000 00:25 13893                      /usr/lib/locale/C.utf8/LC_CTYPE
7f1eb590d000-7f1eb590e000 ---p 00000000 00:00 0 
7f1eb590e000-7f1eb5912000 ---p 00000000 00:00 0 
7f1eb5912000-7f1eb5a0e000 rw-p 00000000 00:00 0 
7f1eb5a0e000-7f1eb5a0f000 ---p 00000000 00:00 0 
7f1eb5a0f000-7f1eb5a13000 ---p 00000000 00:00 0 
7f1eb5a13000-7f1eb5b0f000 rw-p 00000000 00:00 0 
7f1eb5b0f000-7f1eb5b10000 ---p 00000000 00:00 0 
7f1eb5b10000-7f1eb5c10000 rw-p 00000000 00:00 0 
7f1eb5c10000-7f1eb5c15000 r--p 00000000 00:25 13828                      /usr/lib/jvm/java-17-openjdk-amd64/lib/libjsvml.so
7f1eb5c15000-7f1eb5c56000 r-xp 00005000 00:25 13828                      /usr/lib/jvm/java-17-openjdk-amd64/lib/libjsvml.so
7f1eb5c56000-7f1eb5cdf000 r--p 00046000 00:25 13828                      /usr/lib/jvm/java-17-openjdk-amd64/lib/libjsvml.so
7f1eb5cdf000-7f1eb5ce0000 r--p 000ce000 00:25 13828                      /usr/lib/jvm/java-17-openjdk-amd64/lib/libjsvml.so
7f1eb5ce0000-7f1eb5ce1000 rw-p 000cf000 00:25 13828                      /usr/lib/jvm/java-17-openjdk-amd64/lib/libjsvml.so
7f1eb5ce1000-7f1eb5dfe000 rw-p 00000000 00:00 0 
7f1eb5dfe000-7f1eb5dff000 ---p 00000000 00:00 0 
7f1eb5dff000-7f1eb5eff000 rw-p 00000000 00:00 0 
7f1eb5eff000-7f1eb5f00000 ---p 00000000 00:00 0 
7f1eb5f00000-7f1eb8000000 rw-p 00000000 00:00 0 
7f1eb8000000-7f1eb88b6000 rw-p 00000000 00:00 0 
7f1eb88b6000-7f1ebc000000 ---p 00000000 00:00 0 
7f1ebc000000-7f1ebc07a000 rw-p 00000000 00:00 0 
7f1ebc07a000-7f1ec0000000 ---p 00000000 00:00 0 
7f1ec0000000-7f1ec0073000 rw-p 00000000 00:00 0 
7f1ec0073000-7f1ec4000000 ---p 00000000 00:00 0 
7f1ec4000000-7f1ec4004000 r--p 00000000 00:25 13842                      /usr/lib/jvm/java-17-openjdk-amd64/lib/libverify.so
7f1ec4004000-7f1ec400b000 r-xp 00004000 00:25 13842                      /usr/lib/jvm/java-17-openjdk-amd64/lib/libverify.so
7f1ec400b000-7f1ec400d000 r--p 0000b000 00:25 13842                      /usr/lib/jvm/java-17-openjdk-amd64/lib/libverify.so
7f1ec400d000-7f1ec400f000 r--p 0000c000 00:25 13842                      /usr/lib/jvm/java-17-openjdk-amd64/lib/libverify.so
7f1ec400f000-7f1ec4010000 rw-p 0000e000 00:25 13842                      /usr/lib/jvm/java-17-openjdk-amd64/lib/libverify.so
7f1ec4010000-7f1ec47c9000 rw-p 00000000 00:00 0 
7f1ec47c9000-7f1ec5505000 ---p 00000000 00:00 0 
7f1ec5505000-7f1ec5511000 rw-p 00000000 00:00 0 
7f1ec5511000-7f1ec7811000 rwxp 00000000 00:00 0 
7f1ec7811000-7f1ecca49000 ---p 00000000 00:00 0 
7f1ecca49000-7f1ecccb9000 rwxp 00000000 00:00 0 
7f1ecccb9000-7f1eccfd8000 ---p 00000000 00:00 0 
7f1eccfd8000-7f1ecda48000 rwxp 00000000 00:00 0 
7f1ecda48000-7f1ed4511000 ---p 00000000 00:00 0 
7f1ed4511000-7f1edc000000 r--s 00000000 00:25 13844                      /usr/lib/jvm/java-17-openjdk-amd64/lib/modules
7f1edc000000-7f1edd3d9000 rw-p 00000000 00:00 0 
7f1edd3d9000-7f1ee0000000 ---p 00000000 00:00 0 
7f1ee0000000-7f1ee0004000 r--p 00000000 00:25 13834                      /usr/lib/jvm/java-17-openjdk-amd64/lib/libnet.so
7f1ee0004000-7f1ee0012000 r-xp 00004000 00:25 13834                      /usr/lib/jvm/java-17-openjdk-amd64/lib/libnet.so
7f1ee0012000-7f1ee0016000 r--p 00012000 00:25 13834                      /usr/lib/jvm/java-17-openjdk-amd64/lib/libnet.so
7f1ee0016000-7f1ee0017000 r--p 00015000 00:25 13834                      /usr/lib/jvm/java-17-openjdk-amd64/lib/libnet.so
7f1ee0017000-7f1ee0018000 rw-p 00016000 00:25 13834                      /usr/lib/jvm/java-17-openjdk-amd64/lib/libnet.so
7f1ee0018000-7f1ee001f000 r--p 00000000 00:25 13835                      /usr/lib/jvm/java-17-openjdk-amd64/lib/libnio.so
7f1ee001f000-7f1ee0028000 r-xp 00007000 00:25 13835                      /usr/lib/jvm/java-17-openjdk-amd64/lib/libnio.so
7f1ee0028000-7f1ee002c000 r--p 00010000 00:25 13835                      /usr/lib/jvm/java-17-openjdk-amd64/lib/libnio.so
7f1ee002c000-7f1ee002d000 r--p 00014000 00:25 13835                      /usr/lib/jvm/java-17-openjdk-amd64/lib/libnio.so
7f1ee002d000-7f1ee002e000 rw-p 00015000 00:25 13835                      /usr/lib/jvm/java-17-openjdk-amd64/lib/libnio.so
7f1ee002e000-7f1ee0030000 r--p 00000000 00:25 13843                      /usr/lib/jvm/java-17-openjdk-amd64/lib/libzip.so
7f1ee0030000-7f1ee0034000 r-xp 00002000 00:25 13843                      /usr/lib/jvm/java-17-openjdk-amd64/lib/libzip.so
7f1ee0034000-7f1ee0036000 r--p 00006000 00:25 13843                      /usr/lib/jvm/java-17-openjdk-amd64/lib/libzip.so
7f1ee0036000-7f1ee0037000 r--p 00007000 00:25 13843                      /usr/lib/jvm/java-17-openjdk-amd64/lib/libzip.so
7f1ee0037000-7f1ee0038000 rw-p 00008000 00:25 13843                      /usr/lib/jvm/java-17-openjdk-amd64/lib/libzip.so
7f1ee0038000-7f1ee0039000 r--p 00000000 00:25 13899                      /usr/lib/locale/C.utf8/LC_NUMERIC
7f1ee0039000-7f1ee003a000 r--p 00000000 00:25 13902                      /usr/lib/locale/C.utf8/LC_TIME
7f1ee003a000-7f1ee003b000 r--p 00000000 00:25 13892                      /usr/lib/locale/C.utf8/LC_COLLATE
7f1ee003b000-7f1ee003c000 r--p 00000000 00:25 13897                      /usr/lib/locale/C.utf8/LC_MONETARY
7f1ee003c000-7f1ee003d000 r--p 00000000 00:25 13896                      /usr/lib/locale/C.utf8/LC_MESSAGES/SYS_LC_MESSAGES
7f1ee003d000-7f1ee003e000 r--p 00000000 00:25 13900                      /usr/lib/locale/C.utf8/LC_PAPER
7f1ee003e000-7f1ee003f000 r--p 00000000 00:25 13898                      /usr/lib/locale/C.utf8/LC_NAME
7f1ee003f000-7f1ee0046000 r--s 00000000 00:25 17585                      /usr/lib/x86_64-linux-gnu/gconv/gconv-modules.cache
7f1ee0046000-7f1ee0147000 rw-p 00000000 00:00 0 
7f1ee0147000-7f1ee0148000 ---p 00000000 00:00 0 
7f1ee0148000-7f1ee0248000 rw-p 00000000 00:00 0 
7f1ee0248000-7f1ee0249000 ---p 00000000 00:00 0 
7f1ee0249000-7f1ee0349000 rw-p 00000000 00:00 0 
7f1ee0349000-7f1ee034a000 ---p 00000000 00:00 0 
7f1ee034a000-7f1ee0b2d000 rw-p 00000000 00:00 0 
7f1ee0b2d000-7f1ee1869000 ---p 00000000 00:00 0 
7f1ee1869000-7f1ee194c000 rw-p 00000000 00:00 0 
7f1ee194c000-7f1ee1af3000 ---p 00000000 00:00 0 
7f1ee1af3000-7f1ee1bcc000 rw-p 00000000 00:00 0 
7f1ee1bcc000-7f1ee1d73000 ---p 00000000 00:00 0 
7f1ee1d73000-7f1ee1e4c000 rw-p 00000000 00:00 0 
7f1ee1e4c000-7f1ee1ff3000 ---p 00000000 00:00 0 
7f1ee1ff3000-7f1ee220c000 rw-p 00000000 00:00 0 
7f1ee220c000-7f1ee22e2000 ---p 00000000 00:00 0 
7f1ee22e2000-7f1ee2328000 rw-p 00000000 00:00 0 
7f1ee2328000-7f1ee23cd000 ---p 00000000 00:00 0 
7f1ee23cd000-7f1ee23d2000 rw-p 00000000 00:00 0 
7f1ee23d2000-7f1ee23d9000 ---p 00000000 00:00 0 
7f1ee23d9000-7f1ee23e1000 rw-s 00000000 fe:00 148120                     /tmp/hsperfdata_root/2880
7f1ee23e1000-7f1ee23ed000 r--p 00000000 00:25 13820                      /usr/lib/jvm/java-17-openjdk-amd64/lib/libjava.so
7f1ee23ed000-7f1ee23fe000 r-xp 0000c000 00:25 13820                      /usr/lib/jvm/java-17-openjdk-amd64/lib/libjava.so
7f1ee23fe000-7f1ee2404000 r--p 0001d000 00:25 13820                      /usr/lib/jvm/java-17-openjdk-amd64/lib/libjava.so
7f1ee2404000-7f1ee2405000 r--p 00022000 00:25 13820                      /usr/lib/jvm/java-17-openjdk-amd64/lib/libjava.so
7f1ee2405000-7f1ee2406000 rw-p 00023000 00:25 13820                      /usr/lib/jvm/java-17-openjdk-amd64/lib/libjava.so
7f1ee2406000-7f1ee2407000 rw-p 00000000 00:00 0 
7f1ee2407000-7f1ee2408000 r--p 00000000 00:25 13815                      /usr/lib/jvm/java-17-openjdk-amd64/lib/libinstrument.so
7f1ee2408000-7f1ee240e000 r-xp 00001000 00:25 13815                      /usr/lib/jvm/java-17-openjdk-amd64/lib/libinstrument.so
7f1ee240e000-7f1ee2411000 r--p 00007000 00:25 13815                      /usr/lib/jvm/java-17-openjdk-amd64/lib/libinstrument.so
7f1ee2411000-7f1ee2412000 r--p 00009000 00:25 13815                      /usr/lib/jvm/java-17-openjdk-amd64/lib/libinstrument.so
7f1ee2412000-7f1ee2413000 rw-p 0000a000 00:25 13815                      /usr/lib/jvm/java-17-openjdk-amd64/lib/libinstrument.so
7f1ee2413000-7f1ee2415000 r--p 00000000 00:25 13824                      /usr/lib/jvm/java-17-openjdk-amd64/lib/libjimage.so
7f1ee2415000-7f1ee2418000 r-xp 00002000 00:25 13824                      /usr/lib/jvm/java-17-openjdk-amd64/lib/libjimage.so
7f1ee2418000-7f1ee2419000 r--p 00005000 00:25 13824                      /usr/lib/jvm/java-17-openjdk-amd64/lib/libjimage.so
7f1ee2419000-7f1ee241a000 r--p 00006000 00:25 13824                      /usr/lib/jvm/java-17-openjdk-amd64/lib/libjimage.so
7f1ee241a000-7f1ee241b000 rw-p 00007000 00:25 13824                      /usr/lib/jvm/java-17-openjdk-amd64/lib/libjimage.so
7f1ee241b000-7f1ee241f000 ---p 00000000 00:00 0 
7f1ee241f000-7f1ee251b000 rw-p 00000000 00:00 0 
7f1ee251b000-7f1ee251e000 r--p 00000000 00:25 17971                      /usr/lib/x86_64-linux-gnu/libgcc_s.so.1
7f1ee251e000-7f1ee2535000 r-xp 00003000 00:25 17971                      /usr/lib/x86_64-linux-gnu/libgcc_s.so.1
7f1ee2535000-7f1ee2539000 r--p 0001a000 00:25 17971                      /usr/lib/x86_64-linux-gnu/libgcc_s.so.1
7f1ee2539000-7f1ee253a000 r--p 0001d000 00:25 17971                      /usr/lib/x86_64-linux-gnu/libgcc_s.so.1
7f1ee253a000-7f1ee253b000 rw-p 0001e000 00:25 17971                      /usr/lib/x86_64-linux-gnu/libgcc_s.so.1
7f1ee253b000-7f1ee254b000 r--p 00000000 00:25 18072                      /usr/lib/x86_64-linux-gnu/libm.so.6
7f1ee254b000-7f1ee25bf000 r-xp 00010000 00:25 18072                      /usr/lib/x86_64-linux-gnu/libm.so.6
7f1ee25bf000-7f1ee2619000 r--p 00084000 00:25 18072                      /usr/lib/x86_64-linux-gnu/libm.so.6
7f1ee2619000-7f1ee261a000 r--p 000dd000 00:25 18072                      /usr/lib/x86_64-linux-gnu/libm.so.6
7f1ee261a000-7f1ee261b000 rw-p 000de000 00:25 18072                      /usr/lib/x86_64-linux-gnu/libm.so.6
7f1ee261b000-7f1ee26b4000 r--p 00000000 00:25 18239                      /usr/lib/x86_64-linux-gnu/libstdc++.so.6.0.30
7f1ee26b4000-7f1ee27b5000 r-xp 00099000 00:25 18239                      /usr/lib/x86_64-linux-gnu/libstdc++.so.6.0.30
7f1ee27b5000-7f1ee2824000 r--p 0019a000 00:25 18239                      /usr/lib/x86_64-linux-gnu/libstdc++.so.6.0.30
7f1ee2824000-7f1ee282f000 r--p 00209000 00:25 18239                      /usr/lib/x86_64-linux-gnu/libstdc++.so.6.0.30
7f1ee282f000-7f1ee2832000 rw-p 00214000 00:25 18239                      /usr/lib/x86_64-linux-gnu/libstdc++.so.6.0.30
7f1ee2832000-7f1ee2835000 rw-p 00000000 00:00 0 
7f1ee2835000-7f1ee2a86000 r--p 00000000 00:25 13856                      /usr/lib/jvm/java-17-openjdk-amd64/lib/server/libjvm.so
7f1ee2a86000-7f1ee37d8000 r-xp 00251000 00:25 13856                      /usr/lib/jvm/java-17-openjdk-amd64/lib/server/libjvm.so
7f1ee37d8000-7f1ee3a5a000 r--p 00fa3000 00:25 13856                      /usr/lib/jvm/java-17-openjdk-amd64/lib/server/libjvm.so
7f1ee3a5a000-7f1ee3b12000 r--p 01225000 00:25 13856                      /usr/lib/jvm/java-17-openjdk-amd64/lib/server/libjvm.so
7f1ee3b12000-7f1ee3b47000 rw-p 012dd000 00:25 13856                      /usr/lib/jvm/java-17-openjdk-amd64/lib/server/libjvm.so
7f1ee3b47000-7f1ee3ba3000 rw-p 00000000 00:00 0 
7f1ee3ba3000-7f1ee3bc9000 r--p 00000000 00:25 17860                      /usr/lib/x86_64-linux-gnu/libc.so.6
7f1ee3bc9000-7f1ee3d1f000 r-xp 00026000 00:25 17860                      /usr/lib/x86_64-linux-gnu/libc.so.6
7f1ee3d1f000-7f1ee3d72000 r--p 0017c000 00:25 17860                      /usr/lib/x86_64-linux-gnu/libc.so.6
7f1ee3d72000-7f1ee3d76000 r--p 001cf000 00:25 17860                      /usr/lib/x86_64-linux-gnu/libc.so.6
7f1ee3d76000-7f1ee3d78000 rw-p 001d3000 00:25 17860                      /usr/lib/x86_64-linux-gnu/libc.so.6
7f1ee3d78000-7f1ee3d85000 rw-p 00000000 00:00 0 
7f1ee3d85000-7f1ee3d87000 r--p 00000000 00:25 13825                      /usr/lib/jvm/java-17-openjdk-amd64/lib/libjli.so
7f1ee3d87000-7f1ee3d90000 r-xp 00002000 00:25 13825                      /usr/lib/jvm/java-17-openjdk-amd64/lib/libjli.so
7f1ee3d90000-7f1ee3d93000 r--p 0000b000 00:25 13825                      /usr/lib/jvm/java-17-openjdk-amd64/lib/libjli.so
7f1ee3d93000-7f1ee3d94000 r--p 0000d000 00:25 13825                      /usr/lib/jvm/java-17-openjdk-amd64/lib/libjli.so
7f1ee3d94000-7f1ee3d95000 rw-p 0000e000 00:25 13825                      /usr/lib/jvm/java-17-openjdk-amd64/lib/libjli.so
7f1ee3d95000-7f1ee3d98000 r--p 00000000 00:25 1006                       /usr/lib/x86_64-linux-gnu/libz.so.1.2.13
7f1ee3d98000-7f1ee3dab000 r-xp 00003000 00:25 1006                       /usr/lib/x86_64-linux-gnu/libz.so.1.2.13
7f1ee3dab000-7f1ee3db2000 r--p 00016000 00:25 1006                       /usr/lib/x86_64-linux-gnu/libz.so.1.2.13
7f1ee3db2000-7f1ee3db3000 r--p 0001c000 00:25 1006                       /usr/lib/x86_64-linux-gnu/libz.so.1.2.13
7f1ee3db3000-7f1ee3db4000 rw-p 0001d000 00:25 1006                       /usr/lib/x86_64-linux-gnu/libz.so.1.2.13
7f1ee3db4000-7f1ee3db5000 r--p 00000000 00:25 13891                      /usr/lib/locale/C.utf8/LC_ADDRESS
7f1ee3db5000-7f1ee3db6000 r--p 00000000 00:25 13901                      /usr/lib/locale/C.utf8/LC_TELEPHONE
7f1ee3db6000-7f1ee3db7000 r--p 00000000 00:25 13895                      /usr/lib/locale/C.utf8/LC_MEASUREMENT
7f1ee3db7000-7f1ee3db8000 r--p 00000000 00:25 13894                      /usr/lib/locale/C.utf8/LC_IDENTIFICATION
7f1ee3db8000-7f1ee3db9000 ---p 00000000 00:00 0 
7f1ee3db9000-7f1ee3dba000 r--p 00000000 00:00 0 
7f1ee3dba000-7f1ee3dbb000 ---p 00000000 00:00 0 
7f1ee3dbb000-7f1ee3dbd000 rw-p 00000000 00:00 0 
7f1ee3dbd000-7f1ee3dbe000 r--p 00000000 00:25 17646                      /usr/lib/x86_64-linux-gnu/ld-linux-x86-64.so.2
7f1ee3dbe000-7f1ee3de4000 r-xp 00001000 00:25 17646                      /usr/lib/x86_64-linux-gnu/ld-linux-x86-64.so.2
7f1ee3de4000-7f1ee3dee000 r--p 00027000 00:25 17646                      /usr/lib/x86_64-linux-gnu/ld-linux-x86-64.so.2
7f1ee3dee000-7f1ee3df0000 r--p 00031000 00:25 17646                      /usr/lib/x86_64-linux-gnu/ld-linux-x86-64.so.2
7f1ee3df0000-7f1ee3df2000 rw-p 00033000 00:25 17646                      /usr/lib/x86_64-linux-gnu/ld-linux-x86-64.so.2
7ffde567e000-7ffde569f000 rw-p 00000000 00:00 0                          [stack]
7ffde57af000-7ffde57b2000 r--p 00000000 00:00 0                          [vvar]
7ffde57b2000-7ffde57b4000 r-xp 00000000 00:00 0                          [vdso]
ffffffffff600000-ffffffffff601000 r-xp 00000000 00:00 0                  [vsyscall]


VM Arguments:
jvm_args: --add-opens=java.base/java.lang=ALL-UNNAMED --add-opens=java.base/java.lang.invoke=ALL-UNNAMED --add-opens=java.base/java.util=ALL-UNNAMED --add-opens=java.prefs/java.util.prefs=ALL-UNNAMED --add-exports=jdk.compiler/com.sun.tools.javac.api=ALL-UNNAMED --add-exports=jdk.compiler/com.sun.tools.javac.util=ALL-UNNAMED --add-opens=java.base/java.util=ALL-UNNAMED --add-opens=java.prefs/java.util.prefs=ALL-UNNAMED --add-opens=java.base/java.nio.charset=ALL-UNNAMED --add-opens=java.base/java.net=ALL-UNNAMED --add-opens=java.base/java.util.concurrent.atomic=ALL-UNNAMED --add-opens=java.xml/javax.xml.namespace=ALL-UNNAMED -XX:MaxMetaspaceSize=768m -Xmx1280m -Dfile.encoding=UTF-8 -Duser.country -Duser.language=en -Duser.variant -javaagent:/root/.gradle/wrapper/dists/gradle-8.11.1-bin/bpt9gzteqjrbo1mjrsomdt32c/gradle-8.11.1/lib/agents/gradle-instrumentation-agent-8.11.1.jar 
java_command: org.gradle.launcher.daemon.bootstrap.GradleDaemon 8.11.1
java_class_path (initial): /root/.gradle/wrapper/dists/gradle-8.11.1-bin/bpt9gzteqjrbo1mjrsomdt32c/gradle-8.11.1/lib/gradle-daemon-main-8.11.1.jar
Launcher Type: SUN_STANDARD

[Global flags]
     intx CICompilerCount                          = 2                                         {product} {ergonomic}
   size_t CompressedClassSpaceSize                 = 654311424                                 {product} {ergonomic}
     uint ConcGCThreads                            = 1                                         {product} {ergonomic}
     uint G1ConcRefinementThreads                  = 2                                         {product} {ergonomic}
   size_t G1HeapRegionSize                         = 1048576                                   {product} {ergonomic}
    uintx GCDrainStackTargetSize                   = 64                                        {product} {ergonomic}
   size_t InitialHeapSize                          = 33554432                                  {product} {ergonomic}
   size_t MarkStackSize                            = 4194304                                   {product} {ergonomic}
   size_t MaxHeapSize                              = 1342177280                                {product} {command line}
   size_t MaxMetaspaceSize                         = 805306368                                 {product} {command line}
   size_t MaxNewSize                               = 805306368                                 {product} {ergonomic}
   size_t MinHeapDeltaBytes                        = 1048576                                   {product} {ergonomic}
   size_t MinHeapSize                              = 8388608                                   {product} {ergonomic}
    uintx NonNMethodCodeHeapSize                   = 5826188                                {pd product} {ergonomic}
    uintx NonProfiledCodeHeapSize                  = 122916026                              {pd product} {ergonomic}
    uintx ProfiledCodeHeapSize                     = 122916026                              {pd product} {ergonomic}
    uintx ReservedCodeCacheSize                    = 251658240                              {pd product} {ergonomic}
     bool SegmentedCodeCache                       = true                                      {product} {ergonomic}
   size_t SoftMaxHeapSize                          = 1342177280                             {manageable} {ergonomic}
     bool UseCompressedClassPointers               = true                           {product lp64_product} {ergonomic}
     bool UseCompressedOops                        = true                           {product lp64_product} {ergonomic}
     bool UseG1GC                                  = true                                      {product} {ergonomic}

Logging:
Log output configuration:
 #0: stdout all=warning uptime,level,tags
 #1: stderr all=off uptime,level,tags

Environment Variables:
PATH=/usr/local/sbin:/usr/local/bin:/usr/sbin:/usr/bin:/sbin:/bin
SHELL=/bin/bash
LANG=C.UTF-8
LC_ALL=C.UTF-8
TERM=tmux-256color

Active Locale:
LC_ALL=C.UTF-8
LC_COLLATE=C.UTF-8
LC_CTYPE=C.UTF-8
LC_MESSAGES=C.UTF-8
LC_MONETARY=C.UTF-8
LC_NUMERIC=C.UTF-8
LC_TIME=C.UTF-8

Signal Handlers:
   SIGSEGV: crash_handler in libjvm.so, mask=11100100010111111101111111111110, flags=SA_RESTART|SA_SIGINFO, unblocked
    SIGBUS: crash_handler in libjvm.so, mask=11100100010111111101111111111110, flags=SA_RESTART|SA_SIGINFO, unblocked
    SIGFPE: crash_handler in libjvm.so, mask=11100100010111111101111111111110, flags=SA_RESTART|SA_SIGINFO, unblocked
   SIGPIPE: javaSignalHandler in libjvm.so, mask=11100100010111111101111111111110, flags=SA_RESTART|SA_SIGINFO, unblocked
   SIGXFSZ: javaSignalHandler in libjvm.so, mask=11100100010111111101111111111110, flags=SA_RESTART|SA_SIGINFO, unblocked
    SIGILL: crash_handler in libjvm.so, mask=11100100010111111101111111111110, flags=SA_RESTART|SA_SIGINFO, unblocked
   SIGUSR2: SR_handler in libjvm.so, mask=00100000000000000000000000000000, flags=SA_RESTART|SA_SIGINFO, unblocked
    SIGHUP: UserHandler in libjvm.so, mask=11100100010111111101111111111110, flags=SA_RESTART|SA_SIGINFO, unblocked
    SIGINT: UserHandler in libjvm.so, mask=11100100010111111101111111111110, flags=SA_RESTART|SA_SIGINFO, unblocked
   SIGTERM: UserHandler in libjvm.so, mask=11100100010111111101111111111110, flags=SA_RESTART|SA_SIGINFO, unblocked
   SIGQUIT: UserHandler in libjvm.so, mask=11100100010111111101111111111110, flags=SA_RESTART|SA_SIGINFO, unblocked
   SIGTRAP: crash_handler in libjvm.so, mask=11100100010111111101111111111110, flags=SA_RESTART|SA_SIGINFO, unblocked


Periodic native trim disabled


---------------  S Y S T E M  ---------------

OS:
PRETTY_NAME="Debian GNU/Linux 12 (bookworm)"
NAME="Debian GNU/Linux"
VERSION_ID="12"
VERSION="12 (bookworm)"
VERSION_CODENAME=bookworm
ID=debian
HOME_URL="https://www.debian.org/"
SUPPORT_URL="https://www.debian.org/support"
BUG_REPORT_URL="https://bugs.debian.org/"
uname: Linux 4.19.91-c8dfc93.al7.x86_64 #1 SMP Tue Sep 26 10:25:51 UTC 2023 x86_64
OS uptime: 0 days 0:14 hours
libc: glibc 2.36 NPTL 2.36 
rlimit (soft/hard): STACK 8192k/infinity , CORE 0k/0k , NPROC 100000/100000 , NOFILE 100000/100000 , AS infinity/infinity , CPU infinity/infinity , DATA infinity/infinity , FSIZE infinity/infinity , MEMLOCK 64k/64k
load average: 0.90 1.64 1.07

/proc/meminfo:
MemTotal:        2152516 kB
MemFree:           34012 kB
MemAvailable:      78340 kB
Buffers:            1836 kB
Cached:            93200 kB
SwapCached:            0 kB
Active:          1981500 kB
Inactive:          52704 kB
Active(anon):    1939424 kB
Inactive(anon):       16 kB
Active(file):      42076 kB
Inactive(file):    52688 kB
Unevictable:           0 kB
Mlocked:               0 kB
SwapTotal:             0 kB
SwapFree:              0 kB
Dirty:               132 kB
Writeback:             0 kB
AnonPages:       1938420 kB
Mapped:            15772 kB
Shmem:                32 kB
Slab:              35540 kB
SReclaimable:      22852 kB
SUnreclaim:        12688 kB
KernelStack:        2944 kB
PageTables:         5408 kB
NFS_Unstable:          0 kB
Bounce:                0 kB
WritebackTmp:          0 kB
CommitLimit:     1076256 kB
Committed_AS:    2281944 kB
VmallocTotal:   34359738367 kB
VmallocUsed:           0 kB
VmallocChunk:          0 kB
Percpu:              400 kB
AnonHugePages:    501760 kB
ShmemHugePages:        0 kB
ShmemPmdMapped:        0 kB
HugePages_Total:       0
HugePages_Free:        0
HugePages_Rsvd:        0
HugePages_Surp:        0
Hugepagesize:       2048 kB
Hugetlb:               0 kB
DirectMap4k:        8192 kB
DirectMap2M:     2523136 kB
DirectMap1G:           0 kB

/sys/kernel/mm/transparent_hugepage/enabled: [always] madvise never
/sys/kernel/mm/transparent_hugepage/hpage_pmd_size: 2097152
/sys/kernel/mm/transparent_hugepage/defrag (defrag/compaction efforts parameter): always defer defer+madvise madvise [never]

Process Memory:
Virtual Size: 3441092K (peak: 3634824K)
Resident Set Size: 786516K (peak: 790788K) (anon: 774164K, file: 12352K, shmem: 0K)
Swapped out: 0K
C-Heap outstanding allocations: 113548K, retained: 50063K
glibc malloc tunables: (default)

/proc/sys/kernel/threads-max (system-wide limit on the number of threads): 1129
/proc/sys/vm/max_map_count (maximum number of memory map areas a process may have): 65530
/proc/sys/vm/swappiness (control to define how aggressively the kernel swaps out anonymous memory): 60
/proc/sys/kernel/pid_max (system-wide limit on number of process identifiers): 32768

container (cgroup) information:
container_type: cgroupv1
cpu_cpuset_cpus: 0-1
cpu_memory_nodes: 0
active_processor_count: 2
cpu_quota: no quota
cpu_period: 100000
cpu_shares: 12288
memory_limit_in_bytes: 2097152 k
memory_and_swap_limit_in_bytes: unlimited
memory_soft_limit_in_bytes: unlimited
memory_usage_in_bytes: 2059108 k
memory_max_usage_in_bytes: 2065120 k
rss_usage_in_bytes: 1932900 k
cache_usage_in_bytes: 94632 k
kernel_memory_limit_in_bytes: unlimited
kernel_memory_usage_in_bytes: 31288 k
kernel_memory_max_usage_in_bytes: 91412 k
maximum number of tasks: unlimited
current number of tasks: 109

KVM virtualization detected
Steal ticks since vm start: 10255
Steal ticks percentage since vm start:  0.453

CPU: total 2 (initial active 2) (2 cores per cpu, 1 threads per core) family 6 model 85 stepping 7 microcode 0x1, cx8, cmov, fxsr, mmx, 3dnowpref, sse, sse2, sse3, ssse3, sse4.1, sse4.2, popcnt, lzcnt, tsc, tscinvbit, avx, avx2, aes, erms, clmul, bmi1, bmi2, adx, avx512f, avx512dq, avx512cd, avx512bw, avx512vl, fma, vzeroupper, avx512_vnni, clflush, clflushopt, clwb, hv
CPU Model and flags from /proc/cpuinfo:
model name	: Intel(R) Xeon(R) Processor @ 2.50GHz
flags		: fpu vme de pse tsc msr pae mce cx8 apic sep mtrr pge mca cmov pat pse36 clflush mmx fxsr sse sse2 ss ht syscall nx pdpe1gb rdtscp lm constant_tsc rep_good nopl xtopology nonstop_tsc cpuid tsc_known_freq pni pclmulqdq ssse3 fma cx16 pcid sse4_1 sse4_2 x2apic movbe popcnt tsc_deadline_timer aes xsave avx f16c rdrand hypervisor lahf_lm abm 3dnowprefetch cpuid_fault invpcid_single ssbd ibrs ibpb stibp ibrs_enhanced fsgsbase tsc_adjust bmi1 avx2 smep bmi2 erms invpcid mpx avx512f avx512dq rdseed adx smap clflushopt clwb avx512cd avx512bw avx512vl xsaveopt xsavec xgetbv1 xsaves umip avx512_vnni md_clear arch_capabilities

Online cpus: 0-1
Offline cpus: 
BIOS frequency limitation: <Not Available>
Frequency switch latency (ns): <Not Available>
Available cpu frequencies: <Not Available>
Current governor: <Not Available>
Core performance/turbo boost: <Not Available>

Memory: 4k page, physical 2097152k(38044k free), swap 0k(0k free)
Page Sizes: 4k

vm_info: OpenJDK 64-Bit Server VM (17.0.20+8-1-deb12u1-Debian) for linux-amd64 JRE (17.0.20+8-1-deb12u1-Debian), built on Jul 28 2026 07:08:51 by "buildd" with gcc 12.2.0

END.
