#
# There is insufficient memory for the Java Runtime Environment to continue.
# Native memory allocation (mmap) failed to map 356515840 bytes. Error detail: committing reserved memory.
# Possible reasons:
#   The system is out of physical RAM or swap space
#   This process is running with CompressedOops enabled, and the Java Heap may be blocking the growth of the native heap
# Possible solutions:
#   Reduce memory load on the system
#   Increase physical memory or swap space
#   Check if swap backing store is full
#   Decrease Java heap size (-Xmx/-Xms)
#   Decrease number of Java threads
#   Decrease Java thread stack sizes (-Xss)
#   Set larger code cache with -XX:ReservedCodeCacheSize=
#   JVM is running with Unscaled Compressed Oops mode in which the Java heap is
#     placed in the first 4GB address space. The Java Heap base address is the
#     maximum limit for the native heap growth. Please use -XX:HeapBaseMinAddress
#     to set the Java Heap base and to place the Java Heap above 4GB virtual address.
# This output file may be truncated or incomplete.
#
#  Out of Memory Error (os_linux.cpp:2834), pid=3414, tid=3424
#
# JRE version: OpenJDK Runtime Environment (17.0.20+8) (build 17.0.20+8-1-deb12u1-Debian)
# Java VM: OpenJDK 64-Bit Server VM (17.0.20+8-1-deb12u1-Debian, mixed mode, sharing, tiered, compressed oops, compressed class ptrs, g1 gc, linux-amd64)
# No core dump will be written. Core dumps have been disabled. To enable core dumping, try "ulimit -c unlimited" before starting Java again
#

---------------  S U M M A R Y ------------

Command Line: --add-opens=java.base/java.lang=ALL-UNNAMED --add-opens=java.base/java.lang.invoke=ALL-UNNAMED --add-opens=java.base/java.util=ALL-UNNAMED --add-opens=java.prefs/java.util.prefs=ALL-UNNAMED --add-exports=jdk.compiler/com.sun.tools.javac.api=ALL-UNNAMED --add-exports=jdk.compiler/com.sun.tools.javac.util=ALL-UNNAMED --add-opens=java.base/java.util=ALL-UNNAMED --add-opens=java.prefs/java.util.prefs=ALL-UNNAMED --add-opens=java.base/java.nio.charset=ALL-UNNAMED --add-opens=java.base/java.net=ALL-UNNAMED --add-opens=java.base/java.util.concurrent.atomic=ALL-UNNAMED --add-opens=java.xml/javax.xml.namespace=ALL-UNNAMED -XX:MaxMetaspaceSize=768m -Xmx1280m -Dfile.encoding=UTF-8 -Duser.country -Duser.language=en -Duser.variant -javaagent:/root/.gradle/wrapper/dists/gradle-8.11.1-bin/bpt9gzteqjrbo1mjrsomdt32c/gradle-8.11.1/lib/agents/gradle-instrumentation-agent-8.11.1.jar org.gradle.launcher.daemon.bootstrap.GradleDaemon 8.11.1

Host: Intel(R) Xeon(R) Processor @ 2.50GHz, 2 cores, 2G, Debian GNU/Linux 12 (bookworm)
Time: Mon Oct  5 13:47:06 2026 UTC elapsed time: 39.856227 seconds (0d 0h 0m 39s)

---------------  T H R E A D  ---------------

Current thread (0x00007f6f2c0b29d0):  VMThread "VM Thread" [stack: 0x00007f6f30907000,0x00007f6f30a07000] [id=3424]

Stack: [0x00007f6f30907000,0x00007f6f30a07000],  sp=0x00007f6f30a04d70,  free space=1015k
Native frames: (J=compiled Java code, j=interpreted, Vv=VM code, C=native code)
V  [libjvm.so+0xf21211]  VMError::report_and_die(int, char const*, char const*, __va_list_tag*, Thread*, unsigned char*, void*, void*, char const*, int, unsigned long)+0x171
V  [libjvm.so+0xf21d7d]  VMError::report_and_die(Thread*, char const*, int, unsigned long, VMErrorType, char const*, __va_list_tag*)+0x2d
V  [libjvm.so+0x60378c]  report_vm_out_of_memory(char const*, int, unsigned long, VMErrorType, char const*, ...)+0xdc
V  [libjvm.so+0xc2a14b]  os::pd_commit_memory_or_exit(char*, unsigned long, unsigned long, bool, char const*)+0xeb
V  [libjvm.so+0xc23ffb]  os::commit_memory_or_exit(char*, unsigned long, unsigned long, bool, char const*)+0x1b
V  [libjvm.so+0x733436]  G1PageBasedVirtualSpace::commit(unsigned long, unsigned long)+0x66
V  [libjvm.so+0x7473e0]  G1RegionsLargerThanCommitSizeMapper::commit_regions(unsigned int, unsigned long, WorkGang*)+0x110
V  [libjvm.so+0x7dadc8]  HeapRegionManager::commit_regions(unsigned int, unsigned long, WorkGang*)+0x88
V  [libjvm.so+0x7dcc0b]  HeapRegionManager::expand(unsigned int, unsigned int, WorkGang*)+0x2b
V  [libjvm.so+0x7dce27]  HeapRegionManager::expand_by(unsigned int, WorkGang*)+0x77
V  [libjvm.so+0x6ebed8]  G1CollectedHeap::expand(unsigned long, WorkGang*, double*)+0xe8
V  [libjvm.so+0x6efb29]  G1CollectedHeap::do_collection_pause_at_safepoint_helper(double)+0x8a9
V  [libjvm.so+0x6efb8f]  G1CollectedHeap::do_collection_pause_at_safepoint(double)+0x2f
V  [libjvm.so+0x76b9d7]  VM_G1CollectForAllocation::doit()+0x47
V  [libjvm.so+0xf26715]  VM_Operation::evaluate()+0xe5
V  [libjvm.so+0xf28005]  VMThread::evaluate_operation(VM_Operation*)+0x105
V  [libjvm.so+0xf2857f]  VMThread::inner_execute(VM_Operation*)+0x28f
V  [libjvm.so+0xf2878f]  VMThread::run()+0xbf
V  [libjvm.so+0xea40a5]  Thread::call_run()+0xa5
V  [libjvm.so+0xc2c8f3]  thread_native_entry(Thread*)+0xe3

VM_Operation (0x00007f6eae8dedd0): G1CollectForAllocation, mode: safepoint, requested by thread 0x00007f6f040069a0


---------------  P R O C E S S  ---------------

Threads class SMR info:
_java_thread_list=0x00007f6f0c0aa450, length=55, elements={
0x00007f6f2c01ad80, 0x00007f6f2c0b6ad0, 0x00007f6f2c0b7eb0, 0x00007f6f2c0be780,
0x00007f6f2c0bfb30, 0x00007f6f2c0c0f40, 0x00007f6f2c0c28f0, 0x00007f6f2c0c3e20,
0x00007f6f2c0c5290, 0x00007f6f2c0f0e90, 0x00007f6f2c1d3e80, 0x00007f6f2d351b90,
0x00007f6f2d3bb130, 0x00007f6f2d3f2a00, 0x00007f6ec4016f20, 0x00007f6ecc0044c0,
0x00007f6ecc007470, 0x00007f6ecc00d0a0, 0x00007f6efc007540, 0x00007f6efc00e7a0,
0x00007f6efc010630, 0x00007f6efc19d5c0, 0x00007f6efc1a4da0, 0x00007f6efc1ae5b0,
0x00007f6efc691110, 0x00007f6efc762d60, 0x00007f6efc767840, 0x00007f6efc78ebd0,
0x00007f6efc7fd9b0, 0x00007f6efc841a70, 0x00007f6efd4af640, 0x00007f6efd4c9950,
0x00007f6efd4cc450, 0x00007f6efd7f44e0, 0x00007f6efdccb800, 0x00007f6efe66dab0,
0x00007f6f040069a0, 0x00007f6f0c09acd0, 0x00007f6f040620d0, 0x00007f6f0c0c6580,
0x00007f6f0c09ed80, 0x00007f6f0c0a0820, 0x00007f6f0c0ca1d0, 0x00007f6f0406e9b0,
0x00007f6f040754f0, 0x00007f6f040771d0, 0x00007f6f0c0c2ff0, 0x00007f6f0c0ab350,
0x00007f6f0c0acde0, 0x00007f6f0c0a9810, 0x00007f6f0c0b1000, 0x00007f6f040735a0,
0x00007f6f0407f320, 0x00007f6f0c0a8e50, 0x00007f6f0c0b2230
}

Java Threads: ( => current thread )
  0x00007f6f2c01ad80 JavaThread "main" [_thread_blocked, id=3415, stack(0x00007f6f31f04000,0x00007f6f32004000)]
  0x00007f6f2c0b6ad0 JavaThread "Reference Handler" daemon [_thread_blocked, id=3425, stack(0x00007f6f30806000,0x00007f6f30906000)]
  0x00007f6f2c0b7eb0 JavaThread "Finalizer" daemon [_thread_blocked, id=3426, stack(0x00007f6f30705000,0x00007f6f30805000)]
  0x00007f6f2c0be780 JavaThread "Signal Dispatcher" daemon [_thread_blocked, id=3427, stack(0x00007f6f305ad000,0x00007f6f306ad000)]
  0x00007f6f2c0bfb30 JavaThread "Service Thread" daemon [_thread_blocked, id=3428, stack(0x00007f6f304ac000,0x00007f6f305ac000)]
  0x00007f6f2c0c0f40 JavaThread "Monitor Deflation Thread" daemon [_thread_blocked, id=3429, stack(0x00007f6f303ab000,0x00007f6f304ab000)]
  0x00007f6f2c0c28f0 JavaThread "C2 CompilerThread0" daemon [_thread_in_native, id=3430, stack(0x00007f6f302aa000,0x00007f6f303aa000)]
  0x00007f6f2c0c3e20 JavaThread "C1 CompilerThread0" daemon [_thread_blocked, id=3431, stack(0x00007f6f301a9000,0x00007f6f302a9000)]
  0x00007f6f2c0c5290 JavaThread "Sweeper thread" daemon [_thread_blocked, id=3432, stack(0x00007f6f300a8000,0x00007f6f301a8000)]
  0x00007f6f2c0f0e90 JavaThread "Common-Cleaner" daemon [_thread_blocked, id=3433, stack(0x00007f6f10c11000,0x00007f6f10d11000)]
  0x00007f6f2c1d3e80 JavaThread "Notification Thread" daemon [_thread_blocked, id=3434, stack(0x00007f6f10b10000,0x00007f6f10c10000)]
  0x00007f6f2d351b90 JavaThread "Daemon health stats" [_thread_blocked, id=3443, stack(0x00007f6f10500000,0x00007f6f10600000)]
  0x00007f6f2d3bb130 JavaThread "Incoming local TCP Connector on port 36621" [_thread_in_native, id=3444, stack(0x00007f6f10100000,0x00007f6f10200000)]
  0x00007f6f2d3f2a00 JavaThread "Daemon periodic checks" [_thread_blocked, id=3446, stack(0x00007f6eaff00000,0x00007f6eb0000000)]
  0x00007f6ec4016f20 JavaThread "Daemon" [_thread_blocked, id=3448, stack(0x00007f6eafdff000,0x00007f6eafeff000)]
  0x00007f6ecc0044c0 JavaThread "Handler for socket connection from /127.0.0.1:36621 to /127.0.0.1:54104" [_thread_in_native, id=3449, stack(0x00007f6eafcfe000,0x00007f6eafdfe000)]
  0x00007f6ecc007470 JavaThread "Cancel handler" [_thread_blocked, id=3450, stack(0x00007f6eafbfd000,0x00007f6eafcfd000)]
  0x00007f6ecc00d0a0 JavaThread "Daemon worker" [_thread_blocked, id=3451, stack(0x00007f6eafafc000,0x00007f6eafbfc000)]
  0x00007f6efc007540 JavaThread "Asynchronous log dispatcher for DefaultDaemonConnection: socket connection from /127.0.0.1:36621 to /127.0.0.1:54104" [_thread_blocked, id=3452, stack(0x00007f6eaf9fb000,0x00007f6eafafb000)]
  0x00007f6efc00e7a0 JavaThread "Stdin handler" [_thread_blocked, id=3453, stack(0x00007f6eaf8fa000,0x00007f6eaf9fa000)]
  0x00007f6efc010630 JavaThread "Daemon client event forwarder" [_thread_blocked, id=3454, stack(0x00007f6eaf7f9000,0x00007f6eaf8f9000)]
  0x00007f6efc19d5c0 JavaThread "Cache worker for journal cache (/root/.gradle/caches/journal-1)" [_thread_blocked, id=3456, stack(0x00007f6eaf6f8000,0x00007f6eaf7f8000)]
  0x00007f6efc1a4da0 JavaThread "File lock request listener" [_thread_in_native, id=3457, stack(0x00007f6eaf5f7000,0x00007f6eaf6f7000)]
  0x00007f6efc1ae5b0 JavaThread "Cache worker for file hash cache (/root/.gradle/caches/8.11.1/fileHashes)" [_thread_blocked, id=3458, stack(0x00007f6eaf4f6000,0x00007f6eaf5f6000)]
  0x00007f6efc691110 JavaThread "Cache worker for file content cache (/root/.gradle/caches/8.11.1/fileContent)" [_thread_blocked, id=3461, stack(0x00007f6eaf3f5000,0x00007f6eaf4f5000)]
  0x00007f6efc762d60 JavaThread "Cache worker for file hash cache (/workspace/.gradle/8.11.1/fileHashes)" [_thread_blocked, id=3463, stack(0x00007f6eaf2f4000,0x00007f6eaf3f4000)]
  0x00007f6efc767840 JavaThread "Cache worker for Build Output Cleanup Cache (/workspace/.gradle/buildOutputCleanup)" [_thread_blocked, id=3464, stack(0x00007f6eaf1f3000,0x00007f6eaf2f3000)]
  0x00007f6efc78ebd0 JavaThread "Cache worker for checksums cache (/workspace/.gradle/8.11.1/checksums)" [_thread_blocked, id=3467, stack(0x00007f6eaf0f2000,0x00007f6eaf1f2000)]
  0x00007f6efc7fd9b0 JavaThread "Cache worker for cache directory md-rule (/root/.gradle/caches/8.11.1/md-rule)" [_thread_blocked, id=3468, stack(0x00007f6eaeff1000,0x00007f6eaf0f1000)]
  0x00007f6efc841a70 JavaThread "Cache worker for cache directory md-supplier (/root/.gradle/caches/8.11.1/md-supplier)" [_thread_blocked, id=3469, stack(0x00007f6eaeef0000,0x00007f6eaeff0000)]
  0x00007f6efd4af640 JavaThread "Unconstrained build operations" [_thread_blocked, id=3484, stack(0x00007f6eaedef000,0x00007f6eaeeef000)]
  0x00007f6efd4c9950 JavaThread "Unconstrained build operations Thread 2" [_thread_blocked, id=3486, stack(0x00007f6eaecee000,0x00007f6eaedee000)]
  0x00007f6efd4cc450 JavaThread "Unconstrained build operations Thread 3" [_thread_blocked, id=3489, stack(0x00007f6eaebed000,0x00007f6eaeced000)]
  0x00007f6efd7f44e0 JavaThread "Memory manager" [_thread_blocked, id=3498, stack(0x00007f6eaeaec000,0x00007f6eaebec000)]
  0x00007f6efdccb800 JavaThread "build event listener" [_thread_blocked, id=3504, stack(0x00007f6eae9eb000,0x00007f6eaeaeb000)]
  0x00007f6efe66dab0 JavaThread "included builds" [_thread_blocked, id=3520, stack(0x00007f6eae8ea000,0x00007f6eae9ea000)]
  0x00007f6f040069a0 JavaThread "Execution worker" [_thread_blocked, id=3522, stack(0x00007f6eae7e9000,0x00007f6eae8e9000)]
  0x00007f6f0c09acd0 JavaThread "Cache worker for execution history cache (/workspace/.gradle/8.11.1/executionHistory)" [_thread_blocked, id=3523, stack(0x00007f6eae6e8000,0x00007f6eae7e8000)]
  0x00007f6f040620d0 JavaThread "Unconstrained build operations Thread 4" [_thread_blocked, id=3526, stack(0x00007f6eae5e7000,0x00007f6eae6e7000)]
  0x00007f6f0c0c6580 JavaThread "Unconstrained build operations Thread 5" [_thread_blocked, id=3529, stack(0x00007f6eae4e6000,0x00007f6eae5e6000)]
  0x00007f6f0c09ed80 JavaThread "Unconstrained build operations Thread 6" [_thread_blocked, id=3530, stack(0x00007f6eae3e5000,0x00007f6eae4e5000)]
  0x00007f6f0c0a0820 JavaThread "Unconstrained build operations Thread 7" [_thread_blocked, id=3531, stack(0x00007f6eae2e4000,0x00007f6eae3e4000)]
  0x00007f6f0c0ca1d0 JavaThread "Unconstrained build operations Thread 8" [_thread_blocked, id=3533, stack(0x00007f6eae1e3000,0x00007f6eae2e3000)]
  0x00007f6f0406e9b0 JavaThread "Unconstrained build operations Thread 9" [_thread_blocked, id=3534, stack(0x00007f6eae0e2000,0x00007f6eae1e2000)]
  0x00007f6f040754f0 JavaThread "Unconstrained build operations Thread 10" [_thread_blocked, id=3535, stack(0x00007f6eadfe1000,0x00007f6eae0e1000)]
  0x00007f6f040771d0 JavaThread "Unconstrained build operations Thread 11" [_thread_blocked, id=3536, stack(0x00007f6eadee0000,0x00007f6eadfe0000)]
  0x00007f6f0c0c2ff0 JavaThread "Unconstrained build operations Thread 12" [_thread_blocked, id=3538, stack(0x00007f6eadddf000,0x00007f6eadedf000)]
  0x00007f6f0c0ab350 JavaThread "Unconstrained build operations Thread 13" [_thread_blocked, id=3540, stack(0x00007f6eadcde000,0x00007f6eaddde000)]
  0x00007f6f0c0acde0 JavaThread "Unconstrained build operations Thread 14" [_thread_blocked, id=3541, stack(0x00007f6eadbdd000,0x00007f6eadcdd000)]
  0x00007f6f0c0a9810 JavaThread "Unconstrained build operations Thread 15" [_thread_blocked, id=3542, stack(0x00007f6eadadc000,0x00007f6eadbdc000)]
  0x00007f6f0c0b1000 JavaThread "Unconstrained build operations Thread 16" [_thread_blocked, id=3544, stack(0x00007f6ead9db000,0x00007f6eadadb000)]
  0x00007f6f040735a0 JavaThread "Unconstrained build operations Thread 17" [_thread_blocked, id=3545, stack(0x00007f6ead8da000,0x00007f6ead9da000)]
  0x00007f6f0407f320 JavaThread "Unconstrained build operations Thread 18" [_thread_blocked, id=3546, stack(0x00007f6ead7d9000,0x00007f6ead8d9000)]
  0x00007f6f0c0a8e50 JavaThread "Unconstrained build operations Thread 19" [_thread_blocked, id=3547, stack(0x00007f6ead6d8000,0x00007f6ead7d8000)]
  0x00007f6f0c0b2230 JavaThread "Unconstrained build operations Thread 20" [_thread_blocked, id=3548, stack(0x00007f6ead5d7000,0x00007f6ead6d7000)]

Other Threads:
=>0x00007f6f2c0b29d0 VMThread "VM Thread" [stack: 0x00007f6f30907000,0x00007f6f30a07000] [id=3424]
  0x00007f6f2c01d0f0 WatcherThread [stack: 0x00007f6f10a0f000,0x00007f6f10b0f000] [id=3435]
  0x00007f6f2c05f180 GCTaskThread "GC Thread#0" [stack: 0x00007f6f31233000,0x00007f6f31333000] [id=3417]
  0x00007f6ec8004990 GCTaskThread "GC Thread#1" [stack: 0x00007f6f1090e000,0x00007f6f10a0e000] [id=3437]
  0x00007f6f2c06a760 ConcurrentGCThread "G1 Main Marker" [stack: 0x00007f6f31132000,0x00007f6f31232000] [id=3419]
  0x00007f6f2c06b6d0 ConcurrentGCThread "G1 Conc#0" [stack: 0x00007f6f31031000,0x00007f6f31131000] [id=3420]
  0x00007f6f2c08a300 ConcurrentGCThread "G1 Refine#0" [stack: 0x00007f6f30d2e000,0x00007f6f30e2e000] [id=3421]
  0x00007f6efc000ea0 ConcurrentGCThread "G1 Refine#1" [stack: 0x00007f6f1080d000,0x00007f6f1090d000] [id=3439]
  0x00007f6f2c08b200 ConcurrentGCThread "G1 Service" [stack: 0x00007f6f30c2d000,0x00007f6f30d2d000] [id=3422]

Threads with active compile tasks:
C2 CompilerThread0  39867 13785       4       com.android.tools.r8.internal.vd::a (4363 bytes)

VM state: at safepoint (normal execution)

VM Mutex/Monitor currently owned by a thread:  ([mutex/lock_event])
[0x00007f6f2c017b70] Threads_lock - owner thread: 0x00007f6f2c0b29d0
[0x00007f6f2c018320] Heap_lock - owner thread: 0x00007f6f040069a0

Heap address: 0x00000000b0000000, size: 1280 MB, Compressed Oops mode: 32-bit

CDS archive(s) mapped at: [0x00007f6ed4000000-0x00007f6ed4bca000-0x00007f6ed4bca000), size 12361728, SharedBaseAddress: 0x00007f6ed4000000, ArchiveRelocationMode: 1.
Compressed class space mapped at: 0x00007f6ed5000000-0x00007f6efc000000, reserved size: 654311424
Narrow klass base: 0x00007f6ed4000000, Narrow klass shift: 0, Narrow klass range: 0x100000000

GC Precious Log:
 CPUs: 2 total, 2 available
 Memory: 2048M
 Large Page Support: Disabled
 NUMA Support: Disabled
 Compressed Oops: Enabled (32-bit)
 Heap Region Size: 1M
 Heap Min Capacity: 8M
 Heap Initial Capacity: 32M
 Heap Max Capacity: 1280M
 Pre-touch: Disabled
 Parallel Workers: 2
 Concurrent Workers: 1
 Concurrent Refinement Workers: 2
 Periodic GC: Disabled

Heap:
 garbage-first heap   total 440320K, used 261044K [0x00000000b0000000, 0x0000000100000000)
  region size 1024K, 15 young (15360K), 15 survivors (15360K)
 Metaspace       used 99530K, committed 100416K, reserved 770048K
  class space    used 14055K, committed 14464K, reserved 638976K

Heap Regions: E=young(eden), S=young(survivor), O=old, HS=humongous(starts), HC=humongous(continues), CS=collection set, F=free, OA=open archive, CA=closed archive, TAMS=top-at-mark-start (previous, next)
|   0|0x00000000b0000000, 0x00000000b0100000, 0x00000000b0100000|100%|HS|  |TAMS 0x00000000b0100000, 0x00000000b0000000| Complete 
|   1|0x00000000b0100000, 0x00000000b0200000, 0x00000000b0200000|100%|HC|  |TAMS 0x00000000b0200000, 0x00000000b0100000| Complete 
|   2|0x00000000b0200000, 0x00000000b0300000, 0x00000000b0300000|100%|HC|  |TAMS 0x00000000b0300000, 0x00000000b0200000| Complete 
|   3|0x00000000b0300000, 0x00000000b0400000, 0x00000000b0400000|100%| O|  |TAMS 0x00000000b0400000, 0x00000000b0300000| Untracked 
|   4|0x00000000b0400000, 0x00000000b0500000, 0x00000000b0500000|100%| O|  |TAMS 0x00000000b0500000, 0x00000000b0400000| Untracked 
|   5|0x00000000b0500000, 0x00000000b0600000, 0x00000000b0600000|100%| O|  |TAMS 0x00000000b0600000, 0x00000000b0500000| Untracked 
|   6|0x00000000b0600000, 0x00000000b0700000, 0x00000000b0700000|100%| O|  |TAMS 0x00000000b0700000, 0x00000000b0600000| Untracked 
|   7|0x00000000b0700000, 0x00000000b0800000, 0x00000000b0800000|100%| O|  |TAMS 0x00000000b0800000, 0x00000000b0700000| Untracked 
|   8|0x00000000b0800000, 0x00000000b0900000, 0x00000000b0900000|100%| O|  |TAMS 0x00000000b0900000, 0x00000000b0800000| Untracked 
|   9|0x00000000b0900000, 0x00000000b0a00000, 0x00000000b0a00000|100%| O|  |TAMS 0x00000000b0a00000, 0x00000000b0900000| Untracked 
|  10|0x00000000b0a00000, 0x00000000b0b00000, 0x00000000b0b00000|100%|HS|  |TAMS 0x00000000b0b00000, 0x00000000b0a00000| Complete 
|  11|0x00000000b0b00000, 0x00000000b0c00000, 0x00000000b0c00000|100%| O|  |TAMS 0x00000000b0c00000, 0x00000000b0b00000| Untracked 
|  12|0x00000000b0c00000, 0x00000000b0d00000, 0x00000000b0d00000|100%| O|  |TAMS 0x00000000b0d00000, 0x00000000b0c00000| Untracked 
|  13|0x00000000b0d00000, 0x00000000b0e00000, 0x00000000b0e00000|100%| O|  |TAMS 0x00000000b0e00000, 0x00000000b0d00000| Untracked 
|  14|0x00000000b0e00000, 0x00000000b0f00000, 0x00000000b0f00000|100%| O|  |TAMS 0x00000000b0f00000, 0x00000000b0e00000| Untracked 
|  15|0x00000000b0f00000, 0x00000000b1000000, 0x00000000b1000000|100%| O|  |TAMS 0x00000000b1000000, 0x00000000b0f00000| Untracked 
|  16|0x00000000b1000000, 0x00000000b1100000, 0x00000000b1100000|100%| O|  |TAMS 0x00000000b1100000, 0x00000000b1000000| Untracked 
|  17|0x00000000b1100000, 0x00000000b1200000, 0x00000000b1200000|100%| O|  |TAMS 0x00000000b1200000, 0x00000000b1100000| Untracked 
|  18|0x00000000b1200000, 0x00000000b1300000, 0x00000000b1300000|100%| O|  |TAMS 0x00000000b1300000, 0x00000000b1200000| Untracked 
|  19|0x00000000b1300000, 0x00000000b1400000, 0x00000000b1400000|100%| O|  |TAMS 0x00000000b1400000, 0x00000000b1300000| Untracked 
|  20|0x00000000b1400000, 0x00000000b1500000, 0x00000000b1500000|100%| O|  |TAMS 0x00000000b1500000, 0x00000000b1400000| Untracked 
|  21|0x00000000b1500000, 0x00000000b1600000, 0x00000000b1600000|100%| O|  |TAMS 0x00000000b1600000, 0x00000000b1500000| Untracked 
|  22|0x00000000b1600000, 0x00000000b1700000, 0x00000000b1700000|100%| O|  |TAMS 0x00000000b1700000, 0x00000000b1600000| Untracked 
|  23|0x00000000b1700000, 0x00000000b1800000, 0x00000000b1800000|100%| O|  |TAMS 0x00000000b1800000, 0x00000000b1700000| Untracked 
|  24|0x00000000b1800000, 0x00000000b1900000, 0x00000000b1900000|100%| O|  |TAMS 0x00000000b1900000, 0x00000000b1800000| Untracked 
|  25|0x00000000b1900000, 0x00000000b1a00000, 0x00000000b1a00000|100%| O|  |TAMS 0x00000000b1a00000, 0x00000000b1900000| Untracked 
|  26|0x00000000b1a00000, 0x00000000b1b00000, 0x00000000b1b00000|100%| O|  |TAMS 0x00000000b1b00000, 0x00000000b1a00000| Untracked 
|  27|0x00000000b1b00000, 0x00000000b1c00000, 0x00000000b1c00000|100%| O|  |TAMS 0x00000000b1c00000, 0x00000000b1b00000| Untracked 
|  28|0x00000000b1c00000, 0x00000000b1d00000, 0x00000000b1d00000|100%| O|  |TAMS 0x00000000b1d00000, 0x00000000b1c00000| Untracked 
|  29|0x00000000b1d00000, 0x00000000b1e00000, 0x00000000b1e00000|100%| O|  |TAMS 0x00000000b1e00000, 0x00000000b1d00000| Untracked 
|  30|0x00000000b1e00000, 0x00000000b1f00000, 0x00000000b1f00000|100%| O|  |TAMS 0x00000000b1f00000, 0x00000000b1e00000| Untracked 
|  31|0x00000000b1f00000, 0x00000000b2000000, 0x00000000b2000000|100%| O|  |TAMS 0x00000000b2000000, 0x00000000b1f00000| Untracked 
|  32|0x00000000b2000000, 0x00000000b2100000, 0x00000000b2100000|100%| O|  |TAMS 0x00000000b2100000, 0x00000000b2000000| Untracked 
|  33|0x00000000b2100000, 0x00000000b2200000, 0x00000000b2200000|100%| O|  |TAMS 0x00000000b2200000, 0x00000000b2100000| Untracked 
|  34|0x00000000b2200000, 0x00000000b2300000, 0x00000000b2300000|100%|HS|  |TAMS 0x00000000b2300000, 0x00000000b2200000| Complete 
|  35|0x00000000b2300000, 0x00000000b2400000, 0x00000000b2400000|100%|HS|  |TAMS 0x00000000b2400000, 0x00000000b2300000| Complete 
|  36|0x00000000b2400000, 0x00000000b2500000, 0x00000000b2500000|100%|HS|  |TAMS 0x00000000b2500000, 0x00000000b2400000| Complete 
|  37|0x00000000b2500000, 0x00000000b2600000, 0x00000000b2600000|100%|HC|  |TAMS 0x00000000b2600000, 0x00000000b2500000| Complete 
|  38|0x00000000b2600000, 0x00000000b2700000, 0x00000000b2700000|100%|HS|  |TAMS 0x00000000b2700000, 0x00000000b2600000| Complete 
|  39|0x00000000b2700000, 0x00000000b2800000, 0x00000000b2800000|100%|HC|  |TAMS 0x00000000b2800000, 0x00000000b2700000| Complete 
|  40|0x00000000b2800000, 0x00000000b2900000, 0x00000000b2900000|100%|HS|  |TAMS 0x00000000b2900000, 0x00000000b2800000| Complete 
|  41|0x00000000b2900000, 0x00000000b2a00000, 0x00000000b2a00000|100%|HS|  |TAMS 0x00000000b2a00000, 0x00000000b2900000| Complete 
|  42|0x00000000b2a00000, 0x00000000b2b00000, 0x00000000b2b00000|100%| O|  |TAMS 0x00000000b2b00000, 0x00000000b2a00000| Untracked 
|  43|0x00000000b2b00000, 0x00000000b2c00000, 0x00000000b2c00000|100%|HS|  |TAMS 0x00000000b2c00000, 0x00000000b2b00000| Complete 
|  44|0x00000000b2c00000, 0x00000000b2d00000, 0x00000000b2d00000|100%|HS|  |TAMS 0x00000000b2d00000, 0x00000000b2c00000| Complete 
|  45|0x00000000b2d00000, 0x00000000b2e00000, 0x00000000b2e00000|100%| O|  |TAMS 0x00000000b2e00000, 0x00000000b2d00000| Untracked 
|  46|0x00000000b2e00000, 0x00000000b2f00000, 0x00000000b2f00000|100%| O|  |TAMS 0x00000000b2f00000, 0x00000000b2e00000| Untracked 
|  47|0x00000000b2f00000, 0x00000000b3000000, 0x00000000b3000000|100%| O|  |TAMS 0x00000000b3000000, 0x00000000b2f00000| Untracked 
|  48|0x00000000b3000000, 0x00000000b3100000, 0x00000000b3100000|100%| O|  |TAMS 0x00000000b3100000, 0x00000000b3000000| Untracked 
|  49|0x00000000b3100000, 0x00000000b3200000, 0x00000000b3200000|100%| O|  |TAMS 0x00000000b3200000, 0x00000000b3100000| Untracked 
|  50|0x00000000b3200000, 0x00000000b3300000, 0x00000000b3300000|100%| O|  |TAMS 0x00000000b3300000, 0x00000000b3200000| Untracked 
|  51|0x00000000b3300000, 0x00000000b3400000, 0x00000000b3400000|100%| O|  |TAMS 0x00000000b3400000, 0x00000000b3300000| Untracked 
|  52|0x00000000b3400000, 0x00000000b3500000, 0x00000000b3500000|100%| O|  |TAMS 0x00000000b3500000, 0x00000000b3400000| Untracked 
|  53|0x00000000b3500000, 0x00000000b3600000, 0x00000000b3600000|100%| O|  |TAMS 0x00000000b3600000, 0x00000000b3500000| Untracked 
|  54|0x00000000b3600000, 0x00000000b3700000, 0x00000000b3700000|100%| O|  |TAMS 0x00000000b3700000, 0x00000000b3600000| Untracked 
|  55|0x00000000b3700000, 0x00000000b3800000, 0x00000000b3800000|100%| O|  |TAMS 0x00000000b3800000, 0x00000000b3700000| Untracked 
|  56|0x00000000b3800000, 0x00000000b3900000, 0x00000000b3900000|100%| O|  |TAMS 0x00000000b3900000, 0x00000000b3800000| Untracked 
|  57|0x00000000b3900000, 0x00000000b3a00000, 0x00000000b3a00000|100%| O|  |TAMS 0x00000000b3a00000, 0x00000000b3900000| Untracked 
|  58|0x00000000b3a00000, 0x00000000b3b00000, 0x00000000b3b00000|100%| O|  |TAMS 0x00000000b3b00000, 0x00000000b3a00000| Untracked 
|  59|0x00000000b3b00000, 0x00000000b3c00000, 0x00000000b3c00000|100%| O|  |TAMS 0x00000000b3c00000, 0x00000000b3b00000| Untracked 
|  60|0x00000000b3c00000, 0x00000000b3d00000, 0x00000000b3d00000|100%| O|  |TAMS 0x00000000b3d00000, 0x00000000b3c00000| Untracked 
|  61|0x00000000b3d00000, 0x00000000b3e00000, 0x00000000b3e00000|100%| O|  |TAMS 0x00000000b3e00000, 0x00000000b3d00000| Untracked 
|  62|0x00000000b3e00000, 0x00000000b3f00000, 0x00000000b3f00000|100%| O|  |TAMS 0x00000000b3f00000, 0x00000000b3e00000| Untracked 
|  63|0x00000000b3f00000, 0x00000000b4000000, 0x00000000b4000000|100%| O|  |TAMS 0x00000000b4000000, 0x00000000b3f00000| Untracked 
|  64|0x00000000b4000000, 0x00000000b4100000, 0x00000000b4100000|100%|HS|  |TAMS 0x00000000b4100000, 0x00000000b4000000| Complete 
|  65|0x00000000b4100000, 0x00000000b4200000, 0x00000000b4200000|100%| O|  |TAMS 0x00000000b4200000, 0x00000000b4100000| Untracked 
|  66|0x00000000b4200000, 0x00000000b4300000, 0x00000000b4300000|100%| O|  |TAMS 0x00000000b4200000, 0x00000000b4200000| Untracked 
|  67|0x00000000b4300000, 0x00000000b4400000, 0x00000000b4400000|100%| O|  |TAMS 0x00000000b4400000, 0x00000000b4300000| Untracked 
|  68|0x00000000b4400000, 0x00000000b4500000, 0x00000000b4500000|100%| O|  |TAMS 0x00000000b4500000, 0x00000000b4400000| Untracked 
|  69|0x00000000b4500000, 0x00000000b4600000, 0x00000000b4600000|100%| O|  |TAMS 0x00000000b4600000, 0x00000000b4500000| Untracked 
|  70|0x00000000b4600000, 0x00000000b4700000, 0x00000000b4700000|100%| O|  |TAMS 0x00000000b4700000, 0x00000000b4600000| Untracked 
|  71|0x00000000b4700000, 0x00000000b4800000, 0x00000000b4800000|100%| O|  |TAMS 0x00000000b4800000, 0x00000000b4700000| Untracked 
|  72|0x00000000b4800000, 0x00000000b4900000, 0x00000000b4900000|100%| O|  |TAMS 0x00000000b4900000, 0x00000000b4800000| Untracked 
|  73|0x00000000b4900000, 0x00000000b4a00000, 0x00000000b4a00000|100%| O|  |TAMS 0x00000000b4a00000, 0x00000000b4900000| Untracked 
|  74|0x00000000b4a00000, 0x00000000b4b00000, 0x00000000b4b00000|100%| O|  |TAMS 0x00000000b4b00000, 0x00000000b4a00000| Untracked 
|  75|0x00000000b4b00000, 0x00000000b4c00000, 0x00000000b4c00000|100%| O|  |TAMS 0x00000000b4c00000, 0x00000000b4b00000| Untracked 
|  76|0x00000000b4c00000, 0x00000000b4d00000, 0x00000000b4d00000|100%| O|  |TAMS 0x00000000b4d00000, 0x00000000b4c00000| Untracked 
|  77|0x00000000b4d00000, 0x00000000b4e00000, 0x00000000b4e00000|100%| O|  |TAMS 0x00000000b4e00000, 0x00000000b4d00000| Untracked 
|  78|0x00000000b4e00000, 0x00000000b4f00000, 0x00000000b4f00000|100%| O|  |TAMS 0x00000000b4f00000, 0x00000000b4e00000| Untracked 
|  79|0x00000000b4f00000, 0x00000000b5000000, 0x00000000b5000000|100%| O|  |TAMS 0x00000000b5000000, 0x00000000b4f00000| Untracked 
|  80|0x00000000b5000000, 0x00000000b5100000, 0x00000000b5100000|100%| O|  |TAMS 0x00000000b5100000, 0x00000000b5000000| Untracked 
|  81|0x00000000b5100000, 0x00000000b5200000, 0x00000000b5200000|100%| O|  |TAMS 0x00000000b5200000, 0x00000000b5100000| Untracked 
|  82|0x00000000b5200000, 0x00000000b5300000, 0x00000000b5300000|100%| O|  |TAMS 0x00000000b5300000, 0x00000000b5200000| Untracked 
|  83|0x00000000b5300000, 0x00000000b5400000, 0x00000000b5400000|100%| O|  |TAMS 0x00000000b5400000, 0x00000000b5300000| Untracked 
|  84|0x00000000b5400000, 0x00000000b5500000, 0x00000000b5500000|100%| O|  |TAMS 0x00000000b5500000, 0x00000000b5400000| Untracked 
|  85|0x00000000b5500000, 0x00000000b5600000, 0x00000000b5600000|100%| O|  |TAMS 0x00000000b5600000, 0x00000000b5500000| Untracked 
|  86|0x00000000b5600000, 0x00000000b5700000, 0x00000000b5700000|100%| O|  |TAMS 0x00000000b5700000, 0x00000000b5600000| Untracked 
|  87|0x00000000b5700000, 0x00000000b5800000, 0x00000000b5800000|100%| O|  |TAMS 0x00000000b5800000, 0x00000000b5700000| Untracked 
|  88|0x00000000b5800000, 0x00000000b5900000, 0x00000000b5900000|100%| O|  |TAMS 0x00000000b5900000, 0x00000000b5800000| Untracked 
|  89|0x00000000b5900000, 0x00000000b5a00000, 0x00000000b5a00000|100%| O|  |TAMS 0x00000000b5a00000, 0x00000000b5900000| Untracked 
|  90|0x00000000b5a00000, 0x00000000b5b00000, 0x00000000b5b00000|100%| O|  |TAMS 0x00000000b5b00000, 0x00000000b5a00000| Untracked 
|  91|0x00000000b5b00000, 0x00000000b5c00000, 0x00000000b5c00000|100%| O|  |TAMS 0x00000000b5c00000, 0x00000000b5b00000| Untracked 
|  92|0x00000000b5c00000, 0x00000000b5d00000, 0x00000000b5d00000|100%| O|  |TAMS 0x00000000b5d00000, 0x00000000b5c00000| Untracked 
|  93|0x00000000b5d00000, 0x00000000b5e00000, 0x00000000b5e00000|100%| O|  |TAMS 0x00000000b5e00000, 0x00000000b5d00000| Untracked 
|  94|0x00000000b5e00000, 0x00000000b5f00000, 0x00000000b5f00000|100%|HS|  |TAMS 0x00000000b5f00000, 0x00000000b5e00000| Complete 
|  95|0x00000000b5f00000, 0x00000000b6000000, 0x00000000b6000000|100%|HC|  |TAMS 0x00000000b6000000, 0x00000000b5f00000| Complete 
|  96|0x00000000b6000000, 0x00000000b6100000, 0x00000000b6100000|100%| O|  |TAMS 0x00000000b6100000, 0x00000000b6000000| Untracked 
|  97|0x00000000b6100000, 0x00000000b6200000, 0x00000000b6200000|100%| O|  |TAMS 0x00000000b6200000, 0x00000000b6100000| Untracked 
|  98|0x00000000b6200000, 0x00000000b6300000, 0x00000000b6300000|100%| O|  |TAMS 0x00000000b6300000, 0x00000000b6200000| Untracked 
|  99|0x00000000b6300000, 0x00000000b6400000, 0x00000000b6400000|100%| O|  |TAMS 0x00000000b6400000, 0x00000000b6300000| Untracked 
| 100|0x00000000b6400000, 0x00000000b6500000, 0x00000000b6500000|100%| O|  |TAMS 0x00000000b6500000, 0x00000000b6400000| Untracked 
| 101|0x00000000b6500000, 0x00000000b6600000, 0x00000000b6600000|100%| O|  |TAMS 0x00000000b6600000, 0x00000000b6500000| Untracked 
| 102|0x00000000b6600000, 0x00000000b6700000, 0x00000000b6700000|100%| O|  |TAMS 0x00000000b6700000, 0x00000000b6600000| Untracked 
| 103|0x00000000b6700000, 0x00000000b6800000, 0x00000000b6800000|100%| O|  |TAMS 0x00000000b6800000, 0x00000000b6700000| Untracked 
| 104|0x00000000b6800000, 0x00000000b6900000, 0x00000000b6900000|100%| O|  |TAMS 0x00000000b6900000, 0x00000000b6800000| Untracked 
| 105|0x00000000b6900000, 0x00000000b6a00000, 0x00000000b6a00000|100%| O|  |TAMS 0x00000000b6a00000, 0x00000000b6900000| Untracked 
| 106|0x00000000b6a00000, 0x00000000b6b00000, 0x00000000b6b00000|100%| O|  |TAMS 0x00000000b6b00000, 0x00000000b6a00000| Untracked 
| 107|0x00000000b6b00000, 0x00000000b6c00000, 0x00000000b6c00000|100%| O|  |TAMS 0x00000000b6c00000, 0x00000000b6b00000| Untracked 
| 108|0x00000000b6c00000, 0x00000000b6d00000, 0x00000000b6d00000|100%| O|  |TAMS 0x00000000b6d00000, 0x00000000b6c00000| Untracked 
| 109|0x00000000b6d00000, 0x00000000b6e00000, 0x00000000b6e00000|100%| O|  |TAMS 0x00000000b6e00000, 0x00000000b6d00000| Untracked 
| 110|0x00000000b6e00000, 0x00000000b6f00000, 0x00000000b6f00000|100%| O|  |TAMS 0x00000000b6e6ec00, 0x00000000b6e00000| Untracked 
| 111|0x00000000b6f00000, 0x00000000b7000000, 0x00000000b7000000|100%| O|  |TAMS 0x00000000b6f00000, 0x00000000b6f00000| Untracked 
| 112|0x00000000b7000000, 0x00000000b7100000, 0x00000000b7100000|100%| O|  |TAMS 0x00000000b7000000, 0x00000000b7000000| Untracked 
| 113|0x00000000b7100000, 0x00000000b7200000, 0x00000000b7200000|100%| O|  |TAMS 0x00000000b7100000, 0x00000000b7100000| Untracked 
| 114|0x00000000b7200000, 0x00000000b7300000, 0x00000000b7300000|100%| O|  |TAMS 0x00000000b7200000, 0x00000000b7200000| Untracked 
| 115|0x00000000b7300000, 0x00000000b7400000, 0x00000000b7400000|100%| O|  |TAMS 0x00000000b7300000, 0x00000000b7300000| Untracked 
| 116|0x00000000b7400000, 0x00000000b7500000, 0x00000000b7500000|100%| O|  |TAMS 0x00000000b7400000, 0x00000000b7400000| Untracked 
| 117|0x00000000b7500000, 0x00000000b7600000, 0x00000000b7600000|100%| O|  |TAMS 0x00000000b7500000, 0x00000000b7500000| Untracked 
| 118|0x00000000b7600000, 0x00000000b7700000, 0x00000000b7700000|100%| O|  |TAMS 0x00000000b7600000, 0x00000000b7600000| Untracked 
| 119|0x00000000b7700000, 0x00000000b7800000, 0x00000000b7800000|100%| O|  |TAMS 0x00000000b7700000, 0x00000000b7700000| Untracked 
| 120|0x00000000b7800000, 0x00000000b7900000, 0x00000000b7900000|100%| O|  |TAMS 0x00000000b7800000, 0x00000000b7800000| Untracked 
| 121|0x00000000b7900000, 0x00000000b7a00000, 0x00000000b7a00000|100%| O|  |TAMS 0x00000000b7900000, 0x00000000b7900000| Untracked 
| 122|0x00000000b7a00000, 0x00000000b7b00000, 0x00000000b7b00000|100%| O|  |TAMS 0x00000000b7a00000, 0x00000000b7a00000| Untracked 
| 123|0x00000000b7b00000, 0x00000000b7c00000, 0x00000000b7c00000|100%| O|  |TAMS 0x00000000b7b00000, 0x00000000b7b00000| Untracked 
| 124|0x00000000b7c00000, 0x00000000b7d00000, 0x00000000b7d00000|100%| O|  |TAMS 0x00000000b7c00000, 0x00000000b7c00000| Untracked 
| 125|0x00000000b7d00000, 0x00000000b7e00000, 0x00000000b7e00000|100%| O|  |TAMS 0x00000000b7d00000, 0x00000000b7d00000| Untracked 
| 126|0x00000000b7e00000, 0x00000000b7f00000, 0x00000000b7f00000|100%| O|  |TAMS 0x00000000b7e00000, 0x00000000b7e00000| Untracked 
| 127|0x00000000b7f00000, 0x00000000b8000000, 0x00000000b8000000|100%| O|  |TAMS 0x00000000b7f00000, 0x00000000b7f00000| Untracked 
| 128|0x00000000b8000000, 0x00000000b8100000, 0x00000000b8100000|100%| O|  |TAMS 0x00000000b8000000, 0x00000000b8000000| Untracked 
| 129|0x00000000b8100000, 0x00000000b8200000, 0x00000000b8200000|100%| O|  |TAMS 0x00000000b8100000, 0x00000000b8100000| Untracked 
| 130|0x00000000b8200000, 0x00000000b8300000, 0x00000000b8300000|100%| O|  |TAMS 0x00000000b8200000, 0x00000000b8200000| Untracked 
| 131|0x00000000b8300000, 0x00000000b8400000, 0x00000000b8400000|100%| O|  |TAMS 0x00000000b8300000, 0x00000000b8300000| Untracked 
| 132|0x00000000b8400000, 0x00000000b8500000, 0x00000000b8500000|100%| O|  |TAMS 0x00000000b8400000, 0x00000000b8400000| Untracked 
| 133|0x00000000b8500000, 0x00000000b8600000, 0x00000000b8600000|100%| O|  |TAMS 0x00000000b8500000, 0x00000000b8500000| Untracked 
| 134|0x00000000b8600000, 0x00000000b8700000, 0x00000000b8700000|100%| O|  |TAMS 0x00000000b8600000, 0x00000000b8600000| Untracked 
| 135|0x00000000b8700000, 0x00000000b8800000, 0x00000000b8800000|100%| O|  |TAMS 0x00000000b8700000, 0x00000000b8700000| Untracked 
| 136|0x00000000b8800000, 0x00000000b8900000, 0x00000000b8900000|100%| O|  |TAMS 0x00000000b8800000, 0x00000000b8800000| Untracked 
| 137|0x00000000b8900000, 0x00000000b8a00000, 0x00000000b8a00000|100%| O|  |TAMS 0x00000000b8900000, 0x00000000b8900000| Untracked 
| 138|0x00000000b8a00000, 0x00000000b8b00000, 0x00000000b8b00000|100%| O|  |TAMS 0x00000000b8a00000, 0x00000000b8a00000| Untracked 
| 139|0x00000000b8b00000, 0x00000000b8c00000, 0x00000000b8c00000|100%| O|  |TAMS 0x00000000b8b00000, 0x00000000b8b00000| Untracked 
| 140|0x00000000b8c00000, 0x00000000b8d00000, 0x00000000b8d00000|100%| O|  |TAMS 0x00000000b8c00000, 0x00000000b8c00000| Untracked 
| 141|0x00000000b8d00000, 0x00000000b8e00000, 0x00000000b8e00000|100%| O|  |TAMS 0x00000000b8d00000, 0x00000000b8d00000| Untracked 
| 142|0x00000000b8e00000, 0x00000000b8f00000, 0x00000000b8f00000|100%| O|  |TAMS 0x00000000b8e00000, 0x00000000b8e00000| Untracked 
| 143|0x00000000b8f00000, 0x00000000b9000000, 0x00000000b9000000|100%| O|  |TAMS 0x00000000b8f00000, 0x00000000b8f00000| Untracked 
| 144|0x00000000b9000000, 0x00000000b9100000, 0x00000000b9100000|100%| O|  |TAMS 0x00000000b9000000, 0x00000000b9000000| Untracked 
| 145|0x00000000b9100000, 0x00000000b9200000, 0x00000000b9200000|100%| O|  |TAMS 0x00000000b9100000, 0x00000000b9100000| Untracked 
| 146|0x00000000b9200000, 0x00000000b9300000, 0x00000000b9300000|100%| O|  |TAMS 0x00000000b9200000, 0x00000000b9200000| Untracked 
| 147|0x00000000b9300000, 0x00000000b9400000, 0x00000000b9400000|100%| O|  |TAMS 0x00000000b9300000, 0x00000000b9300000| Untracked 
| 148|0x00000000b9400000, 0x00000000b9500000, 0x00000000b9500000|100%| O|  |TAMS 0x00000000b9400000, 0x00000000b9400000| Untracked 
| 149|0x00000000b9500000, 0x00000000b9600000, 0x00000000b9600000|100%| O|  |TAMS 0x00000000b9500000, 0x00000000b9500000| Untracked 
| 150|0x00000000b9600000, 0x00000000b9700000, 0x00000000b9700000|100%| O|  |TAMS 0x00000000b9600000, 0x00000000b9600000| Untracked 
| 151|0x00000000b9700000, 0x00000000b9800000, 0x00000000b9800000|100%| O|  |TAMS 0x00000000b9700000, 0x00000000b9700000| Untracked 
| 152|0x00000000b9800000, 0x00000000b9900000, 0x00000000b9900000|100%| O|  |TAMS 0x00000000b9800000, 0x00000000b9800000| Untracked 
| 153|0x00000000b9900000, 0x00000000b9a00000, 0x00000000b9a00000|100%| O|  |TAMS 0x00000000b9900000, 0x00000000b9900000| Untracked 
| 154|0x00000000b9a00000, 0x00000000b9b00000, 0x00000000b9b00000|100%| O|  |TAMS 0x00000000b9a00000, 0x00000000b9a00000| Untracked 
| 155|0x00000000b9b00000, 0x00000000b9c00000, 0x00000000b9c00000|100%| O|  |TAMS 0x00000000b9b00000, 0x00000000b9b00000| Untracked 
| 156|0x00000000b9c00000, 0x00000000b9d00000, 0x00000000b9d00000|100%| O|  |TAMS 0x00000000b9c00000, 0x00000000b9c00000| Untracked 
| 157|0x00000000b9d00000, 0x00000000b9e00000, 0x00000000b9e00000|100%| O|  |TAMS 0x00000000b9d00000, 0x00000000b9d00000| Untracked 
| 158|0x00000000b9e00000, 0x00000000b9f00000, 0x00000000b9f00000|100%| O|  |TAMS 0x00000000b9e00000, 0x00000000b9e00000| Untracked 
| 159|0x00000000b9f00000, 0x00000000ba000000, 0x00000000ba000000|100%| O|  |TAMS 0x00000000b9f00000, 0x00000000b9f00000| Untracked 
| 160|0x00000000ba000000, 0x00000000ba100000, 0x00000000ba100000|100%| O|  |TAMS 0x00000000ba000000, 0x00000000ba000000| Untracked 
| 161|0x00000000ba100000, 0x00000000ba200000, 0x00000000ba200000|100%| O|  |TAMS 0x00000000ba100000, 0x00000000ba100000| Untracked 
| 162|0x00000000ba200000, 0x00000000ba300000, 0x00000000ba300000|100%| O|  |TAMS 0x00000000ba200000, 0x00000000ba200000| Untracked 
| 163|0x00000000ba300000, 0x00000000ba400000, 0x00000000ba400000|100%| O|  |TAMS 0x00000000ba300000, 0x00000000ba300000| Untracked 
| 164|0x00000000ba400000, 0x00000000ba500000, 0x00000000ba500000|100%| O|  |TAMS 0x00000000ba400000, 0x00000000ba400000| Untracked 
| 165|0x00000000ba500000, 0x00000000ba600000, 0x00000000ba600000|100%| O|  |TAMS 0x00000000ba500000, 0x00000000ba500000| Untracked 
| 166|0x00000000ba600000, 0x00000000ba700000, 0x00000000ba700000|100%| O|  |TAMS 0x00000000ba600000, 0x00000000ba600000| Untracked 
| 167|0x00000000ba700000, 0x00000000ba800000, 0x00000000ba800000|100%| O|  |TAMS 0x00000000ba700000, 0x00000000ba700000| Untracked 
| 168|0x00000000ba800000, 0x00000000ba900000, 0x00000000ba900000|100%| O|  |TAMS 0x00000000ba800000, 0x00000000ba800000| Untracked 
| 169|0x00000000ba900000, 0x00000000baa00000, 0x00000000baa00000|100%| O|  |TAMS 0x00000000ba900000, 0x00000000ba900000| Untracked 
| 170|0x00000000baa00000, 0x00000000bab00000, 0x00000000bab00000|100%| O|  |TAMS 0x00000000baa00000, 0x00000000baa00000| Untracked 
| 171|0x00000000bab00000, 0x00000000bac00000, 0x00000000bac00000|100%| O|  |TAMS 0x00000000bab00000, 0x00000000bab00000| Untracked 
| 172|0x00000000bac00000, 0x00000000bad00000, 0x00000000bad00000|100%| O|  |TAMS 0x00000000bac00000, 0x00000000bac00000| Untracked 
| 173|0x00000000bad00000, 0x00000000bae00000, 0x00000000bae00000|100%| O|  |TAMS 0x00000000bad00000, 0x00000000bad00000| Untracked 
| 174|0x00000000bae00000, 0x00000000baf00000, 0x00000000baf00000|100%| O|  |TAMS 0x00000000bae00000, 0x00000000bae00000| Untracked 
| 175|0x00000000baf00000, 0x00000000bb000000, 0x00000000bb000000|100%| O|  |TAMS 0x00000000baf00000, 0x00000000baf00000| Untracked 
| 176|0x00000000bb000000, 0x00000000bb100000, 0x00000000bb100000|100%| O|  |TAMS 0x00000000bb000000, 0x00000000bb000000| Untracked 
| 177|0x00000000bb100000, 0x00000000bb200000, 0x00000000bb200000|100%| O|  |TAMS 0x00000000bb100000, 0x00000000bb100000| Untracked 
| 178|0x00000000bb200000, 0x00000000bb300000, 0x00000000bb300000|100%| O|  |TAMS 0x00000000bb200000, 0x00000000bb200000| Untracked 
| 179|0x00000000bb300000, 0x00000000bb400000, 0x00000000bb400000|100%| O|  |TAMS 0x00000000bb300000, 0x00000000bb300000| Untracked 
| 180|0x00000000bb400000, 0x00000000bb500000, 0x00000000bb500000|100%| O|  |TAMS 0x00000000bb400000, 0x00000000bb400000| Untracked 
| 181|0x00000000bb500000, 0x00000000bb600000, 0x00000000bb600000|100%| O|  |TAMS 0x00000000bb500000, 0x00000000bb500000| Untracked 
| 182|0x00000000bb600000, 0x00000000bb700000, 0x00000000bb700000|100%| O|  |TAMS 0x00000000bb600000, 0x00000000bb600000| Untracked 
| 183|0x00000000bb700000, 0x00000000bb800000, 0x00000000bb800000|100%| O|  |TAMS 0x00000000bb700000, 0x00000000bb700000| Untracked 
| 184|0x00000000bb800000, 0x00000000bb900000, 0x00000000bb900000|100%| O|  |TAMS 0x00000000bb800000, 0x00000000bb800000| Untracked 
| 185|0x00000000bb900000, 0x00000000bba00000, 0x00000000bba00000|100%| O|  |TAMS 0x00000000bb900000, 0x00000000bb900000| Untracked 
| 186|0x00000000bba00000, 0x00000000bbb00000, 0x00000000bbb00000|100%| O|  |TAMS 0x00000000bba00000, 0x00000000bba00000| Untracked 
| 187|0x00000000bbb00000, 0x00000000bbc00000, 0x00000000bbc00000|100%| O|  |TAMS 0x00000000bbb00000, 0x00000000bbb00000| Untracked 
| 188|0x00000000bbc00000, 0x00000000bbd00000, 0x00000000bbd00000|100%| O|  |TAMS 0x00000000bbc00000, 0x00000000bbc00000| Untracked 
| 189|0x00000000bbd00000, 0x00000000bbe00000, 0x00000000bbe00000|100%| O|  |TAMS 0x00000000bbd00000, 0x00000000bbd00000| Untracked 
| 190|0x00000000bbe00000, 0x00000000bbf00000, 0x00000000bbf00000|100%| O|  |TAMS 0x00000000bbe00000, 0x00000000bbe00000| Untracked 
| 191|0x00000000bbf00000, 0x00000000bc000000, 0x00000000bc000000|100%| O|  |TAMS 0x00000000bbf00000, 0x00000000bbf00000| Untracked 
| 192|0x00000000bc000000, 0x00000000bc100000, 0x00000000bc100000|100%| O|  |TAMS 0x00000000bc000000, 0x00000000bc000000| Untracked 
| 193|0x00000000bc100000, 0x00000000bc200000, 0x00000000bc200000|100%| O|  |TAMS 0x00000000bc100000, 0x00000000bc100000| Untracked 
| 194|0x00000000bc200000, 0x00000000bc300000, 0x00000000bc300000|100%| O|  |TAMS 0x00000000bc200000, 0x00000000bc200000| Untracked 
| 195|0x00000000bc300000, 0x00000000bc400000, 0x00000000bc400000|100%| O|  |TAMS 0x00000000bc300000, 0x00000000bc300000| Untracked 
| 196|0x00000000bc400000, 0x00000000bc500000, 0x00000000bc500000|100%| O|  |TAMS 0x00000000bc400000, 0x00000000bc400000| Untracked 
| 197|0x00000000bc500000, 0x00000000bc600000, 0x00000000bc600000|100%| O|  |TAMS 0x00000000bc500000, 0x00000000bc500000| Untracked 
| 198|0x00000000bc600000, 0x00000000bc700000, 0x00000000bc700000|100%| O|  |TAMS 0x00000000bc600000, 0x00000000bc600000| Untracked 
| 199|0x00000000bc700000, 0x00000000bc800000, 0x00000000bc800000|100%| O|  |TAMS 0x00000000bc700000, 0x00000000bc700000| Untracked 
| 200|0x00000000bc800000, 0x00000000bc900000, 0x00000000bc900000|100%| O|  |TAMS 0x00000000bc800000, 0x00000000bc800000| Untracked 
| 201|0x00000000bc900000, 0x00000000bca00000, 0x00000000bca00000|100%| O|  |TAMS 0x00000000bc900000, 0x00000000bc900000| Untracked 
| 202|0x00000000bca00000, 0x00000000bcb00000, 0x00000000bcb00000|100%| O|  |TAMS 0x00000000bca00000, 0x00000000bca00000| Untracked 
| 203|0x00000000bcb00000, 0x00000000bcc00000, 0x00000000bcc00000|100%| O|  |TAMS 0x00000000bcb00000, 0x00000000bcb00000| Untracked 
| 204|0x00000000bcc00000, 0x00000000bcd00000, 0x00000000bcd00000|100%| O|  |TAMS 0x00000000bcc00000, 0x00000000bcc00000| Untracked 
| 205|0x00000000bcd00000, 0x00000000bce00000, 0x00000000bce00000|100%| O|  |TAMS 0x00000000bcd00000, 0x00000000bcd00000| Untracked 
| 206|0x00000000bce00000, 0x00000000bcf00000, 0x00000000bcf00000|100%| O|  |TAMS 0x00000000bce00000, 0x00000000bce00000| Untracked 
| 207|0x00000000bcf00000, 0x00000000bd000000, 0x00000000bd000000|100%| O|  |TAMS 0x00000000bcf00000, 0x00000000bcf00000| Untracked 
| 208|0x00000000bd000000, 0x00000000bd100000, 0x00000000bd100000|100%| O|  |TAMS 0x00000000bd000000, 0x00000000bd000000| Untracked 
| 209|0x00000000bd100000, 0x00000000bd200000, 0x00000000bd200000|100%| O|  |TAMS 0x00000000bd100000, 0x00000000bd100000| Untracked 
| 210|0x00000000bd200000, 0x00000000bd300000, 0x00000000bd300000|100%| O|  |TAMS 0x00000000bd200000, 0x00000000bd200000| Untracked 
| 211|0x00000000bd300000, 0x00000000bd400000, 0x00000000bd400000|100%| O|  |TAMS 0x00000000bd300000, 0x00000000bd300000| Untracked 
| 212|0x00000000bd400000, 0x00000000bd500000, 0x00000000bd500000|100%| O|  |TAMS 0x00000000bd400000, 0x00000000bd400000| Untracked 
| 213|0x00000000bd500000, 0x00000000bd600000, 0x00000000bd600000|100%| O|  |TAMS 0x00000000bd500000, 0x00000000bd500000| Untracked 
| 214|0x00000000bd600000, 0x00000000bd700000, 0x00000000bd700000|100%| O|  |TAMS 0x00000000bd600000, 0x00000000bd600000| Untracked 
| 215|0x00000000bd700000, 0x00000000bd800000, 0x00000000bd800000|100%| O|  |TAMS 0x00000000bd700000, 0x00000000bd700000| Untracked 
| 216|0x00000000bd800000, 0x00000000bd900000, 0x00000000bd900000|100%| O|  |TAMS 0x00000000bd800000, 0x00000000bd800000| Untracked 
| 217|0x00000000bd900000, 0x00000000bda00000, 0x00000000bda00000|100%| O|  |TAMS 0x00000000bd900000, 0x00000000bd900000| Untracked 
| 218|0x00000000bda00000, 0x00000000bdb00000, 0x00000000bdb00000|100%| O|  |TAMS 0x00000000bda00000, 0x00000000bda00000| Untracked 
| 219|0x00000000bdb00000, 0x00000000bdc00000, 0x00000000bdc00000|100%| O|  |TAMS 0x00000000bdb00000, 0x00000000bdb00000| Untracked 
| 220|0x00000000bdc00000, 0x00000000bdd00000, 0x00000000bdd00000|100%| O|  |TAMS 0x00000000bdc00000, 0x00000000bdc00000| Untracked 
| 221|0x00000000bdd00000, 0x00000000bde00000, 0x00000000bde00000|100%| O|  |TAMS 0x00000000bdd00000, 0x00000000bdd00000| Untracked 
| 222|0x00000000bde00000, 0x00000000bdf00000, 0x00000000bdf00000|100%| O|  |TAMS 0x00000000bde00000, 0x00000000bde00000| Untracked 
| 223|0x00000000bdf00000, 0x00000000be000000, 0x00000000be000000|100%| O|  |TAMS 0x00000000bdf00000, 0x00000000bdf00000| Untracked 
| 224|0x00000000be000000, 0x00000000be100000, 0x00000000be100000|100%| O|  |TAMS 0x00000000be000000, 0x00000000be000000| Untracked 
| 225|0x00000000be100000, 0x00000000be200000, 0x00000000be200000|100%| O|  |TAMS 0x00000000be100000, 0x00000000be100000| Untracked 
| 226|0x00000000be200000, 0x00000000be300000, 0x00000000be300000|100%| O|  |TAMS 0x00000000be200000, 0x00000000be200000| Untracked 
| 227|0x00000000be300000, 0x00000000be400000, 0x00000000be400000|100%| O|  |TAMS 0x00000000be300000, 0x00000000be300000| Untracked 
| 228|0x00000000be400000, 0x00000000be500000, 0x00000000be500000|100%| O|  |TAMS 0x00000000be400000, 0x00000000be400000| Untracked 
| 229|0x00000000be500000, 0x00000000be600000, 0x00000000be600000|100%| O|  |TAMS 0x00000000be500000, 0x00000000be500000| Untracked 
| 230|0x00000000be600000, 0x00000000be700000, 0x00000000be700000|100%| O|  |TAMS 0x00000000be600000, 0x00000000be600000| Untracked 
| 231|0x00000000be700000, 0x00000000be800000, 0x00000000be800000|100%| O|  |TAMS 0x00000000be700000, 0x00000000be700000| Untracked 
| 232|0x00000000be800000, 0x00000000be900000, 0x00000000be900000|100%| O|  |TAMS 0x00000000be800000, 0x00000000be800000| Untracked 
| 233|0x00000000be900000, 0x00000000bea00000, 0x00000000bea00000|100%| O|  |TAMS 0x00000000be900000, 0x00000000be900000| Untracked 
| 234|0x00000000bea00000, 0x00000000beb00000, 0x00000000beb00000|100%| O|  |TAMS 0x00000000bea00000, 0x00000000bea00000| Untracked 
| 235|0x00000000beb00000, 0x00000000bec00000, 0x00000000bec00000|100%| O|  |TAMS 0x00000000beb00000, 0x00000000beb00000| Untracked 
| 236|0x00000000bec00000, 0x00000000bed00000, 0x00000000bed00000|100%| O|  |TAMS 0x00000000bec00000, 0x00000000bec00000| Untracked 
| 237|0x00000000bed00000, 0x00000000bee00000, 0x00000000bee00000|100%| O|  |TAMS 0x00000000bed00000, 0x00000000bed00000| Untracked 
| 238|0x00000000bee00000, 0x00000000bef00000, 0x00000000bef00000|100%| O|  |TAMS 0x00000000bee00000, 0x00000000bee00000| Untracked 
| 239|0x00000000bef00000, 0x00000000bef00000, 0x00000000bf000000|  0%| F|  |TAMS 0x00000000bef00000, 0x00000000bef00000| Untracked 
| 240|0x00000000bf000000, 0x00000000bf000000, 0x00000000bf100000|  0%| F|  |TAMS 0x00000000bf000000, 0x00000000bf000000| Untracked 
| 241|0x00000000bf100000, 0x00000000bf100000, 0x00000000bf200000|  0%| F|  |TAMS 0x00000000bf100000, 0x00000000bf100000| Untracked 
| 242|0x00000000bf200000, 0x00000000bf200000, 0x00000000bf300000|  0%| F|  |TAMS 0x00000000bf200000, 0x00000000bf200000| Untracked 
| 243|0x00000000bf300000, 0x00000000bf300000, 0x00000000bf400000|  0%| F|  |TAMS 0x00000000bf300000, 0x00000000bf300000| Untracked 
| 244|0x00000000bf400000, 0x00000000bf400000, 0x00000000bf500000|  0%| F|  |TAMS 0x00000000bf400000, 0x00000000bf400000| Untracked 
| 245|0x00000000bf500000, 0x00000000bf500000, 0x00000000bf600000|  0%| F|  |TAMS 0x00000000bf500000, 0x00000000bf500000| Untracked 
| 246|0x00000000bf600000, 0x00000000bf600000, 0x00000000bf700000|  0%| F|  |TAMS 0x00000000bf600000, 0x00000000bf600000| Untracked 
| 247|0x00000000bf700000, 0x00000000bf700000, 0x00000000bf800000|  0%| F|  |TAMS 0x00000000bf700000, 0x00000000bf700000| Untracked 
| 248|0x00000000bf800000, 0x00000000bf800000, 0x00000000bf900000|  0%| F|  |TAMS 0x00000000bf800000, 0x00000000bf800000| Untracked 
| 249|0x00000000bf900000, 0x00000000bf900000, 0x00000000bfa00000|  0%| F|  |TAMS 0x00000000bf900000, 0x00000000bf900000| Untracked 
| 250|0x00000000bfa00000, 0x00000000bfa00000, 0x00000000bfb00000|  0%| F|  |TAMS 0x00000000bfa00000, 0x00000000bfa00000| Untracked 
| 251|0x00000000bfb00000, 0x00000000bfb00000, 0x00000000bfc00000|  0%| F|  |TAMS 0x00000000bfb00000, 0x00000000bfb00000| Untracked 
| 252|0x00000000bfc00000, 0x00000000bfc00000, 0x00000000bfd00000|  0%| F|  |TAMS 0x00000000bfc00000, 0x00000000bfc00000| Untracked 
| 253|0x00000000bfd00000, 0x00000000bfd00000, 0x00000000bfe00000|  0%| F|  |TAMS 0x00000000bfd00000, 0x00000000bfd00000| Untracked 
| 254|0x00000000bfe00000, 0x00000000bfe00000, 0x00000000bff00000|  0%| F|  |TAMS 0x00000000bfe00000, 0x00000000bfe00000| Untracked 
| 255|0x00000000bff00000, 0x00000000bff00000, 0x00000000c0000000|  0%| F|  |TAMS 0x00000000bff00000, 0x00000000bff00000| Untracked 
| 256|0x00000000c0000000, 0x00000000c0000000, 0x00000000c0100000|  0%| F|  |TAMS 0x00000000c0000000, 0x00000000c0000000| Untracked 
| 257|0x00000000c0100000, 0x00000000c0100000, 0x00000000c0200000|  0%| F|  |TAMS 0x00000000c0100000, 0x00000000c0100000| Untracked 
| 258|0x00000000c0200000, 0x00000000c0200000, 0x00000000c0300000|  0%| F|  |TAMS 0x00000000c0200000, 0x00000000c0200000| Untracked 
| 259|0x00000000c0300000, 0x00000000c0300000, 0x00000000c0400000|  0%| F|  |TAMS 0x00000000c0300000, 0x00000000c0300000| Untracked 
| 260|0x00000000c0400000, 0x00000000c0400000, 0x00000000c0500000|  0%| F|  |TAMS 0x00000000c0400000, 0x00000000c0400000| Untracked 
| 261|0x00000000c0500000, 0x00000000c0500000, 0x00000000c0600000|  0%| F|  |TAMS 0x00000000c0500000, 0x00000000c0500000| Untracked 
| 262|0x00000000c0600000, 0x00000000c0600000, 0x00000000c0700000|  0%| F|  |TAMS 0x00000000c0600000, 0x00000000c0600000| Untracked 
| 263|0x00000000c0700000, 0x00000000c0700000, 0x00000000c0800000|  0%| F|  |TAMS 0x00000000c0700000, 0x00000000c0700000| Untracked 
| 264|0x00000000c0800000, 0x00000000c0800000, 0x00000000c0900000|  0%| F|  |TAMS 0x00000000c0800000, 0x00000000c0800000| Untracked 
| 265|0x00000000c0900000, 0x00000000c0900000, 0x00000000c0a00000|  0%| F|  |TAMS 0x00000000c0900000, 0x00000000c0900000| Untracked 
| 266|0x00000000c0a00000, 0x00000000c0a00000, 0x00000000c0b00000|  0%| F|  |TAMS 0x00000000c0a00000, 0x00000000c0a00000| Untracked 
| 267|0x00000000c0b00000, 0x00000000c0b00000, 0x00000000c0c00000|  0%| F|  |TAMS 0x00000000c0b00000, 0x00000000c0b00000| Untracked 
| 268|0x00000000c0c00000, 0x00000000c0c00000, 0x00000000c0d00000|  0%| F|  |TAMS 0x00000000c0c00000, 0x00000000c0c00000| Untracked 
| 269|0x00000000c0d00000, 0x00000000c0d00000, 0x00000000c0e00000|  0%| F|  |TAMS 0x00000000c0d00000, 0x00000000c0d00000| Untracked 
| 270|0x00000000c0e00000, 0x00000000c0e00000, 0x00000000c0f00000|  0%| F|  |TAMS 0x00000000c0e00000, 0x00000000c0e00000| Untracked 
| 271|0x00000000c0f00000, 0x00000000c0f00000, 0x00000000c1000000|  0%| F|  |TAMS 0x00000000c0f00000, 0x00000000c0f00000| Untracked 
| 272|0x00000000c1000000, 0x00000000c1000000, 0x00000000c1100000|  0%| F|  |TAMS 0x00000000c1000000, 0x00000000c1000000| Untracked 
| 273|0x00000000c1100000, 0x00000000c1100000, 0x00000000c1200000|  0%| F|  |TAMS 0x00000000c1100000, 0x00000000c1100000| Untracked 
| 274|0x00000000c1200000, 0x00000000c1200000, 0x00000000c1300000|  0%| F|  |TAMS 0x00000000c1200000, 0x00000000c1200000| Untracked 
| 275|0x00000000c1300000, 0x00000000c1300000, 0x00000000c1400000|  0%| F|  |TAMS 0x00000000c1300000, 0x00000000c1300000| Untracked 
| 276|0x00000000c1400000, 0x00000000c1400000, 0x00000000c1500000|  0%| F|  |TAMS 0x00000000c1400000, 0x00000000c1400000| Untracked 
| 277|0x00000000c1500000, 0x00000000c1500000, 0x00000000c1600000|  0%| F|  |TAMS 0x00000000c1500000, 0x00000000c1500000| Untracked 
| 278|0x00000000c1600000, 0x00000000c1600000, 0x00000000c1700000|  0%| F|  |TAMS 0x00000000c1600000, 0x00000000c1600000| Untracked 
| 279|0x00000000c1700000, 0x00000000c1700000, 0x00000000c1800000|  0%| F|  |TAMS 0x00000000c1700000, 0x00000000c1700000| Untracked 
| 280|0x00000000c1800000, 0x00000000c1800000, 0x00000000c1900000|  0%| F|  |TAMS 0x00000000c1800000, 0x00000000c1800000| Untracked 
| 281|0x00000000c1900000, 0x00000000c1900000, 0x00000000c1a00000|  0%| F|  |TAMS 0x00000000c1900000, 0x00000000c1900000| Untracked 
| 282|0x00000000c1a00000, 0x00000000c1a00000, 0x00000000c1b00000|  0%| F|  |TAMS 0x00000000c1a00000, 0x00000000c1a00000| Untracked 
| 283|0x00000000c1b00000, 0x00000000c1b00000, 0x00000000c1c00000|  0%| F|  |TAMS 0x00000000c1b00000, 0x00000000c1b00000| Untracked 
| 284|0x00000000c1c00000, 0x00000000c1c00000, 0x00000000c1d00000|  0%| F|  |TAMS 0x00000000c1c00000, 0x00000000c1c00000| Untracked 
| 285|0x00000000c1d00000, 0x00000000c1d00000, 0x00000000c1e00000|  0%| F|  |TAMS 0x00000000c1d00000, 0x00000000c1d00000| Untracked 
| 286|0x00000000c1e00000, 0x00000000c1e00000, 0x00000000c1f00000|  0%| F|  |TAMS 0x00000000c1e00000, 0x00000000c1e00000| Untracked 
| 287|0x00000000c1f00000, 0x00000000c1f00000, 0x00000000c2000000|  0%| F|  |TAMS 0x00000000c1f00000, 0x00000000c1f00000| Untracked 
| 288|0x00000000c2000000, 0x00000000c2000000, 0x00000000c2100000|  0%| F|  |TAMS 0x00000000c2000000, 0x00000000c2000000| Untracked 
| 289|0x00000000c2100000, 0x00000000c2100000, 0x00000000c2200000|  0%| F|  |TAMS 0x00000000c2100000, 0x00000000c2100000| Untracked 
| 290|0x00000000c2200000, 0x00000000c2200000, 0x00000000c2300000|  0%| F|  |TAMS 0x00000000c2200000, 0x00000000c2200000| Untracked 
| 291|0x00000000c2300000, 0x00000000c2300000, 0x00000000c2400000|  0%| F|  |TAMS 0x00000000c2300000, 0x00000000c2300000| Untracked 
| 292|0x00000000c2400000, 0x00000000c2400000, 0x00000000c2500000|  0%| F|  |TAMS 0x00000000c2400000, 0x00000000c2400000| Untracked 
| 293|0x00000000c2500000, 0x00000000c2500000, 0x00000000c2600000|  0%| F|  |TAMS 0x00000000c2500000, 0x00000000c2500000| Untracked 
| 294|0x00000000c2600000, 0x00000000c2600000, 0x00000000c2700000|  0%| F|  |TAMS 0x00000000c2600000, 0x00000000c2600000| Untracked 
| 295|0x00000000c2700000, 0x00000000c2700000, 0x00000000c2800000|  0%| F|  |TAMS 0x00000000c2700000, 0x00000000c2700000| Untracked 
| 296|0x00000000c2800000, 0x00000000c2800000, 0x00000000c2900000|  0%| F|  |TAMS 0x00000000c2800000, 0x00000000c2800000| Untracked 
| 297|0x00000000c2900000, 0x00000000c2900000, 0x00000000c2a00000|  0%| F|  |TAMS 0x00000000c2900000, 0x00000000c2900000| Untracked 
| 298|0x00000000c2a00000, 0x00000000c2a00000, 0x00000000c2b00000|  0%| F|  |TAMS 0x00000000c2a00000, 0x00000000c2a00000| Untracked 
| 299|0x00000000c2b00000, 0x00000000c2b00000, 0x00000000c2c00000|  0%| F|  |TAMS 0x00000000c2b00000, 0x00000000c2b00000| Untracked 
| 300|0x00000000c2c00000, 0x00000000c2c00000, 0x00000000c2d00000|  0%| F|  |TAMS 0x00000000c2c00000, 0x00000000c2c00000| Untracked 
| 301|0x00000000c2d00000, 0x00000000c2d00000, 0x00000000c2e00000|  0%| F|  |TAMS 0x00000000c2d00000, 0x00000000c2d00000| Untracked 
| 302|0x00000000c2e00000, 0x00000000c2e00000, 0x00000000c2f00000|  0%| F|  |TAMS 0x00000000c2e00000, 0x00000000c2e00000| Untracked 
| 303|0x00000000c2f00000, 0x00000000c2f00000, 0x00000000c3000000|  0%| F|  |TAMS 0x00000000c2f00000, 0x00000000c2f00000| Untracked 
| 304|0x00000000c3000000, 0x00000000c3000000, 0x00000000c3100000|  0%| F|  |TAMS 0x00000000c3000000, 0x00000000c3000000| Untracked 
| 305|0x00000000c3100000, 0x00000000c3100000, 0x00000000c3200000|  0%| F|  |TAMS 0x00000000c3100000, 0x00000000c3100000| Untracked 
| 306|0x00000000c3200000, 0x00000000c3200000, 0x00000000c3300000|  0%| F|  |TAMS 0x00000000c3200000, 0x00000000c3200000| Untracked 
| 307|0x00000000c3300000, 0x00000000c3300000, 0x00000000c3400000|  0%| F|  |TAMS 0x00000000c3300000, 0x00000000c3300000| Untracked 
| 308|0x00000000c3400000, 0x00000000c3500000, 0x00000000c3500000|100%| S|CS|TAMS 0x00000000c3400000, 0x00000000c3400000| Complete 
| 309|0x00000000c3500000, 0x00000000c3600000, 0x00000000c3600000|100%| S|CS|TAMS 0x00000000c3500000, 0x00000000c3500000| Complete 
| 310|0x00000000c3600000, 0x00000000c3700000, 0x00000000c3700000|100%| S|CS|TAMS 0x00000000c3600000, 0x00000000c3600000| Complete 
| 311|0x00000000c3700000, 0x00000000c3800000, 0x00000000c3800000|100%| S|CS|TAMS 0x00000000c3700000, 0x00000000c3700000| Complete 
| 312|0x00000000c3800000, 0x00000000c3900000, 0x00000000c3900000|100%| S|CS|TAMS 0x00000000c3800000, 0x00000000c3800000| Complete 
| 313|0x00000000c3900000, 0x00000000c3900000, 0x00000000c3a00000|  0%| F|  |TAMS 0x00000000c3900000, 0x00000000c3900000| Untracked 
| 314|0x00000000c3a00000, 0x00000000c3a00000, 0x00000000c3b00000|  0%| F|  |TAMS 0x00000000c3a00000, 0x00000000c3a00000| Untracked 
| 315|0x00000000c3b00000, 0x00000000c3b00000, 0x00000000c3c00000|  0%| F|  |TAMS 0x00000000c3b00000, 0x00000000c3b00000| Untracked 
| 316|0x00000000c3c00000, 0x00000000c3c00000, 0x00000000c3d00000|  0%| F|  |TAMS 0x00000000c3c00000, 0x00000000c3c00000| Untracked 
| 317|0x00000000c3d00000, 0x00000000c3d00000, 0x00000000c3e00000|  0%| F|  |TAMS 0x00000000c3d00000, 0x00000000c3d00000| Untracked 
| 318|0x00000000c3e00000, 0x00000000c3e00000, 0x00000000c3f00000|  0%| F|  |TAMS 0x00000000c3e00000, 0x00000000c3e00000| Untracked 
| 319|0x00000000c3f00000, 0x00000000c3f00000, 0x00000000c4000000|  0%| F|  |TAMS 0x00000000c3f00000, 0x00000000c3f00000| Untracked 
| 320|0x00000000c4000000, 0x00000000c4000000, 0x00000000c4100000|  0%| F|  |TAMS 0x00000000c4000000, 0x00000000c4000000| Untracked 
| 321|0x00000000c4100000, 0x00000000c4200000, 0x00000000c4200000|100%| S|CS|TAMS 0x00000000c4100000, 0x00000000c4100000| Complete 
| 322|0x00000000c4200000, 0x00000000c4300000, 0x00000000c4300000|100%| S|CS|TAMS 0x00000000c4200000, 0x00000000c4200000| Complete 
| 323|0x00000000c4300000, 0x00000000c4400000, 0x00000000c4400000|100%| S|CS|TAMS 0x00000000c4300000, 0x00000000c4300000| Complete 
| 324|0x00000000c4400000, 0x00000000c4500000, 0x00000000c4500000|100%| S|CS|TAMS 0x00000000c4400000, 0x00000000c4400000| Complete 
| 325|0x00000000c4500000, 0x00000000c4600000, 0x00000000c4600000|100%| S|CS|TAMS 0x00000000c4500000, 0x00000000c4500000| Complete 
| 326|0x00000000c4600000, 0x00000000c4700000, 0x00000000c4700000|100%| S|CS|TAMS 0x00000000c4600000, 0x00000000c4600000| Complete 
| 327|0x00000000c4700000, 0x00000000c4800000, 0x00000000c4800000|100%| S|CS|TAMS 0x00000000c4700000, 0x00000000c4700000| Complete 
| 328|0x00000000c4800000, 0x00000000c4900000, 0x00000000c4900000|100%| S|CS|TAMS 0x00000000c4800000, 0x00000000c4800000| Complete 
| 329|0x00000000c4900000, 0x00000000c4a00000, 0x00000000c4a00000|100%| S|CS|TAMS 0x00000000c4900000, 0x00000000c4900000| Complete 
| 330|0x00000000c4a00000, 0x00000000c4b00000, 0x00000000c4b00000|100%| S|CS|TAMS 0x00000000c4a00000, 0x00000000c4a00000| Complete 
| 331|0x00000000c4b00000, 0x00000000c4b00000, 0x00000000c4c00000|  0%| F|  |TAMS 0x00000000c4b00000, 0x00000000c4b00000| Untracked 
| 332|0x00000000c4c00000, 0x00000000c4c00000, 0x00000000c4d00000|  0%| F|  |TAMS 0x00000000c4c00000, 0x00000000c4c00000| Untracked 
| 333|0x00000000c4d00000, 0x00000000c4d00000, 0x00000000c4e00000|  0%| F|  |TAMS 0x00000000c4d00000, 0x00000000c4d00000| Untracked 
| 334|0x00000000c4e00000, 0x00000000c4e00000, 0x00000000c4f00000|  0%| F|  |TAMS 0x00000000c4e00000, 0x00000000c4e00000| Untracked 
| 335|0x00000000c4f00000, 0x00000000c4f00000, 0x00000000c5000000|  0%| F|  |TAMS 0x00000000c4f00000, 0x00000000c4f00000| Untracked 
| 336|0x00000000c5000000, 0x00000000c5000000, 0x00000000c5100000|  0%| F|  |TAMS 0x00000000c5000000, 0x00000000c5000000| Untracked 
| 337|0x00000000c5100000, 0x00000000c5100000, 0x00000000c5200000|  0%| F|  |TAMS 0x00000000c5100000, 0x00000000c5100000| Untracked 
| 338|0x00000000c5200000, 0x00000000c5200000, 0x00000000c5300000|  0%| F|  |TAMS 0x00000000c5200000, 0x00000000c5200000| Untracked 
| 339|0x00000000c5300000, 0x00000000c5300000, 0x00000000c5400000|  0%| F|  |TAMS 0x00000000c5300000, 0x00000000c5300000| Untracked 
| 340|0x00000000c5400000, 0x00000000c5400000, 0x00000000c5500000|  0%| F|  |TAMS 0x00000000c5400000, 0x00000000c5400000| Untracked 
| 341|0x00000000c5500000, 0x00000000c5500000, 0x00000000c5600000|  0%| F|  |TAMS 0x00000000c5500000, 0x00000000c5500000| Untracked 
| 342|0x00000000c5600000, 0x00000000c5600000, 0x00000000c5700000|  0%| F|  |TAMS 0x00000000c5600000, 0x00000000c5600000| Untracked 
| 343|0x00000000c5700000, 0x00000000c5700000, 0x00000000c5800000|  0%| F|  |TAMS 0x00000000c5700000, 0x00000000c5700000| Untracked 
| 344|0x00000000c5800000, 0x00000000c5800000, 0x00000000c5900000|  0%| F|  |TAMS 0x00000000c5800000, 0x00000000c5800000| Untracked 
| 345|0x00000000c5900000, 0x00000000c5900000, 0x00000000c5a00000|  0%| F|  |TAMS 0x00000000c5900000, 0x00000000c5900000| Untracked 
| 346|0x00000000c5a00000, 0x00000000c5a00000, 0x00000000c5b00000|  0%| F|  |TAMS 0x00000000c5a00000, 0x00000000c5a00000| Untracked 
| 347|0x00000000c5b00000, 0x00000000c5b00000, 0x00000000c5c00000|  0%| F|  |TAMS 0x00000000c5b00000, 0x00000000c5b00000| Untracked 
| 348|0x00000000c5c00000, 0x00000000c5c00000, 0x00000000c5d00000|  0%| F|  |TAMS 0x00000000c5c00000, 0x00000000c5c00000| Untracked 
| 349|0x00000000c5d00000, 0x00000000c5d00000, 0x00000000c5e00000|  0%| F|  |TAMS 0x00000000c5d00000, 0x00000000c5d00000| Untracked 
| 350|0x00000000c5e00000, 0x00000000c5e00000, 0x00000000c5f00000|  0%| F|  |TAMS 0x00000000c5e00000, 0x00000000c5e00000| Untracked 
| 351|0x00000000c5f00000, 0x00000000c5f00000, 0x00000000c6000000|  0%| F|  |TAMS 0x00000000c5f00000, 0x00000000c5f00000| Untracked 
| 352|0x00000000c6000000, 0x00000000c6000000, 0x00000000c6100000|  0%| F|  |TAMS 0x00000000c6000000, 0x00000000c6000000| Untracked 
| 353|0x00000000c6100000, 0x00000000c6100000, 0x00000000c6200000|  0%| F|  |TAMS 0x00000000c6100000, 0x00000000c6100000| Untracked 
| 354|0x00000000c6200000, 0x00000000c6200000, 0x00000000c6300000|  0%| F|  |TAMS 0x00000000c6200000, 0x00000000c6200000| Untracked 
| 355|0x00000000c6300000, 0x00000000c6300000, 0x00000000c6400000|  0%| F|  |TAMS 0x00000000c6300000, 0x00000000c6300000| Untracked 
| 356|0x00000000c6400000, 0x00000000c6400000, 0x00000000c6500000|  0%| F|  |TAMS 0x00000000c6400000, 0x00000000c6400000| Untracked 
| 357|0x00000000c6500000, 0x00000000c6500000, 0x00000000c6600000|  0%| F|  |TAMS 0x00000000c6500000, 0x00000000c6500000| Untracked 
| 358|0x00000000c6600000, 0x00000000c6600000, 0x00000000c6700000|  0%| F|  |TAMS 0x00000000c6600000, 0x00000000c6600000| Untracked 
| 359|0x00000000c6700000, 0x00000000c6700000, 0x00000000c6800000|  0%| F|  |TAMS 0x00000000c6700000, 0x00000000c6700000| Untracked 
| 360|0x00000000c6800000, 0x00000000c6800000, 0x00000000c6900000|  0%| F|  |TAMS 0x00000000c6800000, 0x00000000c6800000| Untracked 
| 361|0x00000000c6900000, 0x00000000c6900000, 0x00000000c6a00000|  0%| F|  |TAMS 0x00000000c6900000, 0x00000000c6900000| Untracked 
| 362|0x00000000c6a00000, 0x00000000c6a00000, 0x00000000c6b00000|  0%| F|  |TAMS 0x00000000c6a00000, 0x00000000c6a00000| Untracked 
| 363|0x00000000c6b00000, 0x00000000c6b00000, 0x00000000c6c00000|  0%| F|  |TAMS 0x00000000c6b00000, 0x00000000c6b00000| Untracked 
| 364|0x00000000c6c00000, 0x00000000c6c00000, 0x00000000c6d00000|  0%| F|  |TAMS 0x00000000c6c00000, 0x00000000c6c00000| Untracked 
| 365|0x00000000c6d00000, 0x00000000c6d00000, 0x00000000c6e00000|  0%| F|  |TAMS 0x00000000c6d00000, 0x00000000c6d00000| Untracked 
| 366|0x00000000c6e00000, 0x00000000c6e00000, 0x00000000c6f00000|  0%| F|  |TAMS 0x00000000c6e00000, 0x00000000c6e00000| Untracked 
| 367|0x00000000c6f00000, 0x00000000c6f00000, 0x00000000c7000000|  0%| F|  |TAMS 0x00000000c6f00000, 0x00000000c6f00000| Untracked 
| 368|0x00000000c7000000, 0x00000000c7000000, 0x00000000c7100000|  0%| F|  |TAMS 0x00000000c7000000, 0x00000000c7000000| Untracked 
| 369|0x00000000c7100000, 0x00000000c7100000, 0x00000000c7200000|  0%| F|  |TAMS 0x00000000c7100000, 0x00000000c7100000| Untracked 
| 370|0x00000000c7200000, 0x00000000c7200000, 0x00000000c7300000|  0%| F|  |TAMS 0x00000000c7200000, 0x00000000c7200000| Untracked 
| 371|0x00000000c7300000, 0x00000000c7300000, 0x00000000c7400000|  0%| F|  |TAMS 0x00000000c7300000, 0x00000000c7300000| Untracked 
| 372|0x00000000c7400000, 0x00000000c7400000, 0x00000000c7500000|  0%| F|  |TAMS 0x00000000c7400000, 0x00000000c7400000| Untracked 
| 373|0x00000000c7500000, 0x00000000c7500000, 0x00000000c7600000|  0%| F|  |TAMS 0x00000000c7500000, 0x00000000c7500000| Untracked 
| 374|0x00000000c7600000, 0x00000000c7600000, 0x00000000c7700000|  0%| F|  |TAMS 0x00000000c7600000, 0x00000000c7600000| Untracked 
| 375|0x00000000c7700000, 0x00000000c7700000, 0x00000000c7800000|  0%| F|  |TAMS 0x00000000c7700000, 0x00000000c7700000| Untracked 
| 376|0x00000000c7800000, 0x00000000c7800000, 0x00000000c7900000|  0%| F|  |TAMS 0x00000000c7800000, 0x00000000c7800000| Untracked 
| 377|0x00000000c7900000, 0x00000000c7900000, 0x00000000c7a00000|  0%| F|  |TAMS 0x00000000c7900000, 0x00000000c7900000| Untracked 
| 378|0x00000000c7a00000, 0x00000000c7a00000, 0x00000000c7b00000|  0%| F|  |TAMS 0x00000000c7a00000, 0x00000000c7a00000| Untracked 
| 379|0x00000000c7b00000, 0x00000000c7b00000, 0x00000000c7c00000|  0%| F|  |TAMS 0x00000000c7b00000, 0x00000000c7b00000| Untracked 
| 380|0x00000000c7c00000, 0x00000000c7c00000, 0x00000000c7d00000|  0%| F|  |TAMS 0x00000000c7c00000, 0x00000000c7c00000| Untracked 
| 381|0x00000000c7d00000, 0x00000000c7d00000, 0x00000000c7e00000|  0%| F|  |TAMS 0x00000000c7d00000, 0x00000000c7d00000| Untracked 
| 382|0x00000000c7e00000, 0x00000000c7e00000, 0x00000000c7f00000|  0%| F|  |TAMS 0x00000000c7e00000, 0x00000000c7e00000| Untracked 
| 383|0x00000000c7f00000, 0x00000000c7f00000, 0x00000000c8000000|  0%| F|  |TAMS 0x00000000c7f00000, 0x00000000c7f00000| Untracked 
| 384|0x00000000c8000000, 0x00000000c8000000, 0x00000000c8100000|  0%| F|  |TAMS 0x00000000c8000000, 0x00000000c8000000| Untracked 
| 385|0x00000000c8100000, 0x00000000c8100000, 0x00000000c8200000|  0%| F|  |TAMS 0x00000000c8100000, 0x00000000c8100000| Untracked 
| 386|0x00000000c8200000, 0x00000000c8200000, 0x00000000c8300000|  0%| F|  |TAMS 0x00000000c8200000, 0x00000000c8200000| Untracked 
| 387|0x00000000c8300000, 0x00000000c8300000, 0x00000000c8400000|  0%| F|  |TAMS 0x00000000c8300000, 0x00000000c8300000| Untracked 
| 388|0x00000000c8400000, 0x00000000c8400000, 0x00000000c8500000|  0%| F|  |TAMS 0x00000000c8400000, 0x00000000c8400000| Untracked 
| 389|0x00000000c8500000, 0x00000000c8500000, 0x00000000c8600000|  0%| F|  |TAMS 0x00000000c8500000, 0x00000000c8500000| Untracked 
| 390|0x00000000c8600000, 0x00000000c8600000, 0x00000000c8700000|  0%| F|  |TAMS 0x00000000c8600000, 0x00000000c8600000| Untracked 
| 391|0x00000000c8700000, 0x00000000c8700000, 0x00000000c8800000|  0%| F|  |TAMS 0x00000000c8700000, 0x00000000c8700000| Untracked 
| 392|0x00000000c8800000, 0x00000000c8800000, 0x00000000c8900000|  0%| F|  |TAMS 0x00000000c8800000, 0x00000000c8800000| Untracked 
| 393|0x00000000c8900000, 0x00000000c8900000, 0x00000000c8a00000|  0%| F|  |TAMS 0x00000000c8900000, 0x00000000c8900000| Untracked 
| 394|0x00000000c8a00000, 0x00000000c8a00000, 0x00000000c8b00000|  0%| F|  |TAMS 0x00000000c8a00000, 0x00000000c8a00000| Untracked 
| 395|0x00000000c8b00000, 0x00000000c8b00000, 0x00000000c8c00000|  0%| F|  |TAMS 0x00000000c8b00000, 0x00000000c8b00000| Untracked 
| 396|0x00000000c8c00000, 0x00000000c8c00000, 0x00000000c8d00000|  0%| F|  |TAMS 0x00000000c8c00000, 0x00000000c8c00000| Untracked 
| 397|0x00000000c8d00000, 0x00000000c8d00000, 0x00000000c8e00000|  0%| F|  |TAMS 0x00000000c8d00000, 0x00000000c8d00000| Untracked 
| 398|0x00000000c8e00000, 0x00000000c8e00000, 0x00000000c8f00000|  0%| F|  |TAMS 0x00000000c8e00000, 0x00000000c8e00000| Untracked 
| 399|0x00000000c8f00000, 0x00000000c8f00000, 0x00000000c9000000|  0%| F|  |TAMS 0x00000000c8f00000, 0x00000000c8f00000| Untracked 
| 400|0x00000000c9000000, 0x00000000c9000000, 0x00000000c9100000|  0%| F|  |TAMS 0x00000000c9000000, 0x00000000c9000000| Untracked 
| 401|0x00000000c9100000, 0x00000000c9100000, 0x00000000c9200000|  0%| F|  |TAMS 0x00000000c9100000, 0x00000000c9100000| Untracked 
| 402|0x00000000c9200000, 0x00000000c9200000, 0x00000000c9300000|  0%| F|  |TAMS 0x00000000c9200000, 0x00000000c9200000| Untracked 
| 403|0x00000000c9300000, 0x00000000c9300000, 0x00000000c9400000|  0%| F|  |TAMS 0x00000000c9300000, 0x00000000c9300000| Untracked 
| 404|0x00000000c9400000, 0x00000000c9400000, 0x00000000c9500000|  0%| F|  |TAMS 0x00000000c9400000, 0x00000000c9400000| Untracked 
| 405|0x00000000c9500000, 0x00000000c9500000, 0x00000000c9600000|  0%| F|  |TAMS 0x00000000c9500000, 0x00000000c9500000| Untracked 
| 406|0x00000000c9600000, 0x00000000c9600000, 0x00000000c9700000|  0%| F|  |TAMS 0x00000000c9600000, 0x00000000c9600000| Untracked 
| 407|0x00000000c9700000, 0x00000000c9700000, 0x00000000c9800000|  0%| F|  |TAMS 0x00000000c9700000, 0x00000000c9700000| Untracked 
| 408|0x00000000c9800000, 0x00000000c9800000, 0x00000000c9900000|  0%| F|  |TAMS 0x00000000c9800000, 0x00000000c9800000| Untracked 
| 409|0x00000000c9900000, 0x00000000c9900000, 0x00000000c9a00000|  0%| F|  |TAMS 0x00000000c9900000, 0x00000000c9900000| Untracked 
| 410|0x00000000c9a00000, 0x00000000c9a00000, 0x00000000c9b00000|  0%| F|  |TAMS 0x00000000c9a00000, 0x00000000c9a00000| Untracked 
| 411|0x00000000c9b00000, 0x00000000c9b00000, 0x00000000c9c00000|  0%| F|  |TAMS 0x00000000c9b00000, 0x00000000c9b00000| Untracked 
| 412|0x00000000c9c00000, 0x00000000c9c00000, 0x00000000c9d00000|  0%| F|  |TAMS 0x00000000c9c00000, 0x00000000c9c00000| Untracked 
| 413|0x00000000c9d00000, 0x00000000c9d00000, 0x00000000c9e00000|  0%| F|  |TAMS 0x00000000c9d00000, 0x00000000c9d00000| Untracked 
| 414|0x00000000c9e00000, 0x00000000c9e00000, 0x00000000c9f00000|  0%| F|  |TAMS 0x00000000c9e00000, 0x00000000c9e00000| Untracked 
| 415|0x00000000c9f00000, 0x00000000c9f00000, 0x00000000ca000000|  0%| F|  |TAMS 0x00000000c9f00000, 0x00000000c9f00000| Untracked 
| 416|0x00000000ca000000, 0x00000000ca000000, 0x00000000ca100000|  0%| F|  |TAMS 0x00000000ca000000, 0x00000000ca000000| Untracked 
| 417|0x00000000ca100000, 0x00000000ca100000, 0x00000000ca200000|  0%| F|  |TAMS 0x00000000ca100000, 0x00000000ca100000| Untracked 
| 418|0x00000000ca200000, 0x00000000ca200000, 0x00000000ca300000|  0%| F|  |TAMS 0x00000000ca200000, 0x00000000ca200000| Untracked 
| 419|0x00000000ca300000, 0x00000000ca300000, 0x00000000ca400000|  0%| F|  |TAMS 0x00000000ca300000, 0x00000000ca300000| Untracked 
| 420|0x00000000ca400000, 0x00000000ca400000, 0x00000000ca500000|  0%| F|  |TAMS 0x00000000ca400000, 0x00000000ca400000| Untracked 
| 421|0x00000000ca500000, 0x00000000ca500000, 0x00000000ca600000|  0%| F|  |TAMS 0x00000000ca500000, 0x00000000ca500000| Untracked 
| 422|0x00000000ca600000, 0x00000000ca600000, 0x00000000ca700000|  0%| F|  |TAMS 0x00000000ca600000, 0x00000000ca600000| Untracked 
| 423|0x00000000ca700000, 0x00000000ca700000, 0x00000000ca800000|  0%| F|  |TAMS 0x00000000ca700000, 0x00000000ca700000| Untracked 
| 424|0x00000000ca800000, 0x00000000ca800000, 0x00000000ca900000|  0%| F|  |TAMS 0x00000000ca800000, 0x00000000ca800000| Untracked 
| 425|0x00000000ca900000, 0x00000000ca900000, 0x00000000caa00000|  0%| F|  |TAMS 0x00000000ca900000, 0x00000000ca900000| Untracked 
| 426|0x00000000caa00000, 0x00000000caa00000, 0x00000000cab00000|  0%| F|  |TAMS 0x00000000caa00000, 0x00000000caa00000| Untracked 
| 427|0x00000000cab00000, 0x00000000cab00000, 0x00000000cac00000|  0%| F|  |TAMS 0x00000000cab00000, 0x00000000cab00000| Untracked 
|1278|0x00000000ffe00000, 0x00000000ffe75000, 0x00000000fff00000| 45%|OA|  |TAMS 0x00000000ffe75000, 0x00000000ffe00000| Untracked 
|1279|0x00000000fff00000, 0x00000000fff78000, 0x0000000100000000| 46%|CA|  |TAMS 0x00000000fff78000, 0x00000000fff00000| Untracked 

Card table byte_map: [0x00007f6f315de000,0x00007f6f3185e000] _byte_map_base: 0x00007f6f3105e000

Marking Bits (Prev, Next): (CMBitMap*) 0x00007f6f2c05fc50, (CMBitMap*) 0x00007f6f2c05fc10
 Prev Bits: [0x00007f6f12d11000, 0x00007f6f14111000)
 Next Bits: [0x00007f6f14111000, 0x00007f6f15511000)

Polling page: 0x00007f6f338a1000

Metaspace:

Usage:
  Non-class:     83.47 MB used.
      Class:     13.73 MB used.
       Both:     97.20 MB used.

Virtual space:
  Non-class space:      128.00 MB reserved,      83.94 MB ( 66%) committed,  2 nodes.
      Class space:      624.00 MB reserved,      14.12 MB (  2%) committed,  1 nodes.
             Both:      752.00 MB reserved,      98.06 MB ( 13%) committed. 

Chunk freelists:
   Non-Class:  11.67 MB
       Class:  1.69 MB
        Both:  13.37 MB

MaxMetaspaceSize: 768.00 MB
CompressedClassSpaceSize: 624.00 MB
Initial GC threshold: 21.00 MB
Current GC threshold: 156.50 MB
CDS: on
MetaspaceReclaimPolicy: balanced
 - commit_granule_bytes: 65536.
 - commit_granule_words: 8192.
 - virtual_space_node_default_size: 8388608.
 - enlarge_chunks_in_place: 1.
 - new_chunks_are_fully_committed: 0.
 - uncommit_free_chunks: 1.
 - use_allocation_guard: 0.
 - handle_deallocations: 1.


Internal statistics:

num_allocs_failed_limit: 6.
num_arena_births: 1178.
num_arena_deaths: 0.
num_vsnodes_births: 3.
num_vsnodes_deaths: 0.
num_space_committed: 1569.
num_space_uncommitted: 0.
num_chunks_returned_to_freelist: 6.
num_chunks_taken_from_freelist: 5464.
num_chunk_merges: 6.
num_chunk_splits: 3579.
num_chunks_enlarged: 2391.
num_inconsistent_stats: 0.

CodeHeap 'non-profiled nmethods': size=120036Kb used=5702Kb max_used=5702Kb free=114333Kb
 bounds [0x00007f6f1cfd8000, 0x00007f6f1d578000, 0x00007f6f24511000]
CodeHeap 'profiled nmethods': size=120032Kb used=21707Kb max_used=21707Kb free=98324Kb
 bounds [0x00007f6f15511000, 0x00007f6f16a51000, 0x00007f6f1ca49000]
CodeHeap 'non-nmethods': size=5692Kb used=1720Kb max_used=1791Kb free=3972Kb
 bounds [0x00007f6f1ca49000, 0x00007f6f1ccb9000, 0x00007f6f1cfd8000]
 total_blobs=12433 nmethods=11627 adapters=719
 compilation: enabled
              stopped_count=0, restarted_count=0
 full_count=0

Compilation events (20 events):
Event: 39.371 Thread 0x00007f6f2c0c3e20 13789       2       com.android.tools.r8.internal.JB::c (123 bytes)
Event: 39.371 Thread 0x00007f6f2c0c3e20 nmethod 13789 0x00007f6f16a3f090 code [0x00007f6f16a3f2c0, 0x00007f6f16a3f8e0]
Event: 39.371 Thread 0x00007f6f2c0c3e20 13787       2       com.android.tools.r8.internal.KB::b (57 bytes)
Event: 39.372 Thread 0x00007f6f2c0c3e20 nmethod 13787 0x00007f6f16a3fc10 code [0x00007f6f16a3fde0, 0x00007f6f16a400d0]
Event: 39.490 Thread 0x00007f6f2c0c3e20 13791       3       java.util.IdentityHashMap::put (137 bytes)
Event: 39.491 Thread 0x00007f6f2c0c3e20 nmethod 13791 0x00007f6f16a40290 code [0x00007f6f16a404c0, 0x00007f6f16a40f90]
Event: 39.562 Thread 0x00007f6f2c0c3e20 13793       2       com.android.tools.r8.graph.B1::a (13 bytes)
Event: 39.562 Thread 0x00007f6f2c0c3e20 nmethod 13793 0x00007f6f16a41310 code [0x00007f6f16a414e0, 0x00007f6f16a41700]
Event: 39.565 Thread 0x00007f6f2c0c3e20 13794       3       java.lang.invoke.MethodHandles$Lookup::getDirectMethodNoSecurityManager (18 bytes)
Event: 39.565 Thread 0x00007f6f2c0c3e20 nmethod 13794 0x00007f6f16a41890 code [0x00007f6f16a41a40, 0x00007f6f16a41b80]
Event: 39.576 Thread 0x00007f6f2c0c3e20 13795       2       com.android.tools.r8.graph.E2::get (2 bytes)
Event: 39.576 Thread 0x00007f6f2c0c3e20 nmethod 13795 0x00007f6f16a41c10 code [0x00007f6f16a41da0, 0x00007f6f16a41eb0]
Event: 39.577 Thread 0x00007f6f2c0c3e20 13796       2       com.android.tools.r8.synthesis.I$$Lambda$1948/0x00007f6ed5e414b8::accept (16 bytes)
Event: 39.577 Thread 0x00007f6f2c0c3e20 nmethod 13796 0x00007f6f16a41f90 code [0x00007f6f16a42140, 0x00007f6f16a422a0]
Event: 39.577 Thread 0x00007f6f2c0c3e20 13798       2       com.android.tools.r8.synthesis.K::b (251 bytes)
Event: 39.582 Thread 0x00007f6f2c0c3e20 nmethod 13798 0x00007f6f16a42390 code [0x00007f6f16a42660, 0x00007f6f16a43080]
Event: 39.582 Thread 0x00007f6f2c0c3e20 13797       2       com.android.tools.r8.synthesis.I::a (54 bytes)
Event: 39.582 Thread 0x00007f6f2c0c3e20 nmethod 13797 0x00007f6f16a43790 code [0x00007f6f16a43940, 0x00007f6f16a43a90]
Event: 39.582 Thread 0x00007f6f2c0c3e20 13799       2       com.android.tools.r8.graph.E2::S1 (16 bytes)
Event: 39.582 Thread 0x00007f6f2c0c3e20 nmethod 13799 0x00007f6f16a43b90 code [0x00007f6f16a43d20, 0x00007f6f16a43e50]

GC Heap History (20 events):
Event: 33.795 GC heap after
{Heap after GC invocations=46 (full 0):
 garbage-first heap   total 222208K, used 96630K [0x00000000b0000000, 0x0000000100000000)
  region size 1024K, 11 young (11264K), 11 survivors (11264K)
 Metaspace       used 93764K, committed 94528K, reserved 770048K
  class space    used 13227K, committed 13568K, reserved 638976K
}
Event: 33.859 GC heap before
{Heap before GC invocations=46 (full 0):
 garbage-first heap   total 222208K, used 97654K [0x00000000b0000000, 0x0000000100000000)
  region size 1024K, 12 young (12288K), 11 survivors (11264K)
 Metaspace       used 93764K, committed 94528K, reserved 770048K
  class space    used 13227K, committed 13568K, reserved 638976K
}
Event: 33.883 GC heap after
{Heap after GC invocations=47 (full 0):
 garbage-first heap   total 222208K, used 97077K [0x00000000b0000000, 0x0000000100000000)
  region size 1024K, 1 young (1024K), 1 survivors (1024K)
 Metaspace       used 93764K, committed 94528K, reserved 770048K
  class space    used 13227K, committed 13568K, reserved 638976K
}
Event: 35.486 GC heap before
{Heap before GC invocations=47 (full 0):
 garbage-first heap   total 222208K, used 183093K [0x00000000b0000000, 0x0000000100000000)
  region size 1024K, 84 young (86016K), 1 survivors (1024K)
 Metaspace       used 94465K, committed 95232K, reserved 770048K
  class space    used 13354K, committed 13696K, reserved 638976K
}
Event: 35.553 GC heap after
{Heap after GC invocations=48 (full 0):
 garbage-first heap   total 222208K, used 107034K [0x00000000b0000000, 0x0000000100000000)
  region size 1024K, 9 young (9216K), 9 survivors (9216K)
 Metaspace       used 94465K, committed 95232K, reserved 770048K
  class space    used 13354K, committed 13696K, reserved 638976K
}
Event: 35.677 GC heap before
{Heap before GC invocations=48 (full 0):
 garbage-first heap   total 222208K, used 179738K [0x00000000b0000000, 0x0000000100000000)
  region size 1024K, 81 young (82944K), 9 survivors (9216K)
 Metaspace       used 94467K, committed 95232K, reserved 770048K
  class space    used 13355K, committed 13696K, reserved 638976K
}
Event: 35.689 GC heap after
{Heap after GC invocations=49 (full 0):
 garbage-first heap   total 222208K, used 125295K [0x00000000b0000000, 0x0000000100000000)
  region size 1024K, 11 young (11264K), 11 survivors (11264K)
 Metaspace       used 94467K, committed 95232K, reserved 770048K
  class space    used 13355K, committed 13696K, reserved 638976K
}
Event: 35.870 GC heap before
{Heap before GC invocations=49 (full 0):
 garbage-first heap   total 222208K, used 176495K [0x00000000b0000000, 0x0000000100000000)
  region size 1024K, 61 young (62464K), 11 survivors (11264K)
 Metaspace       used 94746K, committed 95552K, reserved 770048K
  class space    used 13389K, committed 13760K, reserved 638976K
}
Event: 35.878 GC heap after
{Heap after GC invocations=50 (full 0):
 garbage-first heap   total 222208K, used 139188K [0x00000000b0000000, 0x0000000100000000)
  region size 1024K, 8 young (8192K), 8 survivors (8192K)
 Metaspace       used 94746K, committed 95552K, reserved 770048K
  class space    used 13389K, committed 13760K, reserved 638976K
}
Event: 35.983 GC heap before
{Heap before GC invocations=50 (full 0):
 garbage-first heap   total 222208K, used 177076K [0x00000000b0000000, 0x0000000100000000)
  region size 1024K, 46 young (47104K), 8 survivors (8192K)
 Metaspace       used 95033K, committed 95808K, reserved 770048K
  class space    used 13418K, committed 13760K, reserved 638976K
}
Event: 35.989 GC heap after
{Heap after GC invocations=51 (full 0):
 garbage-first heap   total 440320K, used 149940K [0x00000000b0000000, 0x0000000100000000)
  region size 1024K, 6 young (6144K), 6 survivors (6144K)
 Metaspace       used 95033K, committed 95808K, reserved 770048K
  class space    used 13418K, committed 13760K, reserved 638976K
}
Event: 36.809 GC heap before
{Heap before GC invocations=52 (full 0):
 garbage-first heap   total 440320K, used 317876K [0x00000000b0000000, 0x0000000100000000)
  region size 1024K, 170 young (174080K), 6 survivors (6144K)
 Metaspace       used 96101K, committed 96960K, reserved 770048K
  class space    used 13586K, committed 14016K, reserved 638976K
}
Event: 36.871 GC heap after
{Heap after GC invocations=53 (full 0):
 garbage-first heap   total 440320K, used 194484K [0x00000000b0000000, 0x0000000100000000)
  region size 1024K, 22 young (22528K), 22 survivors (22528K)
 Metaspace       used 96101K, committed 96960K, reserved 770048K
  class space    used 13586K, committed 14016K, reserved 638976K
}
Event: 36.873 GC heap before
{Heap before GC invocations=53 (full 0):
 garbage-first heap   total 440320K, used 194484K [0x00000000b0000000, 0x0000000100000000)
  region size 1024K, 23 young (23552K), 22 survivors (22528K)
 Metaspace       used 96107K, committed 96960K, reserved 770048K
  class space    used 13587K, committed 14016K, reserved 638976K
}
Event: 36.882 GC heap after
{Heap after GC invocations=54 (full 0):
 garbage-first heap   total 440320K, used 196020K [0x00000000b0000000, 0x0000000100000000)
  region size 1024K, 1 young (1024K), 1 survivors (1024K)
 Metaspace       used 96107K, committed 96960K, reserved 770048K
  class space    used 13587K, committed 14016K, reserved 638976K
}
Event: 38.287 GC heap before
{Heap before GC invocations=54 (full 0):
 garbage-first heap   total 440320K, used 311732K [0x00000000b0000000, 0x0000000100000000)
  region size 1024K, 115 young (117760K), 1 survivors (1024K)
 Metaspace       used 98170K, committed 99008K, reserved 770048K
  class space    used 13848K, committed 14272K, reserved 638976K
}
Event: 38.369 GC heap after
{Heap after GC invocations=55 (full 0):
 garbage-first heap   total 440320K, used 218036K [0x00000000b0000000, 0x0000000100000000)
  region size 1024K, 15 young (15360K), 15 survivors (15360K)
 Metaspace       used 98170K, committed 99008K, reserved 770048K
  class space    used 13848K, committed 14272K, reserved 638976K
}
Event: 38.963 GC heap before
{Heap before GC invocations=55 (full 0):
 garbage-first heap   total 440320K, used 327604K [0x00000000b0000000, 0x0000000100000000)
  region size 1024K, 122 young (124928K), 15 survivors (15360K)
 Metaspace       used 98189K, committed 99008K, reserved 770048K
  class space    used 13849K, committed 14272K, reserved 638976K
}
Event: 39.068 GC heap after
{Heap after GC invocations=56 (full 0):
 garbage-first heap   total 440320K, used 241588K [0x00000000b0000000, 0x0000000100000000)
  region size 1024K, 16 young (16384K), 16 survivors (16384K)
 Metaspace       used 98189K, committed 99008K, reserved 770048K
  class space    used 13849K, committed 14272K, reserved 638976K
}
Event: 39.676 GC heap before
{Heap before GC invocations=56 (full 0):
 garbage-first heap   total 440320K, used 340916K [0x00000000b0000000, 0x0000000100000000)
  region size 1024K, 113 young (115712K), 16 survivors (16384K)
 Metaspace       used 99530K, committed 100416K, reserved 770048K
  class space    used 14055K, committed 14464K, reserved 638976K
}

Dll operation events (14 events):
Event: 0.003 Loaded shared library /usr/lib/jvm/java-17-openjdk-amd64/lib/libjava.so
Event: 0.069 Loaded shared library /usr/lib/jvm/java-17-openjdk-amd64/lib/libjsvml.so
Event: 0.154 Loaded shared library /usr/lib/jvm/java-17-openjdk-amd64/lib/libzip.so
Event: 0.157 Loaded shared library /usr/lib/jvm/java-17-openjdk-amd64/lib/libinstrument.so
Event: 0.160 Loaded shared library /usr/lib/jvm/java-17-openjdk-amd64/lib/libnio.so
Event: 0.162 Loaded shared library /usr/lib/jvm/java-17-openjdk-amd64/lib/libzip.so
Event: 0.402 Loaded shared library /usr/lib/jvm/java-17-openjdk-amd64/lib/libjimage.so
Event: 0.681 Loaded shared library /usr/lib/jvm/java-17-openjdk-amd64/lib/libverify.so
Event: 0.887 Loaded shared library /usr/lib/jvm/java-17-openjdk-amd64/lib/libnet.so
Event: 0.888 Loaded shared library /root/.gradle/native/c067742578af261105cb4f569cf0c3c89f3d7b1fecec35dd04571415982c5e48/linux-amd64/libnative-platform.so
Event: 0.896 Loaded shared library /root/.gradle/native/100fb08df4bc3b14c8652ba06237920a3bd2aa13389f12d3474272988ae205f9/linux-amd64/libnative-platform-file-events.so
Event: 2.498 Loaded shared library /usr/lib/jvm/java-17-openjdk-amd64/lib/libmanagement.so
Event: 2.500 Loaded shared library /usr/lib/jvm/java-17-openjdk-amd64/lib/libmanagement_ext.so
Event: 2.701 Loaded shared library /usr/lib/jvm/java-17-openjdk-amd64/lib/libextnet.so

Deoptimization events (20 events):
Event: 37.978 Thread 0x00007f6f040069a0 DEOPT PACKING pc=0x00007f6f1687e888 sp=0x00007f6eae8df420
Event: 37.978 Thread 0x00007f6f040069a0 DEOPT UNPACKING pc=0x00007f6f1caa364f sp=0x00007f6eae8de968 mode 0
Event: 37.979 Thread 0x00007f6efd4c9950 DEOPT PACKING pc=0x00007f6f1687e9c0 sp=0x00007f6eaede7010
Event: 37.979 Thread 0x00007f6efd4c9950 DEOPT UNPACKING pc=0x00007f6f1caa364f sp=0x00007f6eaede6558 mode 0
Event: 38.076 Thread 0x00007f6efd4c9950 Uncommon trap: trap_request=0xffffff45 fr.pc=0x00007f6f1d54c6dc relative=0x000000000000091c
Event: 38.076 Thread 0x00007f6efd4c9950 Uncommon trap: reason=unstable_if action=reinterpret pc=0x00007f6f1d54c6dc method=com.android.tools.r8.graph.G3.e()V @ 132 c2
Event: 38.076 Thread 0x00007f6efd4c9950 DEOPT PACKING pc=0x00007f6f1d54c6dc sp=0x00007f6eaede7040
Event: 38.076 Thread 0x00007f6efd4c9950 DEOPT UNPACKING pc=0x00007f6f1caa2b19 sp=0x00007f6eaede7038 mode 2
Event: 38.491 Thread 0x00007f6efd4c9950 Uncommon trap: trap_request=0xffffff45 fr.pc=0x00007f6f1d550fb8 relative=0x0000000000001618
Event: 38.491 Thread 0x00007f6efd4c9950 Uncommon trap: reason=unstable_if action=reinterpret pc=0x00007f6f1d550fb8 method=com.android.tools.r8.internal.Nk.d(Ljava/lang/String;)I @ 100 c2
Event: 38.491 Thread 0x00007f6efd4c9950 DEOPT PACKING pc=0x00007f6f1d550fb8 sp=0x00007f6eaede7520
Event: 38.491 Thread 0x00007f6efd4c9950 DEOPT UNPACKING pc=0x00007f6f1caa2b19 sp=0x00007f6eaede7470 mode 2
Event: 38.491 Thread 0x00007f6efd4c9950 Uncommon trap: trap_request=0xffffff45 fr.pc=0x00007f6f1d54e640 relative=0x0000000000000580
Event: 38.491 Thread 0x00007f6efd4c9950 Uncommon trap: reason=unstable_if action=reinterpret pc=0x00007f6f1d54e640 method=com.android.tools.r8.internal.Nk.d(Ljava/lang/String;)I @ 100 c2
Event: 38.491 Thread 0x00007f6efd4c9950 DEOPT PACKING pc=0x00007f6f1d54e640 sp=0x00007f6eaede7790
Event: 38.491 Thread 0x00007f6efd4c9950 DEOPT UNPACKING pc=0x00007f6f1caa2b19 sp=0x00007f6eaede7740 mode 2
Event: 39.489 Thread 0x00007f6efd4c9950 Uncommon trap: trap_request=0xffffff45 fr.pc=0x00007f6f1d568540 relative=0x0000000000000400
Event: 39.489 Thread 0x00007f6efd4c9950 Uncommon trap: reason=unstable_if action=reinterpret pc=0x00007f6f1d568540 method=java.util.IdentityHashMap.put(Ljava/lang/Object;Ljava/lang/Object;)Ljava/lang/Object; @ 90 c2
Event: 39.489 Thread 0x00007f6efd4c9950 DEOPT PACKING pc=0x00007f6f1d568540 sp=0x00007f6eaede8260
Event: 39.489 Thread 0x00007f6efd4c9950 DEOPT UNPACKING pc=0x00007f6f1caa2b19 sp=0x00007f6eaede81f0 mode 2

Classes loaded (20 events):
Event: 32.782 Loading class java/util/concurrent/ConcurrentSkipListMap$KeyIterator
Event: 32.782 Loading class java/util/concurrent/ConcurrentSkipListMap$KeyIterator done
Event: 33.269 Loading class java/nio/file/FileTreeWalker$1
Event: 33.269 Loading class java/nio/file/FileTreeWalker$1 done
Event: 35.171 Loading class sun/nio/fs/Globs
Event: 35.171 Loading class sun/nio/fs/Globs done
Event: 35.171 Loading class sun/nio/fs/UnixFileSystem$3
Event: 35.171 Loading class sun/nio/fs/UnixFileSystem$3 done
Event: 35.401 Loading class java/util/zip/ZipInputStream
Event: 35.401 Loading class java/util/zip/ZipInputStream done
Event: 36.052 Loading class java/io/UTFDataFormatException
Event: 36.052 Loading class java/io/UTFDataFormatException done
Event: 36.575 Loading class java/util/stream/IntPipeline$1
Event: 36.575 Loading class java/util/stream/IntPipeline$1 done
Event: 36.576 Loading class java/util/stream/IntPipeline$1$1
Event: 36.577 Loading class java/util/stream/IntPipeline$1$1 done
Event: 36.597 Loading class java/util/concurrent/RejectedExecutionException
Event: 36.597 Loading class java/util/concurrent/RejectedExecutionException done
Event: 39.089 Loading class java/util/concurrent/ConcurrentLinkedQueue$Itr
Event: 39.089 Loading class java/util/concurrent/ConcurrentLinkedQueue$Itr done

Classes unloaded (0 events):
No events

Classes redefined (0 events):
No events

Internal exceptions (20 events):
Event: 30.089 Thread 0x00007f6f040069a0 Exception <a 'java/lang/IncompatibleClassChangeError'{0x00000000b849e678}: Found class java.lang.Object, but interface was expected> (0x00000000b849e678) 
thrown [./src/hotspot/share/interpreter/linkResolver.cpp, line 826]
Event: 30.155 Thread 0x00007f6f040069a0 Exception <a 'java/lang/NoSuchMethodError'{0x00000000b82003c0}: 'int java.lang.invoke.DirectMethodHandle$Holder.invokeStaticInit(java.lang.Object, java.lang.Object, java.lang.Object, java.lang.Object, java.lang.Object)'> (0x00000000b82003c0) 
thrown [./src/hotspot/share/interpreter/linkResolver.cpp, line 758]
Event: 30.575 Thread 0x00007f6efe66dab0 Exception <a 'java/lang/NoSuchMethodError'{0x00000000b79a7618}: 'int java.lang.invoke.DirectMethodHandle$Holder.invokeSpecial(java.lang.Object, java.lang.Object, int)'> (0x00000000b79a7618) 
thrown [./src/hotspot/share/interpreter/linkResolver.cpp, line 758]
Event: 32.059 Thread 0x00007f6f040069a0 Exception <a 'sun/nio/fs/UnixException'{0x00000000bc2b2530}> (0x00000000bc2b2530) 
thrown [./src/hotspot/share/prims/jni.cpp, line 516]
Event: 32.085 Thread 0x00007f6f040069a0 Implicit null exception at 0x00007f6f1d47a960 to 0x00007f6f1d47a9f4
Event: 32.785 Thread 0x00007f6efe66dab0 Exception <a 'java/lang/NoSuchMethodError'{0x00000000ba6f9eb0}: static Lcom/android/build/gradle/internal/scope/InternalArtifactType;.<clinit>()V> (0x00000000ba6f9eb0) 
thrown [./src/hotspot/share/prims/jni.cpp, line 1112]
Event: 32.786 Thread 0x00007f6efe66dab0 Exception <a 'java/lang/NoSuchMethodError'{0x00000000ba6fb950}: static Lcom/android/build/gradle/internal/scope/InternalArtifactType;.<clinit>()V> (0x00000000ba6fb950) 
thrown [./src/hotspot/share/prims/jni.cpp, line 1112]
Event: 32.786 Thread 0x00007f6efe66dab0 Exception <a 'java/lang/NoSuchMethodError'{0x00000000ba560760}: static Lcom/android/build/api/artifact/Artifact$Single;.<clinit>()V> (0x00000000ba560760) 
thrown [./src/hotspot/share/prims/jni.cpp, line 1112]
Event: 32.787 Thread 0x00007f6efe66dab0 Exception <a 'java/lang/NoSuchMethodError'{0x00000000ba563048}: static Ljava/lang/Object;.<clinit>()V> (0x00000000ba563048) 
thrown [./src/hotspot/share/prims/jni.cpp, line 1112]
Event: 32.788 Thread 0x00007f6efe66dab0 Exception <a 'java/lang/NoSuchMethodError'{0x00000000ba57f188}: static Lcom/android/build/api/artifact/ArtifactKind;.<clinit>()V> (0x00000000ba57f188) 
thrown [./src/hotspot/share/prims/jni.cpp, line 1112]
Event: 32.788 Thread 0x00007f6efe66dab0 Exception <a 'java/lang/NoSuchMethodError'{0x00000000ba580690}: static Lcom/android/build/api/artifact/ArtifactKind;.<clinit>()V> (0x00000000ba580690) 
thrown [./src/hotspot/share/prims/jni.cpp, line 1112]
Event: 33.284 Thread 0x00007f6f040069a0 Exception <a 'java/lang/NoSuchMethodError'{0x00000000b8e34078}: 'int java.lang.invoke.DirectMethodHandle$Holder.invokeSpecial(java.lang.Object, java.lang.Object, java.lang.Object, java.lang.Object, java.lang.Object)'> (0x00000000b8e34078) 
thrown [./src/hotspot/share/interpreter/linkResolver.cpp, line 758]
Event: 33.702 Thread 0x00007f6f040069a0 Exception <a 'java/lang/NoSuchMethodError'{0x00000000b81b51d8}: static Ljava/lang/Object;.<clinit>()V> (0x00000000b81b51d8) 
thrown [./src/hotspot/share/prims/jni.cpp, line 1112]
Event: 34.280 Thread 0x00007f6efe66dab0 Exception <a 'java/lang/NoSuchMethodError'{0x00000000bc4b9188}: static Ljava/lang/Object;.<clinit>()V> (0x00000000bc4b9188) 
thrown [./src/hotspot/share/prims/jni.cpp, line 1112]
Event: 34.359 Thread 0x00007f6f040069a0 Exception <a 'sun/nio/fs/UnixException'{0x00000000bc478888}> (0x00000000bc478888) 
thrown [./src/hotspot/share/prims/jni.cpp, line 516]
Event: 34.989 Thread 0x00007f6f040069a0 Exception <a 'sun/nio/fs/UnixException'{0x00000000bb21c5f8}> (0x00000000bb21c5f8) 
thrown [./src/hotspot/share/prims/jni.cpp, line 516]
Event: 37.039 Thread 0x00007f6f040069a0 Exception <a 'java/lang/NoSuchMethodError'{0x00000000c8fe4570}: 'java.lang.Object java.lang.invoke.DirectMethodHandle$Holder.invokeStaticInit(java.lang.Object, java.lang.Object, java.lang.Object, java.lang.Object, java.lang.Object, java.lang.Object, java.lang.Object, java.lang.Object, java.lang.Object, java.lang.Object, java.lang.Object, java.lang.Object, java.lang.Object, java.lang.Object, java.lang.Object, java.lang.Object, java.lang.Object, java.lang.Object, java.lang.Object, java.lang.Object, int, java
Event: 37.095 Thread 0x00007f6f040069a0 Exception <a 'java/lang/IncompatibleClassChangeError'{0x00000000c8c8e000}: Found class java.lang.Object, but interface was expected> (0x00000000c8c8e000) 
thrown [./src/hotspot/share/interpreter/linkResolver.cpp, line 826]
Event: 39.667 Thread 0x00007f6efd4c9950 Exception <a 'java/lang/IncompatibleClassChangeError'{0x00000000c4d15300}: Found class java.lang.Object, but interface was expected> (0x00000000c4d15300) 
thrown [./src/hotspot/share/interpreter/linkResolver.cpp, line 826]
Event: 39.668 Thread 0x00007f6efd4c9950 Exception <a 'java/lang/NoSuchMethodError'{0x00000000c4d20310}: 'void java.lang.invoke.DirectMethodHandle$Holder.invokeInterface(java.lang.Object, java.lang.Object, java.lang.Object, int)'> (0x00000000c4d20310) 
thrown [./src/hotspot/share/interpreter/linkResolver.cpp, line 758]

VM Operations (20 events):
Event: 36.097 Executing VM operation: HandshakeAllThreads done
Event: 36.278 Executing VM operation: G1PauseRemark
Event: 36.292 Executing VM operation: G1PauseRemark done
Event: 36.656 Executing VM operation: G1PauseCleanup
Event: 36.656 Executing VM operation: G1PauseCleanup done
Event: 36.788 Executing VM operation: HandshakeAllThreads
Event: 36.789 Executing VM operation: HandshakeAllThreads done
Event: 36.809 Executing VM operation: G1CollectForAllocation
Event: 36.871 Executing VM operation: G1CollectForAllocation done
Event: 36.873 Executing VM operation: G1CollectForAllocation
Event: 36.882 Executing VM operation: G1CollectForAllocation done
Event: 37.052 Executing VM operation: HandshakeAllThreads
Event: 37.052 Executing VM operation: HandshakeAllThreads done
Event: 38.053 Executing VM operation: Cleanup
Event: 38.053 Executing VM operation: Cleanup done
Event: 38.287 Executing VM operation: G1CollectForAllocation
Event: 38.369 Executing VM operation: G1CollectForAllocation done
Event: 38.963 Executing VM operation: G1CollectForAllocation
Event: 39.068 Executing VM operation: G1CollectForAllocation done
Event: 39.676 Executing VM operation: G1CollectForAllocation

Memory protections (20 events):
Event: 29.863 Protecting memory [0x00007f6eae8ea000,0x00007f6eae8ee000] with protection modes 0
Event: 29.878 Protecting memory [0x00007f6eae7e9000,0x00007f6eae7ed000] with protection modes 0
Event: 29.889 Protecting memory [0x00007f6eae6e8000,0x00007f6eae6ec000] with protection modes 0
Event: 31.057 Protecting memory [0x00007f6eae5e7000,0x00007f6eae5eb000] with protection modes 0
Event: 32.086 Protecting memory [0x00007f6eae4e6000,0x00007f6eae4ea000] with protection modes 0
Event: 32.400 Protecting memory [0x00007f6eae3e5000,0x00007f6eae3e9000] with protection modes 0
Event: 32.483 Protecting memory [0x00007f6eae2e4000,0x00007f6eae2e8000] with protection modes 0
Event: 32.653 Protecting memory [0x00007f6eae1e3000,0x00007f6eae1e7000] with protection modes 0
Event: 32.802 Protecting memory [0x00007f6eae0e2000,0x00007f6eae0e6000] with protection modes 0
Event: 32.864 Protecting memory [0x00007f6eadfe1000,0x00007f6eadfe5000] with protection modes 0
Event: 32.989 Protecting memory [0x00007f6eadee0000,0x00007f6eadee4000] with protection modes 0
Event: 33.370 Protecting memory [0x00007f6eadddf000,0x00007f6eadde3000] with protection modes 0
Event: 33.596 Protecting memory [0x00007f6eadcde000,0x00007f6eadce2000] with protection modes 0
Event: 33.687 Protecting memory [0x00007f6eadbdd000,0x00007f6eadbe1000] with protection modes 0
Event: 33.763 Protecting memory [0x00007f6eadadc000,0x00007f6eadae0000] with protection modes 0
Event: 34.062 Protecting memory [0x00007f6ead9db000,0x00007f6ead9df000] with protection modes 0
Event: 34.197 Protecting memory [0x00007f6ead8da000,0x00007f6ead8de000] with protection modes 0
Event: 34.290 Protecting memory [0x00007f6ead7d9000,0x00007f6ead7dd000] with protection modes 0
Event: 34.367 Protecting memory [0x00007f6ead6d8000,0x00007f6ead6dc000] with protection modes 0
Event: 34.554 Protecting memory [0x00007f6ead5d7000,0x00007f6ead5db000] with protection modes 0

Nmethod flushes (20 events):
Event: 27.570 Thread 0x00007f6f2c0c5290 flushing  nmethod 0x00007f6f164e1090
Event: 27.570 Thread 0x00007f6f2c0c5290 flushing  nmethod 0x00007f6f1653be10
Event: 27.570 Thread 0x00007f6f2c0c5290 flushing  nmethod 0x00007f6f16580710
Event: 27.570 Thread 0x00007f6f2c0c5290 flushing  nmethod 0x00007f6f165a6290
Event: 27.571 Thread 0x00007f6f2c0c5290 flushing  nmethod 0x00007f6f165d1910
Event: 27.571 Thread 0x00007f6f2c0c5290 flushing  nmethod 0x00007f6f1666b910
Event: 36.099 Thread 0x00007f6f2c0c5290 flushing  nmethod 0x00007f6f1d202010
Event: 36.100 Thread 0x00007f6f2c0c5290 flushing  nmethod 0x00007f6f1d3c4f90
Event: 36.102 Thread 0x00007f6f2c0c5290 flushing  nmethod 0x00007f6f157e4290
Event: 36.103 Thread 0x00007f6f2c0c5290 flushing  nmethod 0x00007f6f158a8a10
Event: 36.103 Thread 0x00007f6f2c0c5290 flushing  nmethod 0x00007f6f158d7b10
Event: 36.154 Thread 0x00007f6f2c0c5290 flushing  nmethod 0x00007f6f15b23e10
Event: 36.154 Thread 0x00007f6f2c0c5290 flushing  nmethod 0x00007f6f15b24210
Event: 36.155 Thread 0x00007f6f2c0c5290 flushing  nmethod 0x00007f6f15b9fa10
Event: 36.155 Thread 0x00007f6f2c0c5290 flushing  nmethod 0x00007f6f15c88190
Event: 36.156 Thread 0x00007f6f2c0c5290 flushing  nmethod 0x00007f6f15ca1f10
Event: 36.156 Thread 0x00007f6f2c0c5290 flushing  nmethod 0x00007f6f15cc6390
Event: 36.156 Thread 0x00007f6f2c0c5290 flushing  nmethod 0x00007f6f15cc6e90
Event: 36.181 Thread 0x00007f6f2c0c5290 flushing  nmethod 0x00007f6f16282c10
Event: 36.186 Thread 0x00007f6f2c0c5290 flushing  nmethod 0x00007f6f164d3d90

Events (20 events):
Event: 29.862 Thread 0x00007f6ecc00d0a0 Thread added: 0x00007f6efe66dab0
Event: 29.868 Thread 0x00007f6efe66dab0 Thread added: 0x00007f6f040069a0
Event: 29.889 Thread 0x00007f6f040069a0 Thread added: 0x00007f6f0c09acd0
Event: 31.057 Thread 0x00007f6efe66dab0 Thread added: 0x00007f6f040620d0
Event: 32.079 Thread 0x00007f6f040069a0 Thread added: 0x00007f6f0c0c6580
Event: 32.398 Thread 0x00007f6f040069a0 Thread added: 0x00007f6f0c09ed80
Event: 32.478 Thread 0x00007f6f040069a0 Thread added: 0x00007f6f0c0a0820
Event: 32.599 Thread 0x00007f6f040069a0 Thread added: 0x00007f6f0c0ca1d0
Event: 32.802 Thread 0x00007f6efe66dab0 Thread added: 0x00007f6f0406e9b0
Event: 32.860 Thread 0x00007f6efe66dab0 Thread added: 0x00007f6f040754f0
Event: 32.986 Thread 0x00007f6efe66dab0 Thread added: 0x00007f6f040771d0
Event: 33.367 Thread 0x00007f6f040069a0 Thread added: 0x00007f6f0c0c2ff0
Event: 33.596 Thread 0x00007f6f040069a0 Thread added: 0x00007f6f0c0ab350
Event: 33.687 Thread 0x00007f6f040069a0 Thread added: 0x00007f6f0c0acde0
Event: 33.760 Thread 0x00007f6f040069a0 Thread added: 0x00007f6f0c0a9810
Event: 34.061 Thread 0x00007f6f040069a0 Thread added: 0x00007f6f0c0b1000
Event: 34.188 Thread 0x00007f6efe66dab0 Thread added: 0x00007f6f040735a0
Event: 34.290 Thread 0x00007f6efe66dab0 Thread added: 0x00007f6f0407f320
Event: 34.366 Thread 0x00007f6f040069a0 Thread added: 0x00007f6f0c0a8e50
Event: 34.502 Thread 0x00007f6f040069a0 Thread added: 0x00007f6f0c0b2230


Dynamic libraries:
b0000000-cac00000 rw-p 00000000 00:00 0 
e0000000-ffe00000 ---p 00000000 00:00 0 
ffe00000-ffe75000 rw-p 00c7a000 00:25 13853                              /usr/lib/jvm/java-17-openjdk-amd64/lib/server/classes.jsa
ffe75000-fff00000 rw-p 00000000 00:00 0 
fff00000-fff78000 rw-p 00c02000 00:25 13853                              /usr/lib/jvm/java-17-openjdk-amd64/lib/server/classes.jsa
fff78000-100000000 rw-p 00000000 00:00 0 
55cc702ee000-55cc702ef000 r--p 00000000 00:25 13495                      /usr/lib/jvm/java-17-openjdk-amd64/bin/java
55cc702ef000-55cc702f0000 r-xp 00001000 00:25 13495                      /usr/lib/jvm/java-17-openjdk-amd64/bin/java
55cc702f0000-55cc702f1000 r--p 00002000 00:25 13495                      /usr/lib/jvm/java-17-openjdk-amd64/bin/java
55cc702f1000-55cc702f2000 r--p 00002000 00:25 13495                      /usr/lib/jvm/java-17-openjdk-amd64/bin/java
55cc702f2000-55cc702f3000 rw-p 00003000 00:25 13495                      /usr/lib/jvm/java-17-openjdk-amd64/bin/java
55cc704e0000-55cc70574000 rw-p 00000000 00:00 0                          [heap]
7f6ea4000000-7f6ea4b00000 rw-p 00000000 00:00 0 
7f6ea4b00000-7f6ea4b90000 rw-p 00000000 00:00 0 
7f6ea4b90000-7f6ea4c00000 ---p 00000000 00:00 0 
7f6ea4c00000-7f6ea5460000 rw-p 00000000 00:00 0 
7f6ea5460000-7f6ea8000000 ---p 00000000 00:00 0 
7f6ea8000000-7f6ea8026000 rw-p 00000000 00:00 0 
7f6ea8026000-7f6eac000000 ---p 00000000 00:00 0 
7f6ead348000-7f6ead5d6000 rw-p 00000000 00:00 0 
7f6ead5d6000-7f6ead5d7000 ---p 00000000 00:00 0 
7f6ead5d7000-7f6ead5db000 ---p 00000000 00:00 0 
7f6ead5db000-7f6ead6d7000 rw-p 00000000 00:00 0 
7f6ead6d7000-7f6ead6d8000 ---p 00000000 00:00 0 
7f6ead6d8000-7f6ead6dc000 ---p 00000000 00:00 0 
7f6ead6dc000-7f6ead7d8000 rw-p 00000000 00:00 0 
7f6ead7d8000-7f6ead7d9000 ---p 00000000 00:00 0 
7f6ead7d9000-7f6ead7dd000 ---p 00000000 00:00 0 
7f6ead7dd000-7f6ead8d9000 rw-p 00000000 00:00 0 
7f6ead8d9000-7f6ead8da000 ---p 00000000 00:00 0 
7f6ead8da000-7f6ead8de000 ---p 00000000 00:00 0 
7f6ead8de000-7f6ead9da000 rw-p 00000000 00:00 0 
7f6ead9da000-7f6ead9db000 ---p 00000000 00:00 0 
7f6ead9db000-7f6ead9df000 ---p 00000000 00:00 0 
7f6ead9df000-7f6eadadb000 rw-p 00000000 00:00 0 
7f6eadadb000-7f6eadadc000 ---p 00000000 00:00 0 
7f6eadadc000-7f6eadae0000 ---p 00000000 00:00 0 
7f6eadae0000-7f6eadbdc000 rw-p 00000000 00:00 0 
7f6eadbdc000-7f6eadbdd000 ---p 00000000 00:00 0 
7f6eadbdd000-7f6eadbe1000 ---p 00000000 00:00 0 
7f6eadbe1000-7f6eadcdd000 rw-p 00000000 00:00 0 
7f6eadcdd000-7f6eadcde000 ---p 00000000 00:00 0 
7f6eadcde000-7f6eadce2000 ---p 00000000 00:00 0 
7f6eadce2000-7f6eaddde000 rw-p 00000000 00:00 0 
7f6eaddde000-7f6eadddf000 ---p 00000000 00:00 0 
7f6eadddf000-7f6eadde3000 ---p 00000000 00:00 0 
7f6eadde3000-7f6eadedf000 rw-p 00000000 00:00 0 
7f6eadedf000-7f6eadee0000 ---p 00000000 00:00 0 
7f6eadee0000-7f6eadee4000 ---p 00000000 00:00 0 
7f6eadee4000-7f6eadfe0000 rw-p 00000000 00:00 0 
7f6eadfe0000-7f6eadfe1000 ---p 00000000 00:00 0 
7f6eadfe1000-7f6eadfe5000 ---p 00000000 00:00 0 
7f6eadfe5000-7f6eae0e1000 rw-p 00000000 00:00 0 
7f6eae0e1000-7f6eae0e2000 ---p 00000000 00:00 0 
7f6eae0e2000-7f6eae0e6000 ---p 00000000 00:00 0 
7f6eae0e6000-7f6eae1e2000 rw-p 00000000 00:00 0 
7f6eae1e2000-7f6eae1e3000 ---p 00000000 00:00 0 
7f6eae1e3000-7f6eae1e7000 ---p 00000000 00:00 0 
7f6eae1e7000-7f6eae2e3000 rw-p 00000000 00:00 0 
7f6eae2e3000-7f6eae2e4000 ---p 00000000 00:00 0 
7f6eae2e4000-7f6eae2e8000 ---p 00000000 00:00 0 
7f6eae2e8000-7f6eae3e4000 rw-p 00000000 00:00 0 
7f6eae3e4000-7f6eae3e5000 ---p 00000000 00:00 0 
7f6eae3e5000-7f6eae3e9000 ---p 00000000 00:00 0 
7f6eae3e9000-7f6eae4e5000 rw-p 00000000 00:00 0 
7f6eae4e5000-7f6eae4e6000 ---p 00000000 00:00 0 
7f6eae4e6000-7f6eae4ea000 ---p 00000000 00:00 0 
7f6eae4ea000-7f6eae5e6000 rw-p 00000000 00:00 0 
7f6eae5e6000-7f6eae5e7000 ---p 00000000 00:00 0 
7f6eae5e7000-7f6eae5eb000 ---p 00000000 00:00 0 
7f6eae5eb000-7f6eae6e7000 rw-p 00000000 00:00 0 
7f6eae6e7000-7f6eae6e8000 ---p 00000000 00:00 0 
7f6eae6e8000-7f6eae6ec000 ---p 00000000 00:00 0 
7f6eae6ec000-7f6eae7e8000 rw-p 00000000 00:00 0 
7f6eae7e8000-7f6eae7e9000 ---p 00000000 00:00 0 
7f6eae7e9000-7f6eae7ed000 ---p 00000000 00:00 0 
7f6eae7ed000-7f6eae8e9000 rw-p 00000000 00:00 0 
7f6eae8e9000-7f6eae8ea000 ---p 00000000 00:00 0 
7f6eae8ea000-7f6eae8ee000 ---p 00000000 00:00 0 
7f6eae8ee000-7f6eae9ea000 rw-p 00000000 00:00 0 
7f6eae9ea000-7f6eae9eb000 ---p 00000000 00:00 0 
7f6eae9eb000-7f6eae9ef000 ---p 00000000 00:00 0 
7f6eae9ef000-7f6eaeaeb000 rw-p 00000000 00:00 0 
7f6eaeaeb000-7f6eaeaec000 ---p 00000000 00:00 0 
7f6eaeaec000-7f6eaeaf0000 ---p 00000000 00:00 0 
7f6eaeaf0000-7f6eaebec000 rw-p 00000000 00:00 0 
7f6eaebec000-7f6eaebed000 ---p 00000000 00:00 0 
7f6eaebed000-7f6eaebf1000 ---p 00000000 00:00 0 
7f6eaebf1000-7f6eaeced000 rw-p 00000000 00:00 0 
7f6eaeced000-7f6eaecee000 ---p 00000000 00:00 0 
7f6eaecee000-7f6eaecf2000 ---p 00000000 00:00 0 
7f6eaecf2000-7f6eaedee000 rw-p 00000000 00:00 0 
7f6eaedee000-7f6eaedef000 ---p 00000000 00:00 0 
7f6eaedef000-7f6eaedf3000 ---p 00000000 00:00 0 
7f6eaedf3000-7f6eaeeef000 rw-p 00000000 00:00 0 
7f6eaeeef000-7f6eaeef0000 ---p 00000000 00:00 0 
7f6eaeef0000-7f6eaeef4000 ---p 00000000 00:00 0 
7f6eaeef4000-7f6eaeff0000 rw-p 00000000 00:00 0 
7f6eaeff0000-7f6eaeff1000 ---p 00000000 00:00 0 
7f6eaeff1000-7f6eaeff5000 ---p 00000000 00:00 0 
7f6eaeff5000-7f6eaf0f1000 rw-p 00000000 00:00 0 
7f6eaf0f1000-7f6eaf0f2000 ---p 00000000 00:00 0 
7f6eaf0f2000-7f6eaf0f6000 ---p 00000000 00:00 0 
7f6eaf0f6000-7f6eaf1f2000 rw-p 00000000 00:00 0 
7f6eaf1f2000-7f6eaf1f3000 ---p 00000000 00:00 0 
7f6eaf1f3000-7f6eaf1f7000 ---p 00000000 00:00 0 
7f6eaf1f7000-7f6eaf2f3000 rw-p 00000000 00:00 0 
7f6eaf2f3000-7f6eaf2f4000 ---p 00000000 00:00 0 
7f6eaf2f4000-7f6eaf2f8000 ---p 00000000 00:00 0 
7f6eaf2f8000-7f6eaf3f4000 rw-p 00000000 00:00 0 
7f6eaf3f4000-7f6eaf3f5000 ---p 00000000 00:00 0 
7f6eaf3f5000-7f6eaf3f9000 ---p 00000000 00:00 0 
7f6eaf3f9000-7f6eaf4f5000 rw-p 00000000 00:00 0 
7f6eaf4f5000-7f6eaf4f6000 ---p 00000000 00:00 0 
7f6eaf4f6000-7f6eaf4fa000 ---p 00000000 00:00 0 
7f6eaf4fa000-7f6eaf5f6000 rw-p 00000000 00:00 0 
7f6eaf5f6000-7f6eaf5f7000 ---p 00000000 00:00 0 
7f6eaf5f7000-7f6eaf5fb000 ---p 00000000 00:00 0 
7f6eaf5fb000-7f6eaf6f7000 rw-p 00000000 00:00 0 
7f6eaf6f7000-7f6eaf6f8000 ---p 00000000 00:00 0 
7f6eaf6f8000-7f6eaf6fc000 ---p 00000000 00:00 0 
7f6eaf6fc000-7f6eaf7f8000 rw-p 00000000 00:00 0 
7f6eaf7f8000-7f6eaf7f9000 ---p 00000000 00:00 0 
7f6eaf7f9000-7f6eaf7fd000 ---p 00000000 00:00 0 
7f6eaf7fd000-7f6eaf8f9000 rw-p 00000000 00:00 0 
7f6eaf8f9000-7f6eaf8fa000 ---p 00000000 00:00 0 
7f6eaf8fa000-7f6eaf8fe000 ---p 00000000 00:00 0 
7f6eaf8fe000-7f6eaf9fa000 rw-p 00000000 00:00 0 
7f6eaf9fa000-7f6eaf9fb000 ---p 00000000 00:00 0 
7f6eaf9fb000-7f6eaf9ff000 ---p 00000000 00:00 0 
7f6eaf9ff000-7f6eafafb000 rw-p 00000000 00:00 0 
7f6eafafb000-7f6eafafc000 ---p 00000000 00:00 0 
7f6eafafc000-7f6eafb00000 ---p 00000000 00:00 0 
7f6eafb00000-7f6eafbfc000 rw-p 00000000 00:00 0 
7f6eafbfc000-7f6eafbfd000 ---p 00000000 00:00 0 
7f6eafbfd000-7f6eafc01000 ---p 00000000 00:00 0 
7f6eafc01000-7f6eafcfd000 rw-p 00000000 00:00 0 
7f6eafcfd000-7f6eafcfe000 ---p 00000000 00:00 0 
7f6eafcfe000-7f6eafd02000 ---p 00000000 00:00 0 
7f6eafd02000-7f6eafdfe000 rw-p 00000000 00:00 0 
7f6eafdfe000-7f6eafdff000 ---p 00000000 00:00 0 
7f6eafdff000-7f6eafe03000 ---p 00000000 00:00 0 
7f6eafe03000-7f6eafeff000 rw-p 00000000 00:00 0 
7f6eafeff000-7f6eaff00000 ---p 00000000 00:00 0 
7f6eaff00000-7f6eaff04000 ---p 00000000 00:00 0 
7f6eaff04000-7f6eb0000000 rw-p 00000000 00:00 0 
7f6eb0000000-7f6eb1beb000 rw-p 00000000 00:00 0 
7f6eb1beb000-7f6eb4000000 ---p 00000000 00:00 0 
7f6eb4000000-7f6eb4a30000 rw-p 00000000 00:00 0 
7f6eb4a30000-7f6eb8000000 ---p 00000000 00:00 0 
7f6eb8000000-7f6eb8021000 rw-p 00000000 00:00 0 
7f6eb8021000-7f6ebc000000 ---p 00000000 00:00 0 
7f6ebc000000-7f6ebc021000 rw-p 00000000 00:00 0 
7f6ebc021000-7f6ec0000000 ---p 00000000 00:00 0 
7f6ec0000000-7f6ec0021000 rw-p 00000000 00:00 0 
7f6ec0021000-7f6ec4000000 ---p 00000000 00:00 0 
7f6ec4000000-7f6ec4055000 rw-p 00000000 00:00 0 
7f6ec4055000-7f6ec8000000 ---p 00000000 00:00 0 
7f6ec8000000-7f6ec83f6000 rw-p 00000000 00:00 0 
7f6ec83f6000-7f6ecc000000 ---p 00000000 00:00 0 
7f6ecc000000-7f6ecc032000 rw-p 00000000 00:00 0 
7f6ecc032000-7f6ed0000000 ---p 00000000 00:00 0 
7f6ed0000000-7f6ed0400000 rw-p 00000000 00:00 0 
7f6ed0400000-7f6ed07e0000 rw-p 00000000 00:00 0 
7f6ed07e0000-7f6ed0800000 rw-p 00000000 00:00 0 
7f6ed0800000-7f6ed0900000 rw-p 00000000 00:00 0 
7f6ed0900000-7f6ed0a00000 rw-p 00000000 00:00 0 
7f6ed0a00000-7f6ed1580000 rw-p 00000000 00:00 0 
7f6ed1580000-7f6ed1600000 rw-p 00000000 00:00 0 
7f6ed1600000-7f6ed17c0000 rw-p 00000000 00:00 0 
7f6ed17c0000-7f6ed1900000 rw-p 00000000 00:00 0 
7f6ed1900000-7f6ed1b00000 rw-p 00000000 00:00 0 
7f6ed1b00000-7f6ed1c00000 rw-p 00000000 00:00 0 
7f6ed1c00000-7f6ed29c0000 rw-p 00000000 00:00 0 
7f6ed29c0000-7f6ed2a00000 rw-p 00000000 00:00 0 
7f6ed2a00000-7f6ed2b80000 rw-p 00000000 00:00 0 
7f6ed2b80000-7f6ed2c00000 rw-p 00000000 00:00 0 
7f6ed2c00000-7f6ed31e0000 rw-p 00000000 00:00 0 
7f6ed31e0000-7f6ed3300000 rw-p 00000000 00:00 0 
7f6ed3300000-7f6ed3760000 rw-p 00000000 00:00 0 
7f6ed3760000-7f6ed3780000 rw-p 00000000 00:00 0 
7f6ed3780000-7f6ed3900000 rw-p 00000000 00:00 0 
7f6ed3900000-7f6ed4000000 rw-p 00000000 00:00 0 
7f6ed4000000-7f6ed4455000 rw-p 00001000 00:25 13853                      /usr/lib/jvm/java-17-openjdk-amd64/lib/server/classes.jsa
7f6ed4455000-7f6ed4bca000 rw-p 00456000 00:25 13853                      /usr/lib/jvm/java-17-openjdk-amd64/lib/server/classes.jsa
7f6ed4bca000-7f6ed5000000 ---p 00000000 00:00 0 
7f6ed5000000-7f6ed5040000 rw-p 00000000 00:00 0 
7f6ed5040000-7f6ed5080000 rw-p 00000000 00:00 0 
7f6ed5080000-7f6ed5140000 rw-p 00000000 00:00 0 
7f6ed5140000-7f6ed5180000 rw-p 00000000 00:00 0 
7f6ed5180000-7f6ed5440000 rw-p 00000000 00:00 0 
7f6ed5440000-7f6ed5640000 rw-p 00000000 00:00 0 
7f6ed5640000-7f6ed5680000 rw-p 00000000 00:00 0 
7f6ed5680000-7f6ed5940000 rw-p 00000000 00:00 0 
7f6ed5940000-7f6ed5980000 rw-p 00000000 00:00 0 
7f6ed5980000-7f6ed5dc0000 rw-p 00000000 00:00 0 
7f6ed5dc0000-7f6ed5dd0000 rw-p 00000000 00:00 0 
7f6ed5dd0000-7f6ed5e00000 ---p 00000000 00:00 0 
7f6ed5e00000-7f6ed5e50000 rw-p 00000000 00:00 0 
7f6ed5e50000-7f6efc000000 ---p 00000000 00:00 0 
7f6efc000000-7f6efe676000 rw-p 00000000 00:00 0 
7f6efe676000-7f6f00000000 ---p 00000000 00:00 0 
7f6f00000000-7f6f00028000 rw-p 00000000 00:00 0 
7f6f00028000-7f6f04000000 ---p 00000000 00:00 0 
7f6f04000000-7f6f040c9000 rw-p 00000000 00:00 0 
7f6f040c9000-7f6f08000000 ---p 00000000 00:00 0 
7f6f08000000-7f6f08060000 rw-p 00000000 00:00 0 
7f6f08060000-7f6f0c000000 ---p 00000000 00:00 0 
7f6f0c000000-7f6f0c1c0000 rw-p 00000000 00:00 0 
7f6f0c1c0000-7f6f10000000 ---p 00000000 00:00 0 
7f6f100ff000-7f6f10100000 ---p 00000000 00:00 0 
7f6f10100000-7f6f10104000 ---p 00000000 00:00 0 
7f6f10104000-7f6f10200000 rw-p 00000000 00:00 0 
7f6f10200000-7f6f10253000 r-xp 00000000 fe:00 141254                     /root/.gradle/native/100fb08df4bc3b14c8652ba06237920a3bd2aa13389f12d3474272988ae205f9/linux-amd64/libnative-platform-file-events.so
7f6f10253000-7f6f10452000 ---p 00053000 fe:00 141254                     /root/.gradle/native/100fb08df4bc3b14c8652ba06237920a3bd2aa13389f12d3474272988ae205f9/linux-amd64/libnative-platform-file-events.so
7f6f10452000-7f6f10453000 r--p 00052000 fe:00 141254                     /root/.gradle/native/100fb08df4bc3b14c8652ba06237920a3bd2aa13389f12d3474272988ae205f9/linux-amd64/libnative-platform-file-events.so
7f6f10453000-7f6f10455000 rw-p 00053000 fe:00 141254                     /root/.gradle/native/100fb08df4bc3b14c8652ba06237920a3bd2aa13389f12d3474272988ae205f9/linux-amd64/libnative-platform-file-events.so
7f6f104ff000-7f6f10500000 ---p 00000000 00:00 0 
7f6f10500000-7f6f10504000 ---p 00000000 00:00 0 
7f6f10504000-7f6f10600000 rw-p 00000000 00:00 0 
7f6f10600000-7f6f10605000 r-xp 00000000 fe:00 141225                     /root/.gradle/native/c067742578af261105cb4f569cf0c3c89f3d7b1fecec35dd04571415982c5e48/linux-amd64/libnative-platform.so
7f6f10605000-7f6f10805000 ---p 00005000 fe:00 141225                     /root/.gradle/native/c067742578af261105cb4f569cf0c3c89f3d7b1fecec35dd04571415982c5e48/linux-amd64/libnative-platform.so
7f6f10805000-7f6f10806000 r--p 00005000 fe:00 141225                     /root/.gradle/native/c067742578af261105cb4f569cf0c3c89f3d7b1fecec35dd04571415982c5e48/linux-amd64/libnative-platform.so
7f6f10806000-7f6f10807000 rw-p 00006000 fe:00 141225                     /root/.gradle/native/c067742578af261105cb4f569cf0c3c89f3d7b1fecec35dd04571415982c5e48/linux-amd64/libnative-platform.so
7f6f1080c000-7f6f1080d000 ---p 00000000 00:00 0 
7f6f1080d000-7f6f1090d000 rw-p 00000000 00:00 0 
7f6f1090d000-7f6f1090e000 ---p 00000000 00:00 0 
7f6f1090e000-7f6f10a0e000 rw-p 00000000 00:00 0 
7f6f10a0e000-7f6f10a0f000 ---p 00000000 00:00 0 
7f6f10a0f000-7f6f10b0f000 rw-p 00000000 00:00 0 
7f6f10b0f000-7f6f10b10000 ---p 00000000 00:00 0 
7f6f10b10000-7f6f10b14000 ---p 00000000 00:00 0 
7f6f10b14000-7f6f10c10000 rw-p 00000000 00:00 0 
7f6f10c10000-7f6f10c11000 ---p 00000000 00:00 0 
7f6f10c11000-7f6f10c15000 ---p 00000000 00:00 0 
7f6f10c15000-7f6f133c1000 rw-p 00000000 00:00 0 
7f6f133c1000-7f6f14109000 ---p 00000000 00:00 0 
7f6f14109000-7f6f147c1000 rw-p 00000000 00:00 0 
7f6f147c1000-7f6f15509000 ---p 00000000 00:00 0 
7f6f15509000-7f6f15511000 rw-p 00000000 00:00 0 
7f6f15511000-7f6f16a51000 rwxp 00000000 00:00 0 
7f6f16a51000-7f6f1ca49000 ---p 00000000 00:00 0 
7f6f1ca49000-7f6f1ccb9000 rwxp 00000000 00:00 0 
7f6f1ccb9000-7f6f1cfd8000 ---p 00000000 00:00 0 
7f6f1cfd8000-7f6f1d578000 rwxp 00000000 00:00 0 
7f6f1d578000-7f6f24511000 ---p 00000000 00:00 0 
7f6f24511000-7f6f2c000000 r--s 00000000 00:25 13844                      /usr/lib/jvm/java-17-openjdk-amd64/lib/modules
7f6f2c000000-7f6f2d418000 rw-p 00000000 00:00 0 
7f6f2d418000-7f6f30000000 ---p 00000000 00:00 0 
7f6f3006d000-7f6f3006e000 r--p 00000000 00:25 13813                      /usr/lib/jvm/java-17-openjdk-amd64/lib/libextnet.so
7f6f3006e000-7f6f3006f000 r-xp 00001000 00:25 13813                      /usr/lib/jvm/java-17-openjdk-amd64/lib/libextnet.so
7f6f3006f000-7f6f30070000 r--p 00002000 00:25 13813                      /usr/lib/jvm/java-17-openjdk-amd64/lib/libextnet.so
7f6f30070000-7f6f30071000 r--p 00002000 00:25 13813                      /usr/lib/jvm/java-17-openjdk-amd64/lib/libextnet.so
7f6f30071000-7f6f30072000 rw-p 00003000 00:25 13813                      /usr/lib/jvm/java-17-openjdk-amd64/lib/libextnet.so
7f6f30072000-7f6f30074000 r--p 00000000 00:25 13832                      /usr/lib/jvm/java-17-openjdk-amd64/lib/libmanagement_ext.so
7f6f30074000-7f6f30077000 r-xp 00002000 00:25 13832                      /usr/lib/jvm/java-17-openjdk-amd64/lib/libmanagement_ext.so
7f6f30077000-7f6f30078000 r--p 00005000 00:25 13832                      /usr/lib/jvm/java-17-openjdk-amd64/lib/libmanagement_ext.so
7f6f30078000-7f6f30079000 r--p 00006000 00:25 13832                      /usr/lib/jvm/java-17-openjdk-amd64/lib/libmanagement_ext.so
7f6f30079000-7f6f3007a000 rw-p 00007000 00:25 13832                      /usr/lib/jvm/java-17-openjdk-amd64/lib/libmanagement_ext.so
7f6f3007a000-7f6f3007b000 r--p 00000000 00:25 18162                      /usr/lib/x86_64-linux-gnu/libpthread.so.0
7f6f3007b000-7f6f3007c000 r-xp 00001000 00:25 18162                      /usr/lib/x86_64-linux-gnu/libpthread.so.0
7f6f3007c000-7f6f3007d000 r--p 00002000 00:25 18162                      /usr/lib/x86_64-linux-gnu/libpthread.so.0
7f6f3007d000-7f6f3007e000 r--p 00002000 00:25 18162                      /usr/lib/x86_64-linux-gnu/libpthread.so.0
7f6f3007e000-7f6f3007f000 rw-p 00003000 00:25 18162                      /usr/lib/x86_64-linux-gnu/libpthread.so.0
7f6f3007f000-7f6f30083000 r--p 00000000 00:25 13842                      /usr/lib/jvm/java-17-openjdk-amd64/lib/libverify.so
7f6f30083000-7f6f3008a000 r-xp 00004000 00:25 13842                      /usr/lib/jvm/java-17-openjdk-amd64/lib/libverify.so
7f6f3008a000-7f6f3008c000 r--p 0000b000 00:25 13842                      /usr/lib/jvm/java-17-openjdk-amd64/lib/libverify.so
7f6f3008c000-7f6f3008e000 r--p 0000c000 00:25 13842                      /usr/lib/jvm/java-17-openjdk-amd64/lib/libverify.so
7f6f3008e000-7f6f3008f000 rw-p 0000e000 00:25 13842                      /usr/lib/jvm/java-17-openjdk-amd64/lib/libverify.so
7f6f3008f000-7f6f30093000 r--p 00000000 00:25 13834                      /usr/lib/jvm/java-17-openjdk-amd64/lib/libnet.so
7f6f30093000-7f6f300a1000 r-xp 00004000 00:25 13834                      /usr/lib/jvm/java-17-openjdk-amd64/lib/libnet.so
7f6f300a1000-7f6f300a5000 r--p 00012000 00:25 13834                      /usr/lib/jvm/java-17-openjdk-amd64/lib/libnet.so
7f6f300a5000-7f6f300a6000 r--p 00015000 00:25 13834                      /usr/lib/jvm/java-17-openjdk-amd64/lib/libnet.so
7f6f300a6000-7f6f300a7000 rw-p 00016000 00:25 13834                      /usr/lib/jvm/java-17-openjdk-amd64/lib/libnet.so
7f6f300a7000-7f6f300a8000 ---p 00000000 00:00 0 
7f6f300a8000-7f6f300ac000 ---p 00000000 00:00 0 
7f6f300ac000-7f6f301a8000 rw-p 00000000 00:00 0 
7f6f301a8000-7f6f301a9000 ---p 00000000 00:00 0 
7f6f301a9000-7f6f301ad000 ---p 00000000 00:00 0 
7f6f301ad000-7f6f302a9000 rw-p 00000000 00:00 0 
7f6f302a9000-7f6f302aa000 ---p 00000000 00:00 0 
7f6f302aa000-7f6f302ae000 ---p 00000000 00:00 0 
7f6f302ae000-7f6f303aa000 rw-p 00000000 00:00 0 
7f6f303aa000-7f6f303ab000 ---p 00000000 00:00 0 
7f6f303ab000-7f6f303af000 ---p 00000000 00:00 0 
7f6f303af000-7f6f304ab000 rw-p 00000000 00:00 0 
7f6f304ab000-7f6f304ac000 ---p 00000000 00:00 0 
7f6f304ac000-7f6f304b0000 ---p 00000000 00:00 0 
7f6f304b0000-7f6f305ac000 rw-p 00000000 00:00 0 
7f6f305ac000-7f6f305ad000 ---p 00000000 00:00 0 
7f6f305ad000-7f6f305b1000 ---p 00000000 00:00 0 
7f6f305b1000-7f6f306ad000 rw-p 00000000 00:00 0 
7f6f306ad000-7f6f30704000 r--p 00000000 00:25 13893                      /usr/lib/locale/C.utf8/LC_CTYPE
7f6f30704000-7f6f30705000 ---p 00000000 00:00 0 
7f6f30705000-7f6f30709000 ---p 00000000 00:00 0 
7f6f30709000-7f6f30805000 rw-p 00000000 00:00 0 
7f6f30805000-7f6f30806000 ---p 00000000 00:00 0 
7f6f30806000-7f6f3080a000 ---p 00000000 00:00 0 
7f6f3080a000-7f6f30906000 rw-p 00000000 00:00 0 
7f6f30906000-7f6f30907000 ---p 00000000 00:00 0 
7f6f30907000-7f6f30a07000 rw-p 00000000 00:00 0 
7f6f30a07000-7f6f30a0c000 r--p 00000000 00:25 13828                      /usr/lib/jvm/java-17-openjdk-amd64/lib/libjsvml.so
7f6f30a0c000-7f6f30a4d000 r-xp 00005000 00:25 13828                      /usr/lib/jvm/java-17-openjdk-amd64/lib/libjsvml.so
7f6f30a4d000-7f6f30ad6000 r--p 00046000 00:25 13828                      /usr/lib/jvm/java-17-openjdk-amd64/lib/libjsvml.so
7f6f30ad6000-7f6f30ad7000 r--p 000ce000 00:25 13828                      /usr/lib/jvm/java-17-openjdk-amd64/lib/libjsvml.so
7f6f30ad7000-7f6f30ad8000 rw-p 000cf000 00:25 13828                      /usr/lib/jvm/java-17-openjdk-amd64/lib/libjsvml.so
7f6f30ad8000-7f6f30bf5000 rw-p 00000000 00:00 0 
7f6f30bf8000-7f6f30bfa000 r--p 00000000 00:25 13830                      /usr/lib/jvm/java-17-openjdk-amd64/lib/libmanagement.so
7f6f30bfa000-7f6f30bfb000 r-xp 00002000 00:25 13830                      /usr/lib/jvm/java-17-openjdk-amd64/lib/libmanagement.so
7f6f30bfb000-7f6f30bfc000 r--p 00003000 00:25 13830                      /usr/lib/jvm/java-17-openjdk-amd64/lib/libmanagement.so
7f6f30bfc000-7f6f30bfd000 r--p 00003000 00:25 13830                      /usr/lib/jvm/java-17-openjdk-amd64/lib/libmanagement.so
7f6f30bfd000-7f6f30bfe000 rw-p 00004000 00:25 13830                      /usr/lib/jvm/java-17-openjdk-amd64/lib/libmanagement.so
7f6f30bfe000-7f6f30c05000 r--p 00000000 00:25 13835                      /usr/lib/jvm/java-17-openjdk-amd64/lib/libnio.so
7f6f30c05000-7f6f30c0e000 r-xp 00007000 00:25 13835                      /usr/lib/jvm/java-17-openjdk-amd64/lib/libnio.so
7f6f30c0e000-7f6f30c12000 r--p 00010000 00:25 13835                      /usr/lib/jvm/java-17-openjdk-amd64/lib/libnio.so
7f6f30c12000-7f6f30c13000 r--p 00014000 00:25 13835                      /usr/lib/jvm/java-17-openjdk-amd64/lib/libnio.so
7f6f30c13000-7f6f30c14000 rw-p 00015000 00:25 13835                      /usr/lib/jvm/java-17-openjdk-amd64/lib/libnio.so
7f6f30c14000-7f6f30c16000 r--p 00000000 00:25 13843                      /usr/lib/jvm/java-17-openjdk-amd64/lib/libzip.so
7f6f30c16000-7f6f30c1a000 r-xp 00002000 00:25 13843                      /usr/lib/jvm/java-17-openjdk-amd64/lib/libzip.so
7f6f30c1a000-7f6f30c1c000 r--p 00006000 00:25 13843                      /usr/lib/jvm/java-17-openjdk-amd64/lib/libzip.so
7f6f30c1c000-7f6f30c1d000 r--p 00007000 00:25 13843                      /usr/lib/jvm/java-17-openjdk-amd64/lib/libzip.so
7f6f30c1d000-7f6f30c1e000 rw-p 00008000 00:25 13843                      /usr/lib/jvm/java-17-openjdk-amd64/lib/libzip.so
7f6f30c1e000-7f6f30c1f000 r--p 00000000 00:25 13899                      /usr/lib/locale/C.utf8/LC_NUMERIC
7f6f30c1f000-7f6f30c20000 r--p 00000000 00:25 13902                      /usr/lib/locale/C.utf8/LC_TIME
7f6f30c20000-7f6f30c21000 r--p 00000000 00:25 13892                      /usr/lib/locale/C.utf8/LC_COLLATE
7f6f30c21000-7f6f30c22000 r--p 00000000 00:25 13897                      /usr/lib/locale/C.utf8/LC_MONETARY
7f6f30c22000-7f6f30c23000 r--p 00000000 00:25 13896                      /usr/lib/locale/C.utf8/LC_MESSAGES/SYS_LC_MESSAGES
7f6f30c23000-7f6f30c24000 r--p 00000000 00:25 13900                      /usr/lib/locale/C.utf8/LC_PAPER
7f6f30c24000-7f6f30c25000 r--p 00000000 00:25 13898                      /usr/lib/locale/C.utf8/LC_NAME
7f6f30c25000-7f6f30c2c000 r--s 00000000 00:25 17585                      /usr/lib/x86_64-linux-gnu/gconv/gconv-modules.cache
7f6f30c2c000-7f6f30c2d000 ---p 00000000 00:00 0 
7f6f30c2d000-7f6f30d2d000 rw-p 00000000 00:00 0 
7f6f30d2d000-7f6f30d2e000 ---p 00000000 00:00 0 
7f6f30d2e000-7f6f31030000 rw-p 00000000 00:00 0 
7f6f31030000-7f6f31031000 ---p 00000000 00:00 0 
7f6f31031000-7f6f31131000 rw-p 00000000 00:00 0 
7f6f31131000-7f6f31132000 ---p 00000000 00:00 0 
7f6f31132000-7f6f31232000 rw-p 00000000 00:00 0 
7f6f31232000-7f6f31233000 ---p 00000000 00:00 0 
7f6f31233000-7f6f31434000 rw-p 00000000 00:00 0 
7f6f31434000-7f6f315dd000 ---p 00000000 00:00 0 
7f6f315dd000-7f6f316b4000 rw-p 00000000 00:00 0 
7f6f316b4000-7f6f3185d000 ---p 00000000 00:00 0 
7f6f3185d000-7f6f31934000 rw-p 00000000 00:00 0 
7f6f31934000-7f6f31add000 ---p 00000000 00:00 0 
7f6f31add000-7f6f31cec000 rw-p 00000000 00:00 0 
7f6f31cec000-7f6f31dcb000 ---p 00000000 00:00 0 
7f6f31dcb000-7f6f31df6000 rw-p 00000000 00:00 0 
7f6f31df6000-7f6f31eb6000 ---p 00000000 00:00 0 
7f6f31eb6000-7f6f31ebb000 rw-p 00000000 00:00 0 
7f6f31ebb000-7f6f31ec2000 ---p 00000000 00:00 0 
7f6f31ec2000-7f6f31eca000 rw-s 00000000 fe:00 148210                     /tmp/hsperfdata_root/3414
7f6f31eca000-7f6f31ed6000 r--p 00000000 00:25 13820                      /usr/lib/jvm/java-17-openjdk-amd64/lib/libjava.so
7f6f31ed6000-7f6f31ee7000 r-xp 0000c000 00:25 13820                      /usr/lib/jvm/java-17-openjdk-amd64/lib/libjava.so
7f6f31ee7000-7f6f31eed000 r--p 0001d000 00:25 13820                      /usr/lib/jvm/java-17-openjdk-amd64/lib/libjava.so
7f6f31eed000-7f6f31eee000 r--p 00022000 00:25 13820                      /usr/lib/jvm/java-17-openjdk-amd64/lib/libjava.so
7f6f31eee000-7f6f31eef000 rw-p 00023000 00:25 13820                      /usr/lib/jvm/java-17-openjdk-amd64/lib/libjava.so
7f6f31eef000-7f6f31ef0000 rw-p 00000000 00:00 0 
7f6f31ef0000-7f6f31ef1000 r--p 00000000 00:25 13815                      /usr/lib/jvm/java-17-openjdk-amd64/lib/libinstrument.so
7f6f31ef1000-7f6f31ef7000 r-xp 00001000 00:25 13815                      /usr/lib/jvm/java-17-openjdk-amd64/lib/libinstrument.so
7f6f31ef7000-7f6f31efa000 r--p 00007000 00:25 13815                      /usr/lib/jvm/java-17-openjdk-amd64/lib/libinstrument.so
7f6f31efa000-7f6f31efb000 r--p 00009000 00:25 13815                      /usr/lib/jvm/java-17-openjdk-amd64/lib/libinstrument.so
7f6f31efb000-7f6f31efc000 rw-p 0000a000 00:25 13815                      /usr/lib/jvm/java-17-openjdk-amd64/lib/libinstrument.so
7f6f31efc000-7f6f31efe000 r--p 00000000 00:25 13824                      /usr/lib/jvm/java-17-openjdk-amd64/lib/libjimage.so
7f6f31efe000-7f6f31f01000 r-xp 00002000 00:25 13824                      /usr/lib/jvm/java-17-openjdk-amd64/lib/libjimage.so
7f6f31f01000-7f6f31f02000 r--p 00005000 00:25 13824                      /usr/lib/jvm/java-17-openjdk-amd64/lib/libjimage.so
7f6f31f02000-7f6f31f03000 r--p 00006000 00:25 13824                      /usr/lib/jvm/java-17-openjdk-amd64/lib/libjimage.so
7f6f31f03000-7f6f31f04000 rw-p 00007000 00:25 13824                      /usr/lib/jvm/java-17-openjdk-amd64/lib/libjimage.so
7f6f31f04000-7f6f31f08000 ---p 00000000 00:00 0 
7f6f31f08000-7f6f32004000 rw-p 00000000 00:00 0 
7f6f32004000-7f6f32007000 r--p 00000000 00:25 17971                      /usr/lib/x86_64-linux-gnu/libgcc_s.so.1
7f6f32007000-7f6f3201e000 r-xp 00003000 00:25 17971                      /usr/lib/x86_64-linux-gnu/libgcc_s.so.1
7f6f3201e000-7f6f32022000 r--p 0001a000 00:25 17971                      /usr/lib/x86_64-linux-gnu/libgcc_s.so.1
7f6f32022000-7f6f32023000 r--p 0001d000 00:25 17971                      /usr/lib/x86_64-linux-gnu/libgcc_s.so.1
7f6f32023000-7f6f32024000 rw-p 0001e000 00:25 17971                      /usr/lib/x86_64-linux-gnu/libgcc_s.so.1
7f6f32024000-7f6f32034000 r--p 00000000 00:25 18072                      /usr/lib/x86_64-linux-gnu/libm.so.6
7f6f32034000-7f6f320a8000 r-xp 00010000 00:25 18072                      /usr/lib/x86_64-linux-gnu/libm.so.6
7f6f320a8000-7f6f32102000 r--p 00084000 00:25 18072                      /usr/lib/x86_64-linux-gnu/libm.so.6
7f6f32102000-7f6f32103000 r--p 000dd000 00:25 18072                      /usr/lib/x86_64-linux-gnu/libm.so.6
7f6f32103000-7f6f32104000 rw-p 000de000 00:25 18072                      /usr/lib/x86_64-linux-gnu/libm.so.6
7f6f32104000-7f6f3219d000 r--p 00000000 00:25 18239                      /usr/lib/x86_64-linux-gnu/libstdc++.so.6.0.30
7f6f3219d000-7f6f3229e000 r-xp 00099000 00:25 18239                      /usr/lib/x86_64-linux-gnu/libstdc++.so.6.0.30
7f6f3229e000-7f6f3230d000 r--p 0019a000 00:25 18239                      /usr/lib/x86_64-linux-gnu/libstdc++.so.6.0.30
7f6f3230d000-7f6f32318000 r--p 00209000 00:25 18239                      /usr/lib/x86_64-linux-gnu/libstdc++.so.6.0.30
7f6f32318000-7f6f3231b000 rw-p 00214000 00:25 18239                      /usr/lib/x86_64-linux-gnu/libstdc++.so.6.0.30
7f6f3231b000-7f6f3231e000 rw-p 00000000 00:00 0 
7f6f3231e000-7f6f3256f000 r--p 00000000 00:25 13856                      /usr/lib/jvm/java-17-openjdk-amd64/lib/server/libjvm.so
7f6f3256f000-7f6f332c1000 r-xp 00251000 00:25 13856                      /usr/lib/jvm/java-17-openjdk-amd64/lib/server/libjvm.so
7f6f332c1000-7f6f33543000 r--p 00fa3000 00:25 13856                      /usr/lib/jvm/java-17-openjdk-amd64/lib/server/libjvm.so
7f6f33543000-7f6f335fb000 r--p 01225000 00:25 13856                      /usr/lib/jvm/java-17-openjdk-amd64/lib/server/libjvm.so
7f6f335fb000-7f6f33630000 rw-p 012dd000 00:25 13856                      /usr/lib/jvm/java-17-openjdk-amd64/lib/server/libjvm.so
7f6f33630000-7f6f3368c000 rw-p 00000000 00:00 0 
7f6f3368c000-7f6f336b2000 r--p 00000000 00:25 17860                      /usr/lib/x86_64-linux-gnu/libc.so.6
7f6f336b2000-7f6f33808000 r-xp 00026000 00:25 17860                      /usr/lib/x86_64-linux-gnu/libc.so.6
7f6f33808000-7f6f3385b000 r--p 0017c000 00:25 17860                      /usr/lib/x86_64-linux-gnu/libc.so.6
7f6f3385b000-7f6f3385f000 r--p 001cf000 00:25 17860                      /usr/lib/x86_64-linux-gnu/libc.so.6
7f6f3385f000-7f6f33861000 rw-p 001d3000 00:25 17860                      /usr/lib/x86_64-linux-gnu/libc.so.6
7f6f33861000-7f6f3386e000 rw-p 00000000 00:00 0 
7f6f3386e000-7f6f33870000 r--p 00000000 00:25 13825                      /usr/lib/jvm/java-17-openjdk-amd64/lib/libjli.so
7f6f33870000-7f6f33879000 r-xp 00002000 00:25 13825                      /usr/lib/jvm/java-17-openjdk-amd64/lib/libjli.so
7f6f33879000-7f6f3387c000 r--p 0000b000 00:25 13825                      /usr/lib/jvm/java-17-openjdk-amd64/lib/libjli.so
7f6f3387c000-7f6f3387d000 r--p 0000d000 00:25 13825                      /usr/lib/jvm/java-17-openjdk-amd64/lib/libjli.so
7f6f3387d000-7f6f3387e000 rw-p 0000e000 00:25 13825                      /usr/lib/jvm/java-17-openjdk-amd64/lib/libjli.so
7f6f3387e000-7f6f33881000 r--p 00000000 00:25 1006                       /usr/lib/x86_64-linux-gnu/libz.so.1.2.13
7f6f33881000-7f6f33894000 r-xp 00003000 00:25 1006                       /usr/lib/x86_64-linux-gnu/libz.so.1.2.13
7f6f33894000-7f6f3389b000 r--p 00016000 00:25 1006                       /usr/lib/x86_64-linux-gnu/libz.so.1.2.13
7f6f3389b000-7f6f3389c000 r--p 0001c000 00:25 1006                       /usr/lib/x86_64-linux-gnu/libz.so.1.2.13
7f6f3389c000-7f6f3389d000 rw-p 0001d000 00:25 1006                       /usr/lib/x86_64-linux-gnu/libz.so.1.2.13
7f6f3389d000-7f6f3389e000 r--p 00000000 00:25 13891                      /usr/lib/locale/C.utf8/LC_ADDRESS
7f6f3389e000-7f6f3389f000 r--p 00000000 00:25 13901                      /usr/lib/locale/C.utf8/LC_TELEPHONE
7f6f3389f000-7f6f338a0000 r--p 00000000 00:25 13895                      /usr/lib/locale/C.utf8/LC_MEASUREMENT
7f6f338a0000-7f6f338a1000 r--p 00000000 00:25 13894                      /usr/lib/locale/C.utf8/LC_IDENTIFICATION
7f6f338a1000-7f6f338a2000 ---p 00000000 00:00 0 
7f6f338a2000-7f6f338a3000 r--p 00000000 00:00 0 
7f6f338a3000-7f6f338a4000 ---p 00000000 00:00 0 
7f6f338a4000-7f6f338a6000 rw-p 00000000 00:00 0 
7f6f338a6000-7f6f338a7000 r--p 00000000 00:25 17646                      /usr/lib/x86_64-linux-gnu/ld-linux-x86-64.so.2
7f6f338a7000-7f6f338cd000 r-xp 00001000 00:25 17646                      /usr/lib/x86_64-linux-gnu/ld-linux-x86-64.so.2
7f6f338cd000-7f6f338d7000 r--p 00027000 00:25 17646                      /usr/lib/x86_64-linux-gnu/ld-linux-x86-64.so.2
7f6f338d7000-7f6f338d9000 r--p 00031000 00:25 17646                      /usr/lib/x86_64-linux-gnu/ld-linux-x86-64.so.2
7f6f338d9000-7f6f338db000 rw-p 00033000 00:25 17646                      /usr/lib/x86_64-linux-gnu/ld-linux-x86-64.so.2
7ffede1a7000-7ffede1c8000 rw-p 00000000 00:00 0                          [stack]
7ffede1dd000-7ffede1e0000 r--p 00000000 00:00 0                          [vvar]
7ffede1e0000-7ffede1e2000 r-xp 00000000 00:00 0                          [vdso]
ffffffffff600000-ffffffffff601000 r-xp 00000000 00:00 0                  [vsyscall]


VM Arguments:
jvm_args: --add-opens=java.base/java.lang=ALL-UNNAMED --add-opens=java.base/java.lang.invoke=ALL-UNNAMED --add-opens=java.base/java.util=ALL-UNNAMED --add-opens=java.prefs/java.util.prefs=ALL-UNNAMED --add-exports=jdk.compiler/com.sun.tools.javac.api=ALL-UNNAMED --add-exports=jdk.compiler/com.sun.tools.javac.util=ALL-UNNAMED --add-opens=java.base/java.util=ALL-UNNAMED --add-opens=java.prefs/java.util.prefs=ALL-UNNAMED --add-opens=java.base/java.nio.charset=ALL-UNNAMED --add-opens=java.base/java.net=ALL-UNNAMED --add-opens=java.base/java.util.concurrent.atomic=ALL-UNNAMED --add-opens=java.xml/javax.xml.namespace=ALL-UNNAMED -XX:MaxMetaspaceSize=768m -Xmx1280m -Dfile.encoding=UTF-8 -Duser.country -Duser.language=en -Duser.variant -javaagent:/root/.gradle/wrapper/dists/gradle-8.11.1-bin/bpt9gzteqjrbo1mjrsomdt32c/gradle-8.11.1/lib/agents/gradle-instrumentation-agent-8.11.1.jar 
java_command: org.gradle.launcher.daemon.bootstrap.GradleDaemon 8.11.1
java_class_path (initial): /root/.gradle/wrapper/dists/gradle-8.11.1-bin/bpt9gzteqjrbo1mjrsomdt32c/gradle-8.11.1/lib/gradle-daemon-main-8.11.1.jar
Launcher Type: SUN_STANDARD

[Global flags]
     intx CICompilerCount                          = 2                                         {product} {ergonomic}
   size_t CompressedClassSpaceSize                 = 654311424                                 {product} {ergonomic}
     uint ConcGCThreads                            = 1                                         {product} {ergonomic}
     uint G1ConcRefinementThreads                  = 2                                         {product} {ergonomic}
   size_t G1HeapRegionSize                         = 1048576                                   {product} {ergonomic}
    uintx GCDrainStackTargetSize                   = 64                                        {product} {ergonomic}
   size_t InitialHeapSize                          = 33554432                                  {product} {ergonomic}
   size_t MarkStackSize                            = 4194304                                   {product} {ergonomic}
   size_t MaxHeapSize                              = 1342177280                                {product} {command line}
   size_t MaxMetaspaceSize                         = 805306368                                 {product} {command line}
   size_t MaxNewSize                               = 805306368                                 {product} {ergonomic}
   size_t MinHeapDeltaBytes                        = 1048576                                   {product} {ergonomic}
   size_t MinHeapSize                              = 8388608                                   {product} {ergonomic}
    uintx NonNMethodCodeHeapSize                   = 5826188                                {pd product} {ergonomic}
    uintx NonProfiledCodeHeapSize                  = 122916026                              {pd product} {ergonomic}
    uintx ProfiledCodeHeapSize                     = 122916026                              {pd product} {ergonomic}
    uintx ReservedCodeCacheSize                    = 251658240                              {pd product} {ergonomic}
     bool SegmentedCodeCache                       = true                                      {product} {ergonomic}
   size_t SoftMaxHeapSize                          = 1342177280                             {manageable} {ergonomic}
     bool UseCompressedClassPointers               = true                           {product lp64_product} {ergonomic}
     bool UseCompressedOops                        = true                           {product lp64_product} {ergonomic}
     bool UseG1GC                                  = true                                      {product} {ergonomic}

Logging:
Log output configuration:
 #0: stdout all=warning uptime,level,tags
 #1: stderr all=off uptime,level,tags

Environment Variables:
PATH=/usr/local/sbin:/usr/local/bin:/usr/sbin:/usr/bin:/sbin:/bin
SHELL=/bin/bash
LANG=C.UTF-8
LC_ALL=C.UTF-8
TERM=tmux-256color

Active Locale:
LC_ALL=C.UTF-8
LC_COLLATE=C.UTF-8
LC_CTYPE=C.UTF-8
LC_MESSAGES=C.UTF-8
LC_MONETARY=C.UTF-8
LC_NUMERIC=C.UTF-8
LC_TIME=C.UTF-8

Signal Handlers:
   SIGSEGV: crash_handler in libjvm.so, mask=11100100010111111101111111111110, flags=SA_RESTART|SA_SIGINFO, unblocked
    SIGBUS: crash_handler in libjvm.so, mask=11100100010111111101111111111110, flags=SA_RESTART|SA_SIGINFO, unblocked
    SIGFPE: crash_handler in libjvm.so, mask=11100100010111111101111111111110, flags=SA_RESTART|SA_SIGINFO, unblocked
   SIGPIPE: javaSignalHandler in libjvm.so, mask=11100100010111111101111111111110, flags=SA_RESTART|SA_SIGINFO, unblocked
   SIGXFSZ: javaSignalHandler in libjvm.so, mask=11100100010111111101111111111110, flags=SA_RESTART|SA_SIGINFO, unblocked
    SIGILL: crash_handler in libjvm.so, mask=11100100010111111101111111111110, flags=SA_RESTART|SA_SIGINFO, unblocked
   SIGUSR2: SR_handler in libjvm.so, mask=00100000000000000000000000000000, flags=SA_RESTART|SA_SIGINFO, unblocked
    SIGHUP: UserHandler in libjvm.so, mask=11100100010111111101111111111110, flags=SA_RESTART|SA_SIGINFO, unblocked
    SIGINT: UserHandler in libjvm.so, mask=11100100010111111101111111111110, flags=SA_RESTART|SA_SIGINFO, unblocked
   SIGTERM: UserHandler in libjvm.so, mask=11100100010111111101111111111110, flags=SA_RESTART|SA_SIGINFO, unblocked
   SIGQUIT: UserHandler in libjvm.so, mask=11100100010111111101111111111110, flags=SA_RESTART|SA_SIGINFO, unblocked
   SIGTRAP: crash_handler in libjvm.so, mask=11100100010111111101111111111110, flags=SA_RESTART|SA_SIGINFO, unblocked


Periodic native trim disabled


---------------  S Y S T E M  ---------------

OS:
PRETTY_NAME="Debian GNU/Linux 12 (bookworm)"
NAME="Debian GNU/Linux"
VERSION_ID="12"
VERSION="12 (bookworm)"
VERSION_CODENAME=bookworm
ID=debian
HOME_URL="https://www.debian.org/"
SUPPORT_URL="https://www.debian.org/support"
BUG_REPORT_URL="https://bugs.debian.org/"
uname: Linux 4.19.91-c8dfc93.al7.x86_64 #1 SMP Tue Sep 26 10:25:51 UTC 2023 x86_64
OS uptime: 0 days 0:16 hours
libc: glibc 2.36 NPTL 2.36 
rlimit (soft/hard): STACK 8192k/infinity , CORE 0k/0k , NPROC 100000/100000 , NOFILE 100000/100000 , AS infinity/infinity , CPU infinity/infinity , DATA infinity/infinity , FSIZE infinity/infinity , MEMLOCK 64k/64k
load average: 1.26 1.55 1.09

/proc/meminfo:
MemTotal:        2152516 kB
MemFree:           35360 kB
MemAvailable:     162468 kB
Buffers:           31436 kB
Cached:           139104 kB
SwapCached:            0 kB
Active:          1921108 kB
Inactive:          96156 kB
Active(anon):    1846716 kB
Inactive(anon):       16 kB
Active(file):      74392 kB
Inactive(file):    96140 kB
Unevictable:           0 kB
Mlocked:               0 kB
SwapTotal:             0 kB
SwapFree:              0 kB
Dirty:               492 kB
Writeback:             0 kB
AnonPages:       1846704 kB
Mapped:            28388 kB
Shmem:                32 kB
Slab:              49656 kB
SReclaimable:      36648 kB
SUnreclaim:        13008 kB
KernelStack:        3104 kB
PageTables:         5256 kB
NFS_Unstable:          0 kB
Bounce:                0 kB
WritebackTmp:          0 kB
CommitLimit:     1076256 kB
Committed_AS:    2254012 kB
VmallocTotal:   34359738367 kB
VmallocUsed:           0 kB
VmallocChunk:          0 kB
Percpu:              400 kB
AnonHugePages:    501760 kB
ShmemHugePages:        0 kB
ShmemPmdMapped:        0 kB
HugePages_Total:       0
HugePages_Free:        0
HugePages_Rsvd:        0
HugePages_Surp:        0
Hugepagesize:       2048 kB
Hugetlb:               0 kB
DirectMap4k:        8192 kB
DirectMap2M:     2523136 kB
DirectMap1G:           0 kB

/sys/kernel/mm/transparent_hugepage/enabled: [always] madvise never
/sys/kernel/mm/transparent_hugepage/hpage_pmd_size: 2097152
/sys/kernel/mm/transparent_hugepage/defrag (defrag/compaction efforts parameter): always defer defer+madvise madvise [never]

Process Memory:
Virtual Size: 3293392K (peak: 3638936K)
Resident Set Size: 710260K (peak: 710260K) (anon: 687532K, file: 22728K, shmem: 0K)
Swapped out: 0K
C-Heap outstanding allocations: 104610K, retained: 11133K
glibc malloc tunables: (default)

/proc/sys/kernel/threads-max (system-wide limit on the number of threads): 1129
/proc/sys/vm/max_map_count (maximum number of memory map areas a process may have): 65530
/proc/sys/vm/swappiness (control to define how aggressively the kernel swaps out anonymous memory): 60
/proc/sys/kernel/pid_max (system-wide limit on number of process identifiers): 32768

container (cgroup) information:
container_type: cgroupv1
cpu_cpuset_cpus: 0-1
cpu_memory_nodes: 0
active_processor_count: 2
cpu_quota: no quota
cpu_period: 100000
cpu_shares: 12288
memory_limit_in_bytes: 2097152 k
memory_and_swap_limit_in_bytes: unlimited
memory_soft_limit_in_bytes: unlimited
memory_usage_in_bytes: 2055796 k
memory_max_usage_in_bytes: 2064892 k
rss_usage_in_bytes: 1840136 k
cache_usage_in_bytes: 170044 k
kernel_memory_limit_in_bytes: unlimited
kernel_memory_usage_in_bytes: 45184 k
kernel_memory_max_usage_in_bytes: 91412 k
maximum number of tasks: unlimited
current number of tasks: 120

KVM virtualization detected
Steal ticks since vm start: 3205
Steal ticks percentage since vm start:  0.388

CPU: total 2 (initial active 2) (2 cores per cpu, 1 threads per core) family 6 model 85 stepping 7 microcode 0x1, cx8, cmov, fxsr, mmx, 3dnowpref, sse, sse2, sse3, ssse3, sse4.1, sse4.2, popcnt, lzcnt, tsc, tscinvbit, avx, avx2, aes, erms, clmul, bmi1, bmi2, adx, avx512f, avx512dq, avx512cd, avx512bw, avx512vl, fma, vzeroupper, avx512_vnni, clflush, clflushopt, clwb, hv
CPU Model and flags from /proc/cpuinfo:
model name	: Intel(R) Xeon(R) Processor @ 2.50GHz
flags		: fpu vme de pse tsc msr pae mce cx8 apic sep mtrr pge mca cmov pat pse36 clflush mmx fxsr sse sse2 ss ht syscall nx pdpe1gb rdtscp lm constant_tsc rep_good nopl xtopology nonstop_tsc cpuid tsc_known_freq pni pclmulqdq ssse3 fma cx16 pcid sse4_1 sse4_2 x2apic movbe popcnt tsc_deadline_timer aes xsave avx f16c rdrand hypervisor lahf_lm abm 3dnowprefetch cpuid_fault invpcid_single ssbd ibrs ibpb stibp ibrs_enhanced fsgsbase tsc_adjust bmi1 avx2 smep bmi2 erms invpcid mpx avx512f avx512dq rdseed adx smap clflushopt clwb avx512cd avx512bw avx512vl xsaveopt xsavec xgetbv1 xsaves umip avx512_vnni md_clear arch_capabilities

Online cpus: 0-1
Offline cpus: 
BIOS frequency limitation: <Not Available>
Frequency switch latency (ns): <Not Available>
Available cpu frequencies: <Not Available>
Current governor: <Not Available>
Core performance/turbo boost: <Not Available>

Memory: 4k page, physical 2097152k(41356k free), swap 0k(0k free)
Page Sizes: 4k

vm_info: OpenJDK 64-Bit Server VM (17.0.20+8-1-deb12u1-Debian) for linux-amd64 JRE (17.0.20+8-1-deb12u1-Debian), built on Jul 28 2026 07:08:51 by "buildd" with gcc 12.2.0

END.
