#
# There is insufficient memory for the Java Runtime Environment to continue.
# Native memory allocation (mmap) failed to map 211812352 bytes. Error detail: committing reserved memory.
# Possible reasons:
#   The system is out of physical RAM or swap space
#   This process is running with CompressedOops enabled, and the Java Heap may be blocking the growth of the native heap
# Possible solutions:
#   Reduce memory load on the system
#   Increase physical memory or swap space
#   Check if swap backing store is full
#   Decrease Java heap size (-Xmx/-Xms)
#   Decrease number of Java threads
#   Decrease Java thread stack sizes (-Xss)
#   Set larger code cache with -XX:ReservedCodeCacheSize=
#   JVM is running with Unscaled Compressed Oops mode in which the Java heap is
#     placed in the first 4GB address space. The Java Heap base address is the
#     maximum limit for the native heap growth. Please use -XX:HeapBaseMinAddress
#     to set the Java Heap base and to place the Java Heap above 4GB virtual address.
# This output file may be truncated or incomplete.
#
#  Out of Memory Error (os_linux.cpp:2834), pid=3202, tid=3212
#
# JRE version: OpenJDK Runtime Environment (17.0.20+8) (build 17.0.20+8-1-deb12u1-Debian)
# Java VM: OpenJDK 64-Bit Server VM (17.0.20+8-1-deb12u1-Debian, mixed mode, sharing, tiered, compressed oops, compressed class ptrs, g1 gc, linux-amd64)
# No core dump will be written. Core dumps have been disabled. To enable core dumping, try "ulimit -c unlimited" before starting Java again
#

---------------  S U M M A R Y ------------

Command Line: --add-opens=java.base/java.lang=ALL-UNNAMED --add-opens=java.base/java.lang.invoke=ALL-UNNAMED --add-opens=java.base/java.util=ALL-UNNAMED --add-opens=java.prefs/java.util.prefs=ALL-UNNAMED --add-exports=jdk.compiler/com.sun.tools.javac.api=ALL-UNNAMED --add-exports=jdk.compiler/com.sun.tools.javac.util=ALL-UNNAMED --add-opens=java.base/java.util=ALL-UNNAMED --add-opens=java.prefs/java.util.prefs=ALL-UNNAMED --add-opens=java.base/java.nio.charset=ALL-UNNAMED --add-opens=java.base/java.net=ALL-UNNAMED --add-opens=java.base/java.util.concurrent.atomic=ALL-UNNAMED --add-opens=java.xml/javax.xml.namespace=ALL-UNNAMED -XX:MaxMetaspaceSize=768m -Xmx1280m -Dfile.encoding=UTF-8 -Duser.country -Duser.language=en -Duser.variant -javaagent:/root/.gradle/wrapper/dists/gradle-8.11.1-bin/bpt9gzteqjrbo1mjrsomdt32c/gradle-8.11.1/lib/agents/gradle-instrumentation-agent-8.11.1.jar org.gradle.launcher.daemon.bootstrap.GradleDaemon 8.11.1

Host: Intel(R) Xeon(R) Processor @ 2.50GHz, 2 cores, 2G, Debian GNU/Linux 12 (bookworm)
Time: Mon Oct  5 13:46:21 2026 UTC elapsed time: 48.491752 seconds (0d 0h 0m 48s)

---------------  T H R E A D  ---------------

Current thread (0x00007f1a500b29d0):  VMThread "VM Thread" [stack: 0x00007f1a39062000,0x00007f1a39162000] [id=3212]

Stack: [0x00007f1a39062000,0x00007f1a39162000],  sp=0x00007f1a3915fd70,  free space=1015k
Native frames: (J=compiled Java code, j=interpreted, Vv=VM code, C=native code)
V  [libjvm.so+0xf21211]  VMError::report_and_die(int, char const*, char const*, __va_list_tag*, Thread*, unsigned char*, void*, void*, char const*, int, unsigned long)+0x171
V  [libjvm.so+0xf21d7d]  VMError::report_and_die(Thread*, char const*, int, unsigned long, VMErrorType, char const*, __va_list_tag*)+0x2d
V  [libjvm.so+0x60378c]  report_vm_out_of_memory(char const*, int, unsigned long, VMErrorType, char const*, ...)+0xdc
V  [libjvm.so+0xc2a14b]  os::pd_commit_memory_or_exit(char*, unsigned long, unsigned long, bool, char const*)+0xeb
V  [libjvm.so+0xc23ffb]  os::commit_memory_or_exit(char*, unsigned long, unsigned long, bool, char const*)+0x1b
V  [libjvm.so+0x733436]  G1PageBasedVirtualSpace::commit(unsigned long, unsigned long)+0x66
V  [libjvm.so+0x7473e0]  G1RegionsLargerThanCommitSizeMapper::commit_regions(unsigned int, unsigned long, WorkGang*)+0x110
V  [libjvm.so+0x7dadc8]  HeapRegionManager::commit_regions(unsigned int, unsigned long, WorkGang*)+0x88
V  [libjvm.so+0x7dcc0b]  HeapRegionManager::expand(unsigned int, unsigned int, WorkGang*)+0x2b
V  [libjvm.so+0x7dce27]  HeapRegionManager::expand_by(unsigned int, WorkGang*)+0x77
V  [libjvm.so+0x6ebed8]  G1CollectedHeap::expand(unsigned long, WorkGang*, double*)+0xe8
V  [libjvm.so+0x6efb29]  G1CollectedHeap::do_collection_pause_at_safepoint_helper(double)+0x8a9
V  [libjvm.so+0x6efb8f]  G1CollectedHeap::do_collection_pause_at_safepoint(double)+0x2f
V  [libjvm.so+0x76b9d7]  VM_G1CollectForAllocation::doit()+0x47
V  [libjvm.so+0xf26715]  VM_Operation::evaluate()+0xe5
V  [libjvm.so+0xf28005]  VMThread::evaluate_operation(VM_Operation*)+0x105
V  [libjvm.so+0xf2857f]  VMThread::inner_execute(VM_Operation*)+0x28f
V  [libjvm.so+0xf2878f]  VMThread::run()+0xbf
V  [libjvm.so+0xea40a5]  Thread::call_run()+0xa5
V  [libjvm.so+0xc2c8f3]  thread_native_entry(Thread*)+0xe3

VM_Operation (0x00007f1a288e57b0): G1CollectForAllocation, mode: safepoint, requested by thread 0x00007f1a25302890


---------------  P R O C E S S  ---------------

Threads class SMR info:
_java_thread_list=0x00007f1a2c088f90, length=55, elements={
0x00007f1a5001ad80, 0x00007f1a500b6ad0, 0x00007f1a500b7eb0, 0x00007f1a500be8a0,
0x00007f1a500bfc50, 0x00007f1a500c1060, 0x00007f1a500c2a10, 0x00007f1a500c3f40,
0x00007f1a500c53b0, 0x00007f1a500d07d0, 0x00007f1a501aed10, 0x00007f1a51327e70,
0x00007f1a513914f0, 0x00007f1a513c8da0, 0x00007f19e0016f20, 0x00007f19e80044a0,
0x00007f19e8007440, 0x00007f19e800d070, 0x00007f1a24006d50, 0x00007f1a2400cae0,
0x00007f1a24009830, 0x00007f1a241a5190, 0x00007f1a241ac840, 0x00007f1a241e5670,
0x00007f1a246a7160, 0x00007f1a24775e90, 0x00007f1a2477a950, 0x00007f1a248481f0,
0x00007f1a248b7270, 0x00007f1a248fa910, 0x00007f1a252ee760, 0x00007f1a25302890,
0x00007f1a25309920, 0x00007f1a2588d7f0, 0x00007f1a25cc2520, 0x00007f1a264c84c0,
0x00007f1a2c006690, 0x00007f1a340474d0, 0x00007f1a2c060870, 0x00007f1a2c066250,
0x00007f1a2c027a10, 0x00007f1a2c03a3e0, 0x00007f1a2c06d560, 0x00007f1a3407e240,
0x00007f1a34085e50, 0x00007f1a34086d70, 0x00007f1a2c075c00, 0x00007f1a2c077da0,
0x00007f1a2c07d6d0, 0x00007f1a2c080820, 0x00007f1a2c0812c0, 0x00007f1a34093560,
0x00007f1a3407d960, 0x00007f1a2c083890, 0x00007f1a2c084840
}

Java Threads: ( => current thread )
  0x00007f1a5001ad80 JavaThread "main" [_thread_blocked, id=3203, stack(0x00007f1a579a7000,0x00007f1a57aa7000)]
  0x00007f1a500b6ad0 JavaThread "Reference Handler" daemon [_thread_blocked, id=3213, stack(0x00007f1a38f61000,0x00007f1a39061000)]
  0x00007f1a500b7eb0 JavaThread "Finalizer" daemon [_thread_blocked, id=3214, stack(0x00007f1a38e60000,0x00007f1a38f60000)]
  0x00007f1a500be8a0 JavaThread "Signal Dispatcher" daemon [_thread_blocked, id=3215, stack(0x00007f1a38d5f000,0x00007f1a38e5f000)]
  0x00007f1a500bfc50 JavaThread "Service Thread" daemon [_thread_blocked, id=3216, stack(0x00007f1a38c5e000,0x00007f1a38d5e000)]
  0x00007f1a500c1060 JavaThread "Monitor Deflation Thread" daemon [_thread_blocked, id=3217, stack(0x00007f1a38b5d000,0x00007f1a38c5d000)]
  0x00007f1a500c2a10 JavaThread "C2 CompilerThread0" daemon [_thread_blocked, id=3218, stack(0x00007f1a38a5c000,0x00007f1a38b5c000)]
  0x00007f1a500c3f40 JavaThread "C1 CompilerThread0" daemon [_thread_blocked, id=3219, stack(0x00007f1a3895b000,0x00007f1a38a5b000)]
  0x00007f1a500c53b0 JavaThread "Sweeper thread" daemon [_thread_blocked, id=3220, stack(0x00007f1a3885a000,0x00007f1a3895a000)]
  0x00007f1a500d07d0 JavaThread "Common-Cleaner" daemon [_thread_blocked, id=3221, stack(0x00007f1a38759000,0x00007f1a38859000)]
  0x00007f1a501aed10 JavaThread "Notification Thread" daemon [_thread_blocked, id=3222, stack(0x00007f1a38640000,0x00007f1a38740000)]
  0x00007f1a51327e70 JavaThread "Daemon health stats" [_thread_blocked, id=3230, stack(0x00007f1a29f00000,0x00007f1a2a000000)]
  0x00007f1a513914f0 JavaThread "Incoming local TCP Connector on port 40421" [_thread_in_native, id=3232, stack(0x00007f1a29b00000,0x00007f1a29c00000)]
  0x00007f1a513c8da0 JavaThread "Daemon periodic checks" [_thread_blocked, id=3234, stack(0x00007f1a299ff000,0x00007f1a29aff000)]
  0x00007f19e0016f20 JavaThread "Daemon" [_thread_blocked, id=3235, stack(0x00007f1a298fe000,0x00007f1a299fe000)]
  0x00007f19e80044a0 JavaThread "Handler for socket connection from /127.0.0.1:40421 to /127.0.0.1:42398" [_thread_in_native, id=3236, stack(0x00007f1a297fd000,0x00007f1a298fd000)]
  0x00007f19e8007440 JavaThread "Cancel handler" [_thread_blocked, id=3237, stack(0x00007f1a296fc000,0x00007f1a297fc000)]
  0x00007f19e800d070 JavaThread "Daemon worker" [_thread_blocked, id=3238, stack(0x00007f1a295fb000,0x00007f1a296fb000)]
  0x00007f1a24006d50 JavaThread "Asynchronous log dispatcher for DefaultDaemonConnection: socket connection from /127.0.0.1:40421 to /127.0.0.1:42398" [_thread_blocked, id=3239, stack(0x00007f1a294fa000,0x00007f1a295fa000)]
  0x00007f1a2400cae0 JavaThread "Stdin handler" [_thread_blocked, id=3240, stack(0x00007f1a293f9000,0x00007f1a294f9000)]
  0x00007f1a24009830 JavaThread "Daemon client event forwarder" [_thread_blocked, id=3241, stack(0x00007f1a292f8000,0x00007f1a293f8000)]
  0x00007f1a241a5190 JavaThread "Cache worker for journal cache (/root/.gradle/caches/journal-1)" [_thread_blocked, id=3244, stack(0x00007f1a291f7000,0x00007f1a292f7000)]
  0x00007f1a241ac840 JavaThread "File lock request listener" [_thread_in_native, id=3245, stack(0x00007f1a290f6000,0x00007f1a291f6000)]
  0x00007f1a241e5670 JavaThread "Cache worker for file hash cache (/root/.gradle/caches/8.11.1/fileHashes)" [_thread_blocked, id=3246, stack(0x00007f1a28ff5000,0x00007f1a290f5000)]
  0x00007f1a246a7160 JavaThread "Cache worker for file content cache (/root/.gradle/caches/8.11.1/fileContent)" [_thread_blocked, id=3248, stack(0x00007f1a28ef4000,0x00007f1a28ff4000)]
  0x00007f1a24775e90 JavaThread "Cache worker for file hash cache (/workspace/.gradle/8.11.1/fileHashes)" [_thread_blocked, id=3250, stack(0x00007f1a28df3000,0x00007f1a28ef3000)]
  0x00007f1a2477a950 JavaThread "Cache worker for Build Output Cleanup Cache (/workspace/.gradle/buildOutputCleanup)" [_thread_blocked, id=3251, stack(0x00007f1a28cf2000,0x00007f1a28df2000)]
  0x00007f1a248481f0 JavaThread "Cache worker for checksums cache (/workspace/.gradle/8.11.1/checksums)" [_thread_blocked, id=3254, stack(0x00007f1a28bf1000,0x00007f1a28cf1000)]
  0x00007f1a248b7270 JavaThread "Cache worker for cache directory md-rule (/root/.gradle/caches/8.11.1/md-rule)" [_thread_blocked, id=3255, stack(0x00007f1a28af0000,0x00007f1a28bf0000)]
  0x00007f1a248fa910 JavaThread "Cache worker for cache directory md-supplier (/root/.gradle/caches/8.11.1/md-supplier)" [_thread_blocked, id=3257, stack(0x00007f1a289ef000,0x00007f1a28aef000)]
  0x00007f1a252ee760 JavaThread "Unconstrained build operations" [_thread_blocked, id=3272, stack(0x00007f1a288ee000,0x00007f1a289ee000)]
  0x00007f1a25302890 JavaThread "Unconstrained build operations Thread 2" [_thread_blocked, id=3273, stack(0x00007f1a287ed000,0x00007f1a288ed000)]
  0x00007f1a25309920 JavaThread "Unconstrained build operations Thread 3" [_thread_blocked, id=3276, stack(0x00007f1a286ec000,0x00007f1a287ec000)]
  0x00007f1a2588d7f0 JavaThread "Memory manager" [_thread_blocked, id=3287, stack(0x00007f1a285eb000,0x00007f1a286eb000)]
  0x00007f1a25cc2520 JavaThread "build event listener" [_thread_blocked, id=3293, stack(0x00007f1a284ea000,0x00007f1a285ea000)]
  0x00007f1a264c84c0 JavaThread "included builds" [_thread_blocked, id=3313, stack(0x00007f1a283e9000,0x00007f1a284e9000)]
  0x00007f1a2c006690 JavaThread "Execution worker" [_thread_blocked, id=3314, stack(0x00007f1a282e8000,0x00007f1a283e8000)]
  0x00007f1a340474d0 JavaThread "Cache worker for execution history cache (/workspace/.gradle/8.11.1/executionHistory)" [_thread_blocked, id=3315, stack(0x00007f1a281e7000,0x00007f1a282e7000)]
  0x00007f1a2c060870 JavaThread "Unconstrained build operations Thread 4" [_thread_blocked, id=3318, stack(0x00007f1a280e6000,0x00007f1a281e6000)]
  0x00007f1a2c066250 JavaThread "Unconstrained build operations Thread 5" [_thread_blocked, id=3321, stack(0x00007f19cbf00000,0x00007f19cc000000)]
  0x00007f1a2c027a10 JavaThread "Unconstrained build operations Thread 6" [_thread_blocked, id=3323, stack(0x00007f19cbdff000,0x00007f19cbeff000)]
  0x00007f1a2c03a3e0 JavaThread "Unconstrained build operations Thread 7" [_thread_blocked, id=3324, stack(0x00007f19cbcfe000,0x00007f19cbdfe000)]
  0x00007f1a2c06d560 JavaThread "Unconstrained build operations Thread 8" [_thread_blocked, id=3325, stack(0x00007f19cbbfd000,0x00007f19cbcfd000)]
  0x00007f1a3407e240 JavaThread "Unconstrained build operations Thread 9" [_thread_blocked, id=3326, stack(0x00007f19cbafc000,0x00007f19cbbfc000)]
  0x00007f1a34085e50 JavaThread "Unconstrained build operations Thread 10" [_thread_blocked, id=3327, stack(0x00007f19cb9fb000,0x00007f19cbafb000)]
  0x00007f1a34086d70 JavaThread "Unconstrained build operations Thread 11" [_thread_blocked, id=3329, stack(0x00007f19cb8fa000,0x00007f19cb9fa000)]
  0x00007f1a2c075c00 JavaThread "Unconstrained build operations Thread 12" [_thread_blocked, id=3331, stack(0x00007f19cb7f9000,0x00007f19cb8f9000)]
  0x00007f1a2c077da0 JavaThread "Unconstrained build operations Thread 13" [_thread_blocked, id=3332, stack(0x00007f19cb6f8000,0x00007f19cb7f8000)]
  0x00007f1a2c07d6d0 JavaThread "Unconstrained build operations Thread 14" [_thread_blocked, id=3334, stack(0x00007f19cb5f7000,0x00007f19cb6f7000)]
  0x00007f1a2c080820 JavaThread "Unconstrained build operations Thread 15" [_thread_blocked, id=3335, stack(0x00007f19cb4f6000,0x00007f19cb5f6000)]
  0x00007f1a2c0812c0 JavaThread "Unconstrained build operations Thread 16" [_thread_blocked, id=3336, stack(0x00007f19cb3f5000,0x00007f19cb4f5000)]
  0x00007f1a34093560 JavaThread "Unconstrained build operations Thread 17" [_thread_blocked, id=3337, stack(0x00007f19cb2f4000,0x00007f19cb3f4000)]
  0x00007f1a3407d960 JavaThread "Unconstrained build operations Thread 18" [_thread_blocked, id=3339, stack(0x00007f19cb1f3000,0x00007f19cb2f3000)]
  0x00007f1a2c083890 JavaThread "Unconstrained build operations Thread 19" [_thread_blocked, id=3340, stack(0x00007f19cb0f2000,0x00007f19cb1f2000)]
  0x00007f1a2c084840 JavaThread "Unconstrained build operations Thread 20" [_thread_blocked, id=3341, stack(0x00007f19caff1000,0x00007f19cb0f1000)]

Other Threads:
=>0x00007f1a500b29d0 VMThread "VM Thread" [stack: 0x00007f1a39062000,0x00007f1a39162000] [id=3212]
  0x00007f1a5001d0f0 WatcherThread [stack: 0x00007f1a3853f000,0x00007f1a3863f000] [id=3223]
  0x00007f1a5005f180 GCTaskThread "GC Thread#0" [stack: 0x00007f1a544d6000,0x00007f1a545d6000] [id=3206]
  0x00007f19f00049b0 GCTaskThread "GC Thread#1" [stack: 0x00007f1a3843e000,0x00007f1a3853e000] [id=3224]
  0x00007f1a5006a760 ConcurrentGCThread "G1 Main Marker" [stack: 0x00007f1a543d5000,0x00007f1a544d5000] [id=3207]
  0x00007f1a5006b6d0 ConcurrentGCThread "G1 Conc#0" [stack: 0x00007f1a542d4000,0x00007f1a543d4000] [id=3208]
  0x00007f1a5008a300 ConcurrentGCThread "G1 Refine#0" [stack: 0x00007f1a39411000,0x00007f1a39511000] [id=3209]
  0x00007f1a24000ea0 ConcurrentGCThread "G1 Refine#1" [stack: 0x00007f1a38100000,0x00007f1a38200000] [id=3227]
  0x00007f1a5008b200 ConcurrentGCThread "G1 Service" [stack: 0x00007f1a39310000,0x00007f1a39410000] [id=3210]

Threads with active compile tasks:
C2 CompilerThread0  48552 14522 %     4       com.android.tools.r8.internal.vd::a @ 1826 (4363 bytes)

VM state: at safepoint (normal execution)

VM Mutex/Monitor currently owned by a thread:  ([mutex/lock_event])
[0x00007f1a50017b70] Threads_lock - owner thread: 0x00007f1a500b29d0
[0x00007f1a50018320] Heap_lock - owner thread: 0x00007f1a25302890

Heap address: 0x00000000b0000000, size: 1280 MB, Compressed Oops mode: 32-bit

CDS archive(s) mapped at: [0x00007f19f4000000-0x00007f19f4bca000-0x00007f19f4bca000), size 12361728, SharedBaseAddress: 0x00007f19f4000000, ArchiveRelocationMode: 1.
Compressed class space mapped at: 0x00007f19f5000000-0x00007f1a1c000000, reserved size: 654311424
Narrow klass base: 0x00007f19f4000000, Narrow klass shift: 0, Narrow klass range: 0x100000000

GC Precious Log:
 CPUs: 2 total, 2 available
 Memory: 2048M
 Large Page Support: Disabled
 NUMA Support: Disabled
 Compressed Oops: Enabled (32-bit)
 Heap Region Size: 1M
 Heap Min Capacity: 8M
 Heap Initial Capacity: 32M
 Heap Max Capacity: 1280M
 Pre-touch: Disabled
 Parallel Workers: 2
 Concurrent Workers: 1
 Concurrent Refinement Workers: 2
 Periodic GC: Disabled

Heap:
 garbage-first heap   total 600064K, used 366004K [0x00000000b0000000, 0x0000000100000000)
  region size 1024K, 19 young (19456K), 19 survivors (19456K)
 Metaspace       used 103001K, committed 103872K, reserved 770048K
  class space    used 14517K, committed 14976K, reserved 638976K

Heap Regions: E=young(eden), S=young(survivor), O=old, HS=humongous(starts), HC=humongous(continues), CS=collection set, F=free, OA=open archive, CA=closed archive, TAMS=top-at-mark-start (previous, next)
|   0|0x00000000b0000000, 0x00000000b0100000, 0x00000000b0100000|100%|HS|  |TAMS 0x00000000b0100000, 0x00000000b0000000| Complete 
|   1|0x00000000b0100000, 0x00000000b0200000, 0x00000000b0200000|100%|HC|  |TAMS 0x00000000b0200000, 0x00000000b0100000| Complete 
|   2|0x00000000b0200000, 0x00000000b0300000, 0x00000000b0300000|100%|HC|  |TAMS 0x00000000b0300000, 0x00000000b0200000| Complete 
|   3|0x00000000b0300000, 0x00000000b0400000, 0x00000000b0400000|100%| O|  |TAMS 0x00000000b0400000, 0x00000000b0300000| Untracked 
|   4|0x00000000b0400000, 0x00000000b0500000, 0x00000000b0500000|100%| O|  |TAMS 0x00000000b0500000, 0x00000000b0400000| Untracked 
|   5|0x00000000b0500000, 0x00000000b0600000, 0x00000000b0600000|100%| O|  |TAMS 0x00000000b0600000, 0x00000000b0500000| Untracked 
|   6|0x00000000b0600000, 0x00000000b0700000, 0x00000000b0700000|100%| O|  |TAMS 0x00000000b0700000, 0x00000000b0600000| Untracked 
|   7|0x00000000b0700000, 0x00000000b0800000, 0x00000000b0800000|100%| O|  |TAMS 0x00000000b0800000, 0x00000000b0700000| Untracked 
|   8|0x00000000b0800000, 0x00000000b0900000, 0x00000000b0900000|100%| O|  |TAMS 0x00000000b0900000, 0x00000000b0800000| Untracked 
|   9|0x00000000b0900000, 0x00000000b0a00000, 0x00000000b0a00000|100%| O|  |TAMS 0x00000000b0a00000, 0x00000000b0900000| Untracked 
|  10|0x00000000b0a00000, 0x00000000b0b00000, 0x00000000b0b00000|100%|HS|  |TAMS 0x00000000b0b00000, 0x00000000b0a00000| Complete 
|  11|0x00000000b0b00000, 0x00000000b0c00000, 0x00000000b0c00000|100%| O|  |TAMS 0x00000000b0c00000, 0x00000000b0b00000| Untracked 
|  12|0x00000000b0c00000, 0x00000000b0d00000, 0x00000000b0d00000|100%| O|  |TAMS 0x00000000b0d00000, 0x00000000b0c00000| Untracked 
|  13|0x00000000b0d00000, 0x00000000b0e00000, 0x00000000b0e00000|100%| O|  |TAMS 0x00000000b0e00000, 0x00000000b0d00000| Untracked 
|  14|0x00000000b0e00000, 0x00000000b0f00000, 0x00000000b0f00000|100%| O|  |TAMS 0x00000000b0f00000, 0x00000000b0e00000| Untracked 
|  15|0x00000000b0f00000, 0x00000000b1000000, 0x00000000b1000000|100%| O|  |TAMS 0x00000000b1000000, 0x00000000b0f00000| Untracked 
|  16|0x00000000b1000000, 0x00000000b1100000, 0x00000000b1100000|100%| O|  |TAMS 0x00000000b1100000, 0x00000000b1000000| Untracked 
|  17|0x00000000b1100000, 0x00000000b1200000, 0x00000000b1200000|100%| O|  |TAMS 0x00000000b1200000, 0x00000000b1100000| Untracked 
|  18|0x00000000b1200000, 0x00000000b1300000, 0x00000000b1300000|100%| O|  |TAMS 0x00000000b1300000, 0x00000000b1200000| Untracked 
|  19|0x00000000b1300000, 0x00000000b1400000, 0x00000000b1400000|100%| O|  |TAMS 0x00000000b1400000, 0x00000000b1300000| Untracked 
|  20|0x00000000b1400000, 0x00000000b1500000, 0x00000000b1500000|100%| O|  |TAMS 0x00000000b1500000, 0x00000000b1400000| Untracked 
|  21|0x00000000b1500000, 0x00000000b1600000, 0x00000000b1600000|100%| O|  |TAMS 0x00000000b1600000, 0x00000000b1500000| Untracked 
|  22|0x00000000b1600000, 0x00000000b1700000, 0x00000000b1700000|100%| O|  |TAMS 0x00000000b1700000, 0x00000000b1600000| Untracked 
|  23|0x00000000b1700000, 0x00000000b1800000, 0x00000000b1800000|100%| O|  |TAMS 0x00000000b1800000, 0x00000000b1700000| Untracked 
|  24|0x00000000b1800000, 0x00000000b1900000, 0x00000000b1900000|100%| O|  |TAMS 0x00000000b1900000, 0x00000000b1800000| Untracked 
|  25|0x00000000b1900000, 0x00000000b1a00000, 0x00000000b1a00000|100%| O|  |TAMS 0x00000000b1a00000, 0x00000000b1900000| Untracked 
|  26|0x00000000b1a00000, 0x00000000b1b00000, 0x00000000b1b00000|100%| O|  |TAMS 0x00000000b1b00000, 0x00000000b1a00000| Untracked 
|  27|0x00000000b1b00000, 0x00000000b1c00000, 0x00000000b1c00000|100%| O|  |TAMS 0x00000000b1c00000, 0x00000000b1b00000| Untracked 
|  28|0x00000000b1c00000, 0x00000000b1d00000, 0x00000000b1d00000|100%| O|  |TAMS 0x00000000b1d00000, 0x00000000b1c00000| Untracked 
|  29|0x00000000b1d00000, 0x00000000b1e00000, 0x00000000b1e00000|100%| O|  |TAMS 0x00000000b1e00000, 0x00000000b1d00000| Untracked 
|  30|0x00000000b1e00000, 0x00000000b1f00000, 0x00000000b1f00000|100%| O|  |TAMS 0x00000000b1f00000, 0x00000000b1e00000| Untracked 
|  31|0x00000000b1f00000, 0x00000000b2000000, 0x00000000b2000000|100%| O|  |TAMS 0x00000000b2000000, 0x00000000b1f00000| Untracked 
|  32|0x00000000b2000000, 0x00000000b2100000, 0x00000000b2100000|100%| O|  |TAMS 0x00000000b2100000, 0x00000000b2000000| Untracked 
|  33|0x00000000b2100000, 0x00000000b2200000, 0x00000000b2200000|100%| O|  |TAMS 0x00000000b2200000, 0x00000000b2100000| Untracked 
|  34|0x00000000b2200000, 0x00000000b2300000, 0x00000000b2300000|100%| O|  |TAMS 0x00000000b2300000, 0x00000000b2200000| Untracked 
|  35|0x00000000b2300000, 0x00000000b2400000, 0x00000000b2400000|100%| O|  |TAMS 0x00000000b2400000, 0x00000000b2300000| Untracked 
|  36|0x00000000b2400000, 0x00000000b2500000, 0x00000000b2500000|100%| O|  |TAMS 0x00000000b2500000, 0x00000000b2400000| Untracked 
|  37|0x00000000b2500000, 0x00000000b2600000, 0x00000000b2600000|100%| O|  |TAMS 0x00000000b2600000, 0x00000000b2500000| Untracked 
|  38|0x00000000b2600000, 0x00000000b2700000, 0x00000000b2700000|100%| O|  |TAMS 0x00000000b2700000, 0x00000000b2600000| Untracked 
|  39|0x00000000b2700000, 0x00000000b2800000, 0x00000000b2800000|100%|HS|  |TAMS 0x00000000b2800000, 0x00000000b2700000| Complete 
|  40|0x00000000b2800000, 0x00000000b2900000, 0x00000000b2900000|100%|HS|  |TAMS 0x00000000b2900000, 0x00000000b2800000| Complete 
|  41|0x00000000b2900000, 0x00000000b2a00000, 0x00000000b2a00000|100%|HS|  |TAMS 0x00000000b2a00000, 0x00000000b2900000| Complete 
|  42|0x00000000b2a00000, 0x00000000b2b00000, 0x00000000b2b00000|100%|HC|  |TAMS 0x00000000b2b00000, 0x00000000b2a00000| Complete 
|  43|0x00000000b2b00000, 0x00000000b2c00000, 0x00000000b2c00000|100%|HS|  |TAMS 0x00000000b2c00000, 0x00000000b2b00000| Complete 
|  44|0x00000000b2c00000, 0x00000000b2d00000, 0x00000000b2d00000|100%|HC|  |TAMS 0x00000000b2d00000, 0x00000000b2c00000| Complete 
|  45|0x00000000b2d00000, 0x00000000b2e00000, 0x00000000b2e00000|100%| O|  |TAMS 0x00000000b2e00000, 0x00000000b2d00000| Untracked 
|  46|0x00000000b2e00000, 0x00000000b2f00000, 0x00000000b2f00000|100%| O|  |TAMS 0x00000000b2f00000, 0x00000000b2e00000| Untracked 
|  47|0x00000000b2f00000, 0x00000000b3000000, 0x00000000b3000000|100%| O|  |TAMS 0x00000000b3000000, 0x00000000b2f00000| Untracked 
|  48|0x00000000b3000000, 0x00000000b3100000, 0x00000000b3100000|100%| O|  |TAMS 0x00000000b3100000, 0x00000000b3000000| Untracked 
|  49|0x00000000b3100000, 0x00000000b3200000, 0x00000000b3200000|100%| O|  |TAMS 0x00000000b3200000, 0x00000000b3100000| Untracked 
|  50|0x00000000b3200000, 0x00000000b3300000, 0x00000000b3300000|100%| O|  |TAMS 0x00000000b3300000, 0x00000000b3200000| Untracked 
|  51|0x00000000b3300000, 0x00000000b3400000, 0x00000000b3400000|100%|HS|  |TAMS 0x00000000b3400000, 0x00000000b3300000| Complete 
|  52|0x00000000b3400000, 0x00000000b3500000, 0x00000000b3500000|100%|HS|  |TAMS 0x00000000b3500000, 0x00000000b3400000| Complete 
|  53|0x00000000b3500000, 0x00000000b3600000, 0x00000000b3600000|100%|HS|  |TAMS 0x00000000b3600000, 0x00000000b3500000| Complete 
|  54|0x00000000b3600000, 0x00000000b3700000, 0x00000000b3700000|100%| O|  |TAMS 0x00000000b3700000, 0x00000000b3600000| Untracked 
|  55|0x00000000b3700000, 0x00000000b3800000, 0x00000000b3800000|100%| O|  |TAMS 0x00000000b3800000, 0x00000000b3700000| Untracked 
|  56|0x00000000b3800000, 0x00000000b3900000, 0x00000000b3900000|100%|HS|  |TAMS 0x00000000b3900000, 0x00000000b3800000| Complete 
|  57|0x00000000b3900000, 0x00000000b3a00000, 0x00000000b3a00000|100%| O|  |TAMS 0x00000000b3a00000, 0x00000000b3900000| Untracked 
|  58|0x00000000b3a00000, 0x00000000b3b00000, 0x00000000b3b00000|100%| O|  |TAMS 0x00000000b3b00000, 0x00000000b3a00000| Untracked 
|  59|0x00000000b3b00000, 0x00000000b3c00000, 0x00000000b3c00000|100%| O|  |TAMS 0x00000000b3c00000, 0x00000000b3b00000| Untracked 
|  60|0x00000000b3c00000, 0x00000000b3d00000, 0x00000000b3d00000|100%| O|  |TAMS 0x00000000b3d00000, 0x00000000b3c00000| Untracked 
|  61|0x00000000b3d00000, 0x00000000b3e00000, 0x00000000b3e00000|100%| O|  |TAMS 0x00000000b3e00000, 0x00000000b3d00000| Untracked 
|  62|0x00000000b3e00000, 0x00000000b3f00000, 0x00000000b3f00000|100%| O|  |TAMS 0x00000000b3f00000, 0x00000000b3e00000| Untracked 
|  63|0x00000000b3f00000, 0x00000000b4000000, 0x00000000b4000000|100%| O|  |TAMS 0x00000000b4000000, 0x00000000b3f00000| Untracked 
|  64|0x00000000b4000000, 0x00000000b4100000, 0x00000000b4100000|100%| O|  |TAMS 0x00000000b4100000, 0x00000000b4000000| Untracked 
|  65|0x00000000b4100000, 0x00000000b4200000, 0x00000000b4200000|100%|HS|  |TAMS 0x00000000b4200000, 0x00000000b4100000| Complete 
|  66|0x00000000b4200000, 0x00000000b4300000, 0x00000000b4300000|100%| O|  |TAMS 0x00000000b4300000, 0x00000000b4200000| Untracked 
|  67|0x00000000b4300000, 0x00000000b4400000, 0x00000000b4400000|100%| O|  |TAMS 0x00000000b4400000, 0x00000000b4300000| Untracked 
|  68|0x00000000b4400000, 0x00000000b4500000, 0x00000000b4500000|100%| O|  |TAMS 0x00000000b4500000, 0x00000000b4400000| Untracked 
|  69|0x00000000b4500000, 0x00000000b4600000, 0x00000000b4600000|100%| O|  |TAMS 0x00000000b4600000, 0x00000000b4500000| Untracked 
|  70|0x00000000b4600000, 0x00000000b4700000, 0x00000000b4700000|100%| O|  |TAMS 0x00000000b4700000, 0x00000000b4600000| Untracked 
|  71|0x00000000b4700000, 0x00000000b4800000, 0x00000000b4800000|100%| O|  |TAMS 0x00000000b4800000, 0x00000000b4700000| Untracked 
|  72|0x00000000b4800000, 0x00000000b4900000, 0x00000000b4900000|100%| O|  |TAMS 0x00000000b4900000, 0x00000000b4800000| Untracked 
|  73|0x00000000b4900000, 0x00000000b4a00000, 0x00000000b4a00000|100%| O|  |TAMS 0x00000000b4a00000, 0x00000000b4900000| Untracked 
|  74|0x00000000b4a00000, 0x00000000b4b00000, 0x00000000b4b00000|100%| O|  |TAMS 0x00000000b4b00000, 0x00000000b4a00000| Untracked 
|  75|0x00000000b4b00000, 0x00000000b4c00000, 0x00000000b4c00000|100%| O|  |TAMS 0x00000000b4c00000, 0x00000000b4b00000| Untracked 
|  76|0x00000000b4c00000, 0x00000000b4d00000, 0x00000000b4d00000|100%| O|  |TAMS 0x00000000b4d00000, 0x00000000b4c00000| Untracked 
|  77|0x00000000b4d00000, 0x00000000b4e00000, 0x00000000b4e00000|100%| O|  |TAMS 0x00000000b4e00000, 0x00000000b4d00000| Untracked 
|  78|0x00000000b4e00000, 0x00000000b4f00000, 0x00000000b4f00000|100%| O|  |TAMS 0x00000000b4f00000, 0x00000000b4e00000| Untracked 
|  79|0x00000000b4f00000, 0x00000000b5000000, 0x00000000b5000000|100%| O|  |TAMS 0x00000000b5000000, 0x00000000b4f00000| Untracked 
|  80|0x00000000b5000000, 0x00000000b5100000, 0x00000000b5100000|100%| O|  |TAMS 0x00000000b5100000, 0x00000000b5000000| Untracked 
|  81|0x00000000b5100000, 0x00000000b5200000, 0x00000000b5200000|100%| O|  |TAMS 0x00000000b5200000, 0x00000000b5100000| Untracked 
|  82|0x00000000b5200000, 0x00000000b5300000, 0x00000000b5300000|100%| O|  |TAMS 0x00000000b5300000, 0x00000000b5200000| Untracked 
|  83|0x00000000b5300000, 0x00000000b5400000, 0x00000000b5400000|100%| O|  |TAMS 0x00000000b5400000, 0x00000000b5300000| Untracked 
|  84|0x00000000b5400000, 0x00000000b5500000, 0x00000000b5500000|100%| O|  |TAMS 0x00000000b5500000, 0x00000000b5400000| Untracked 
|  85|0x00000000b5500000, 0x00000000b5600000, 0x00000000b5600000|100%| O|  |TAMS 0x00000000b5600000, 0x00000000b5500000| Untracked 
|  86|0x00000000b5600000, 0x00000000b5700000, 0x00000000b5700000|100%| O|  |TAMS 0x00000000b5700000, 0x00000000b5600000| Untracked 
|  87|0x00000000b5700000, 0x00000000b5800000, 0x00000000b5800000|100%| O|  |TAMS 0x00000000b5800000, 0x00000000b5700000| Untracked 
|  88|0x00000000b5800000, 0x00000000b5900000, 0x00000000b5900000|100%|HS|  |TAMS 0x00000000b5900000, 0x00000000b5800000| Complete 
|  89|0x00000000b5900000, 0x00000000b5a00000, 0x00000000b5a00000|100%|HC|  |TAMS 0x00000000b5a00000, 0x00000000b5900000| Complete 
|  90|0x00000000b5a00000, 0x00000000b5b00000, 0x00000000b5b00000|100%| O|  |TAMS 0x00000000b5b00000, 0x00000000b5a00000| Untracked 
|  91|0x00000000b5b00000, 0x00000000b5c00000, 0x00000000b5c00000|100%| O|  |TAMS 0x00000000b5c00000, 0x00000000b5b00000| Untracked 
|  92|0x00000000b5c00000, 0x00000000b5d00000, 0x00000000b5d00000|100%| O|  |TAMS 0x00000000b5d00000, 0x00000000b5c00000| Untracked 
|  93|0x00000000b5d00000, 0x00000000b5e00000, 0x00000000b5e00000|100%| O|  |TAMS 0x00000000b5e00000, 0x00000000b5d00000| Untracked 
|  94|0x00000000b5e00000, 0x00000000b5f00000, 0x00000000b5f00000|100%| O|  |TAMS 0x00000000b5f00000, 0x00000000b5e00000| Untracked 
|  95|0x00000000b5f00000, 0x00000000b6000000, 0x00000000b6000000|100%| O|  |TAMS 0x00000000b6000000, 0x00000000b5f00000| Untracked 
|  96|0x00000000b6000000, 0x00000000b6100000, 0x00000000b6100000|100%| O|  |TAMS 0x00000000b6100000, 0x00000000b6000000| Untracked 
|  97|0x00000000b6100000, 0x00000000b6200000, 0x00000000b6200000|100%| O|  |TAMS 0x00000000b6200000, 0x00000000b6100000| Untracked 
|  98|0x00000000b6200000, 0x00000000b6300000, 0x00000000b6300000|100%| O|  |TAMS 0x00000000b6300000, 0x00000000b6200000| Untracked 
|  99|0x00000000b6300000, 0x00000000b6400000, 0x00000000b6400000|100%| O|  |TAMS 0x00000000b6400000, 0x00000000b6300000| Untracked 
| 100|0x00000000b6400000, 0x00000000b6500000, 0x00000000b6500000|100%| O|  |TAMS 0x00000000b6500000, 0x00000000b6400000| Untracked 
| 101|0x00000000b6500000, 0x00000000b6600000, 0x00000000b6600000|100%| O|  |TAMS 0x00000000b6600000, 0x00000000b6500000| Untracked 
| 102|0x00000000b6600000, 0x00000000b6700000, 0x00000000b6700000|100%| O|  |TAMS 0x00000000b6700000, 0x00000000b6600000| Untracked 
| 103|0x00000000b6700000, 0x00000000b6800000, 0x00000000b6800000|100%| O|  |TAMS 0x00000000b6800000, 0x00000000b6700000| Untracked 
| 104|0x00000000b6800000, 0x00000000b6900000, 0x00000000b6900000|100%| O|  |TAMS 0x00000000b6900000, 0x00000000b6800000| Untracked 
| 105|0x00000000b6900000, 0x00000000b6a00000, 0x00000000b6a00000|100%| O|  |TAMS 0x00000000b6a00000, 0x00000000b6900000| Untracked 
| 106|0x00000000b6a00000, 0x00000000b6b00000, 0x00000000b6b00000|100%| O|  |TAMS 0x00000000b6b00000, 0x00000000b6a00000| Untracked 
| 107|0x00000000b6b00000, 0x00000000b6c00000, 0x00000000b6c00000|100%| O|  |TAMS 0x00000000b6c00000, 0x00000000b6b00000| Untracked 
| 108|0x00000000b6c00000, 0x00000000b6d00000, 0x00000000b6d00000|100%| O|  |TAMS 0x00000000b6d00000, 0x00000000b6c00000| Untracked 
| 109|0x00000000b6d00000, 0x00000000b6e00000, 0x00000000b6e00000|100%| O|  |TAMS 0x00000000b6e00000, 0x00000000b6d00000| Untracked 
| 110|0x00000000b6e00000, 0x00000000b6f00000, 0x00000000b6f00000|100%| O|  |TAMS 0x00000000b6f00000, 0x00000000b6e00000| Untracked 
| 111|0x00000000b6f00000, 0x00000000b7000000, 0x00000000b7000000|100%| O|  |TAMS 0x00000000b7000000, 0x00000000b6f00000| Untracked 
| 112|0x00000000b7000000, 0x00000000b7100000, 0x00000000b7100000|100%| O|  |TAMS 0x00000000b7100000, 0x00000000b7000000| Untracked 
| 113|0x00000000b7100000, 0x00000000b7200000, 0x00000000b7200000|100%| O|  |TAMS 0x00000000b7200000, 0x00000000b7100000| Untracked 
| 114|0x00000000b7200000, 0x00000000b7300000, 0x00000000b7300000|100%| O|  |TAMS 0x00000000b7300000, 0x00000000b7200000| Untracked 
| 115|0x00000000b7300000, 0x00000000b7400000, 0x00000000b7400000|100%| O|  |TAMS 0x00000000b7400000, 0x00000000b7300000| Untracked 
| 116|0x00000000b7400000, 0x00000000b7500000, 0x00000000b7500000|100%| O|  |TAMS 0x00000000b7500000, 0x00000000b7400000| Untracked 
| 117|0x00000000b7500000, 0x00000000b7600000, 0x00000000b7600000|100%| O|  |TAMS 0x00000000b7600000, 0x00000000b7500000| Untracked 
| 118|0x00000000b7600000, 0x00000000b7700000, 0x00000000b7700000|100%| O|  |TAMS 0x00000000b7700000, 0x00000000b7600000| Untracked 
| 119|0x00000000b7700000, 0x00000000b7800000, 0x00000000b7800000|100%| O|  |TAMS 0x00000000b7800000, 0x00000000b7700000| Untracked 
| 120|0x00000000b7800000, 0x00000000b7900000, 0x00000000b7900000|100%| O|  |TAMS 0x00000000b7900000, 0x00000000b7800000| Untracked 
| 121|0x00000000b7900000, 0x00000000b7a00000, 0x00000000b7a00000|100%| O|  |TAMS 0x00000000b7a00000, 0x00000000b7900000| Untracked 
| 122|0x00000000b7a00000, 0x00000000b7b00000, 0x00000000b7b00000|100%| O|  |TAMS 0x00000000b7b00000, 0x00000000b7a00000| Untracked 
| 123|0x00000000b7b00000, 0x00000000b7c00000, 0x00000000b7c00000|100%| O|  |TAMS 0x00000000b7c00000, 0x00000000b7b00000| Untracked 
| 124|0x00000000b7c00000, 0x00000000b7d00000, 0x00000000b7d00000|100%| O|  |TAMS 0x00000000b7d00000, 0x00000000b7c00000| Untracked 
| 125|0x00000000b7d00000, 0x00000000b7e00000, 0x00000000b7e00000|100%| O|  |TAMS 0x00000000b7e00000, 0x00000000b7d00000| Untracked 
| 126|0x00000000b7e00000, 0x00000000b7f00000, 0x00000000b7f00000|100%| O|  |TAMS 0x00000000b7f00000, 0x00000000b7e00000| Untracked 
| 127|0x00000000b7f00000, 0x00000000b8000000, 0x00000000b8000000|100%| O|  |TAMS 0x00000000b8000000, 0x00000000b7f00000| Untracked 
| 128|0x00000000b8000000, 0x00000000b8100000, 0x00000000b8100000|100%| O|  |TAMS 0x00000000b8100000, 0x00000000b8000000| Untracked 
| 129|0x00000000b8100000, 0x00000000b8200000, 0x00000000b8200000|100%| O|  |TAMS 0x00000000b8200000, 0x00000000b8100000| Untracked 
| 130|0x00000000b8200000, 0x00000000b8300000, 0x00000000b8300000|100%| O|  |TAMS 0x00000000b8300000, 0x00000000b8200000| Untracked 
| 131|0x00000000b8300000, 0x00000000b8400000, 0x00000000b8400000|100%| O|  |TAMS 0x00000000b8400000, 0x00000000b8300000| Untracked 
| 132|0x00000000b8400000, 0x00000000b8500000, 0x00000000b8500000|100%| O|  |TAMS 0x00000000b8500000, 0x00000000b8400000| Untracked 
| 133|0x00000000b8500000, 0x00000000b8600000, 0x00000000b8600000|100%| O|  |TAMS 0x00000000b8600000, 0x00000000b8500000| Untracked 
| 134|0x00000000b8600000, 0x00000000b8700000, 0x00000000b8700000|100%| O|  |TAMS 0x00000000b8700000, 0x00000000b8600000| Untracked 
| 135|0x00000000b8700000, 0x00000000b8800000, 0x00000000b8800000|100%| O|  |TAMS 0x00000000b8800000, 0x00000000b8700000| Untracked 
| 136|0x00000000b8800000, 0x00000000b8900000, 0x00000000b8900000|100%| O|  |TAMS 0x00000000b8900000, 0x00000000b8800000| Untracked 
| 137|0x00000000b8900000, 0x00000000b8a00000, 0x00000000b8a00000|100%| O|  |TAMS 0x00000000b8a00000, 0x00000000b8900000| Untracked 
| 138|0x00000000b8a00000, 0x00000000b8b00000, 0x00000000b8b00000|100%| O|  |TAMS 0x00000000b8b00000, 0x00000000b8a00000| Untracked 
| 139|0x00000000b8b00000, 0x00000000b8c00000, 0x00000000b8c00000|100%| O|  |TAMS 0x00000000b8c00000, 0x00000000b8b00000| Untracked 
| 140|0x00000000b8c00000, 0x00000000b8d00000, 0x00000000b8d00000|100%| O|  |TAMS 0x00000000b8d00000, 0x00000000b8c00000| Untracked 
| 141|0x00000000b8d00000, 0x00000000b8e00000, 0x00000000b8e00000|100%| O|  |TAMS 0x00000000b8e00000, 0x00000000b8d00000| Untracked 
| 142|0x00000000b8e00000, 0x00000000b8f00000, 0x00000000b8f00000|100%| O|  |TAMS 0x00000000b8f00000, 0x00000000b8e00000| Untracked 
| 143|0x00000000b8f00000, 0x00000000b9000000, 0x00000000b9000000|100%| O|  |TAMS 0x00000000b9000000, 0x00000000b8f00000| Untracked 
| 144|0x00000000b9000000, 0x00000000b9100000, 0x00000000b9100000|100%| O|  |TAMS 0x00000000b9100000, 0x00000000b9000000| Untracked 
| 145|0x00000000b9100000, 0x00000000b9200000, 0x00000000b9200000|100%| O|  |TAMS 0x00000000b9200000, 0x00000000b9100000| Untracked 
| 146|0x00000000b9200000, 0x00000000b9300000, 0x00000000b9300000|100%| O|  |TAMS 0x00000000b9300000, 0x00000000b9200000| Untracked 
| 147|0x00000000b9300000, 0x00000000b9400000, 0x00000000b9400000|100%| O|  |TAMS 0x00000000b9400000, 0x00000000b9300000| Untracked 
| 148|0x00000000b9400000, 0x00000000b9500000, 0x00000000b9500000|100%| O|  |TAMS 0x00000000b9500000, 0x00000000b9400000| Untracked 
| 149|0x00000000b9500000, 0x00000000b9600000, 0x00000000b9600000|100%| O|  |TAMS 0x00000000b9600000, 0x00000000b9500000| Untracked 
| 150|0x00000000b9600000, 0x00000000b9700000, 0x00000000b9700000|100%| O|  |TAMS 0x00000000b9700000, 0x00000000b9600000| Untracked 
| 151|0x00000000b9700000, 0x00000000b9800000, 0x00000000b9800000|100%| O|  |TAMS 0x00000000b9800000, 0x00000000b9700000| Untracked 
| 152|0x00000000b9800000, 0x00000000b9900000, 0x00000000b9900000|100%| O|  |TAMS 0x00000000b9900000, 0x00000000b9800000| Untracked 
| 153|0x00000000b9900000, 0x00000000b9a00000, 0x00000000b9a00000|100%| O|  |TAMS 0x00000000b9a00000, 0x00000000b9900000| Untracked 
| 154|0x00000000b9a00000, 0x00000000b9b00000, 0x00000000b9b00000|100%| O|  |TAMS 0x00000000b9b00000, 0x00000000b9a00000| Untracked 
| 155|0x00000000b9b00000, 0x00000000b9c00000, 0x00000000b9c00000|100%| O|  |TAMS 0x00000000b9c00000, 0x00000000b9b00000| Untracked 
| 156|0x00000000b9c00000, 0x00000000b9d00000, 0x00000000b9d00000|100%| O|  |TAMS 0x00000000b9d00000, 0x00000000b9c00000| Untracked 
| 157|0x00000000b9d00000, 0x00000000b9e00000, 0x00000000b9e00000|100%| O|  |TAMS 0x00000000b9e00000, 0x00000000b9d00000| Untracked 
| 158|0x00000000b9e00000, 0x00000000b9f00000, 0x00000000b9f00000|100%| O|  |TAMS 0x00000000b9f00000, 0x00000000b9e00000| Untracked 
| 159|0x00000000b9f00000, 0x00000000ba000000, 0x00000000ba000000|100%| O|  |TAMS 0x00000000ba000000, 0x00000000b9f00000| Untracked 
| 160|0x00000000ba000000, 0x00000000ba100000, 0x00000000ba100000|100%| O|  |TAMS 0x00000000ba100000, 0x00000000ba000000| Untracked 
| 161|0x00000000ba100000, 0x00000000ba200000, 0x00000000ba200000|100%| O|  |TAMS 0x00000000ba200000, 0x00000000ba100000| Untracked 
| 162|0x00000000ba200000, 0x00000000ba300000, 0x00000000ba300000|100%| O|  |TAMS 0x00000000ba300000, 0x00000000ba200000| Untracked 
| 163|0x00000000ba300000, 0x00000000ba400000, 0x00000000ba400000|100%| O|  |TAMS 0x00000000ba400000, 0x00000000ba300000| Untracked 
| 164|0x00000000ba400000, 0x00000000ba500000, 0x00000000ba500000|100%| O|  |TAMS 0x00000000ba500000, 0x00000000ba400000| Untracked 
| 165|0x00000000ba500000, 0x00000000ba600000, 0x00000000ba600000|100%| O|  |TAMS 0x00000000ba600000, 0x00000000ba500000| Untracked 
| 166|0x00000000ba600000, 0x00000000ba700000, 0x00000000ba700000|100%| O|  |TAMS 0x00000000ba700000, 0x00000000ba600000| Untracked 
| 167|0x00000000ba700000, 0x00000000ba800000, 0x00000000ba800000|100%| O|  |TAMS 0x00000000ba800000, 0x00000000ba700000| Untracked 
| 168|0x00000000ba800000, 0x00000000ba900000, 0x00000000ba900000|100%| O|  |TAMS 0x00000000ba900000, 0x00000000ba800000| Untracked 
| 169|0x00000000ba900000, 0x00000000baa00000, 0x00000000baa00000|100%| O|  |TAMS 0x00000000baa00000, 0x00000000ba900000| Untracked 
| 170|0x00000000baa00000, 0x00000000bab00000, 0x00000000bab00000|100%| O|  |TAMS 0x00000000bab00000, 0x00000000baa00000| Untracked 
| 171|0x00000000bab00000, 0x00000000bac00000, 0x00000000bac00000|100%| O|  |TAMS 0x00000000bac00000, 0x00000000bab00000| Untracked 
| 172|0x00000000bac00000, 0x00000000bad00000, 0x00000000bad00000|100%| O|  |TAMS 0x00000000bad00000, 0x00000000bac00000| Untracked 
| 173|0x00000000bad00000, 0x00000000bae00000, 0x00000000bae00000|100%| O|  |TAMS 0x00000000bae00000, 0x00000000bad00000| Untracked 
| 174|0x00000000bae00000, 0x00000000baf00000, 0x00000000baf00000|100%| O|  |TAMS 0x00000000baf00000, 0x00000000bae00000| Untracked 
| 175|0x00000000baf00000, 0x00000000bb000000, 0x00000000bb000000|100%| O|  |TAMS 0x00000000bb000000, 0x00000000baf00000| Untracked 
| 176|0x00000000bb000000, 0x00000000bb100000, 0x00000000bb100000|100%| O|  |TAMS 0x00000000bb000000, 0x00000000bb000000| Untracked 
| 177|0x00000000bb100000, 0x00000000bb200000, 0x00000000bb200000|100%| O|  |TAMS 0x00000000bb180000, 0x00000000bb100000| Untracked 
| 178|0x00000000bb200000, 0x00000000bb300000, 0x00000000bb300000|100%| O|  |TAMS 0x00000000bb200000, 0x00000000bb200000| Untracked 
| 179|0x00000000bb300000, 0x00000000bb400000, 0x00000000bb400000|100%| O|  |TAMS 0x00000000bb300000, 0x00000000bb300000| Untracked 
| 180|0x00000000bb400000, 0x00000000bb500000, 0x00000000bb500000|100%| O|  |TAMS 0x00000000bb400000, 0x00000000bb400000| Untracked 
| 181|0x00000000bb500000, 0x00000000bb600000, 0x00000000bb600000|100%| O|  |TAMS 0x00000000bb500000, 0x00000000bb500000| Untracked 
| 182|0x00000000bb600000, 0x00000000bb700000, 0x00000000bb700000|100%| O|  |TAMS 0x00000000bb600000, 0x00000000bb600000| Untracked 
| 183|0x00000000bb700000, 0x00000000bb800000, 0x00000000bb800000|100%| O|  |TAMS 0x00000000bb700000, 0x00000000bb700000| Untracked 
| 184|0x00000000bb800000, 0x00000000bb900000, 0x00000000bb900000|100%| O|  |TAMS 0x00000000bb800000, 0x00000000bb800000| Untracked 
| 185|0x00000000bb900000, 0x00000000bba00000, 0x00000000bba00000|100%| O|  |TAMS 0x00000000bb900000, 0x00000000bb900000| Untracked 
| 186|0x00000000bba00000, 0x00000000bbb00000, 0x00000000bbb00000|100%| O|  |TAMS 0x00000000bba00000, 0x00000000bba00000| Untracked 
| 187|0x00000000bbb00000, 0x00000000bbc00000, 0x00000000bbc00000|100%| O|  |TAMS 0x00000000bbb00000, 0x00000000bbb00000| Untracked 
| 188|0x00000000bbc00000, 0x00000000bbd00000, 0x00000000bbd00000|100%| O|  |TAMS 0x00000000bbc00000, 0x00000000bbc00000| Untracked 
| 189|0x00000000bbd00000, 0x00000000bbe00000, 0x00000000bbe00000|100%| O|  |TAMS 0x00000000bbd00000, 0x00000000bbd00000| Untracked 
| 190|0x00000000bbe00000, 0x00000000bbf00000, 0x00000000bbf00000|100%| O|  |TAMS 0x00000000bbe00000, 0x00000000bbe00000| Untracked 
| 191|0x00000000bbf00000, 0x00000000bc000000, 0x00000000bc000000|100%| O|  |TAMS 0x00000000bbf00000, 0x00000000bbf00000| Untracked 
| 192|0x00000000bc000000, 0x00000000bc100000, 0x00000000bc100000|100%| O|  |TAMS 0x00000000bc000000, 0x00000000bc000000| Untracked 
| 193|0x00000000bc100000, 0x00000000bc200000, 0x00000000bc200000|100%| O|  |TAMS 0x00000000bc100000, 0x00000000bc100000| Untracked 
| 194|0x00000000bc200000, 0x00000000bc300000, 0x00000000bc300000|100%| O|  |TAMS 0x00000000bc200000, 0x00000000bc200000| Untracked 
| 195|0x00000000bc300000, 0x00000000bc400000, 0x00000000bc400000|100%| O|  |TAMS 0x00000000bc300000, 0x00000000bc300000| Untracked 
| 196|0x00000000bc400000, 0x00000000bc500000, 0x00000000bc500000|100%| O|  |TAMS 0x00000000bc400000, 0x00000000bc400000| Untracked 
| 197|0x00000000bc500000, 0x00000000bc600000, 0x00000000bc600000|100%| O|  |TAMS 0x00000000bc500000, 0x00000000bc500000| Untracked 
| 198|0x00000000bc600000, 0x00000000bc700000, 0x00000000bc700000|100%| O|  |TAMS 0x00000000bc600000, 0x00000000bc600000| Untracked 
| 199|0x00000000bc700000, 0x00000000bc800000, 0x00000000bc800000|100%| O|  |TAMS 0x00000000bc700000, 0x00000000bc700000| Untracked 
| 200|0x00000000bc800000, 0x00000000bc900000, 0x00000000bc900000|100%| O|  |TAMS 0x00000000bc800000, 0x00000000bc800000| Untracked 
| 201|0x00000000bc900000, 0x00000000bca00000, 0x00000000bca00000|100%| O|  |TAMS 0x00000000bc900000, 0x00000000bc900000| Untracked 
| 202|0x00000000bca00000, 0x00000000bcb00000, 0x00000000bcb00000|100%| O|  |TAMS 0x00000000bca00000, 0x00000000bca00000| Untracked 
| 203|0x00000000bcb00000, 0x00000000bcc00000, 0x00000000bcc00000|100%| O|  |TAMS 0x00000000bcb00000, 0x00000000bcb00000| Untracked 
| 204|0x00000000bcc00000, 0x00000000bcd00000, 0x00000000bcd00000|100%| O|  |TAMS 0x00000000bcc00000, 0x00000000bcc00000| Untracked 
| 205|0x00000000bcd00000, 0x00000000bce00000, 0x00000000bce00000|100%| O|  |TAMS 0x00000000bcd00000, 0x00000000bcd00000| Untracked 
| 206|0x00000000bce00000, 0x00000000bcf00000, 0x00000000bcf00000|100%| O|  |TAMS 0x00000000bce00000, 0x00000000bce00000| Untracked 
| 207|0x00000000bcf00000, 0x00000000bd000000, 0x00000000bd000000|100%| O|  |TAMS 0x00000000bcf00000, 0x00000000bcf00000| Untracked 
| 208|0x00000000bd000000, 0x00000000bd100000, 0x00000000bd100000|100%| O|  |TAMS 0x00000000bd000000, 0x00000000bd000000| Untracked 
| 209|0x00000000bd100000, 0x00000000bd200000, 0x00000000bd200000|100%| O|  |TAMS 0x00000000bd100000, 0x00000000bd100000| Untracked 
| 210|0x00000000bd200000, 0x00000000bd300000, 0x00000000bd300000|100%| O|  |TAMS 0x00000000bd200000, 0x00000000bd200000| Untracked 
| 211|0x00000000bd300000, 0x00000000bd400000, 0x00000000bd400000|100%| O|  |TAMS 0x00000000bd300000, 0x00000000bd300000| Untracked 
| 212|0x00000000bd400000, 0x00000000bd500000, 0x00000000bd500000|100%| O|  |TAMS 0x00000000bd400000, 0x00000000bd400000| Untracked 
| 213|0x00000000bd500000, 0x00000000bd600000, 0x00000000bd600000|100%| O|  |TAMS 0x00000000bd500000, 0x00000000bd500000| Untracked 
| 214|0x00000000bd600000, 0x00000000bd700000, 0x00000000bd700000|100%| O|  |TAMS 0x00000000bd600000, 0x00000000bd600000| Untracked 
| 215|0x00000000bd700000, 0x00000000bd800000, 0x00000000bd800000|100%| O|  |TAMS 0x00000000bd700000, 0x00000000bd700000| Untracked 
| 216|0x00000000bd800000, 0x00000000bd900000, 0x00000000bd900000|100%| O|  |TAMS 0x00000000bd800000, 0x00000000bd800000| Untracked 
| 217|0x00000000bd900000, 0x00000000bda00000, 0x00000000bda00000|100%| O|  |TAMS 0x00000000bd900000, 0x00000000bd900000| Untracked 
| 218|0x00000000bda00000, 0x00000000bdb00000, 0x00000000bdb00000|100%| O|  |TAMS 0x00000000bda00000, 0x00000000bda00000| Untracked 
| 219|0x00000000bdb00000, 0x00000000bdc00000, 0x00000000bdc00000|100%| O|  |TAMS 0x00000000bdb00000, 0x00000000bdb00000| Untracked 
| 220|0x00000000bdc00000, 0x00000000bdd00000, 0x00000000bdd00000|100%| O|  |TAMS 0x00000000bdc00000, 0x00000000bdc00000| Untracked 
| 221|0x00000000bdd00000, 0x00000000bde00000, 0x00000000bde00000|100%| O|  |TAMS 0x00000000bdd00000, 0x00000000bdd00000| Untracked 
| 222|0x00000000bde00000, 0x00000000bdf00000, 0x00000000bdf00000|100%| O|  |TAMS 0x00000000bde00000, 0x00000000bde00000| Untracked 
| 223|0x00000000bdf00000, 0x00000000be000000, 0x00000000be000000|100%| O|  |TAMS 0x00000000bdf00000, 0x00000000bdf00000| Untracked 
| 224|0x00000000be000000, 0x00000000be100000, 0x00000000be100000|100%| O|  |TAMS 0x00000000be000000, 0x00000000be000000| Untracked 
| 225|0x00000000be100000, 0x00000000be200000, 0x00000000be200000|100%| O|  |TAMS 0x00000000be100000, 0x00000000be100000| Untracked 
| 226|0x00000000be200000, 0x00000000be300000, 0x00000000be300000|100%| O|  |TAMS 0x00000000be200000, 0x00000000be200000| Untracked 
| 227|0x00000000be300000, 0x00000000be400000, 0x00000000be400000|100%| O|  |TAMS 0x00000000be300000, 0x00000000be300000| Untracked 
| 228|0x00000000be400000, 0x00000000be500000, 0x00000000be500000|100%| O|  |TAMS 0x00000000be400000, 0x00000000be400000| Untracked 
| 229|0x00000000be500000, 0x00000000be600000, 0x00000000be600000|100%| O|  |TAMS 0x00000000be500000, 0x00000000be500000| Untracked 
| 230|0x00000000be600000, 0x00000000be700000, 0x00000000be700000|100%| O|  |TAMS 0x00000000be600000, 0x00000000be600000| Untracked 
| 231|0x00000000be700000, 0x00000000be800000, 0x00000000be800000|100%| O|  |TAMS 0x00000000be700000, 0x00000000be700000| Untracked 
| 232|0x00000000be800000, 0x00000000be900000, 0x00000000be900000|100%| O|  |TAMS 0x00000000be800000, 0x00000000be800000| Untracked 
| 233|0x00000000be900000, 0x00000000bea00000, 0x00000000bea00000|100%| O|  |TAMS 0x00000000be900000, 0x00000000be900000| Untracked 
| 234|0x00000000bea00000, 0x00000000beb00000, 0x00000000beb00000|100%| O|  |TAMS 0x00000000bea00000, 0x00000000bea00000| Untracked 
| 235|0x00000000beb00000, 0x00000000bec00000, 0x00000000bec00000|100%| O|  |TAMS 0x00000000beb00000, 0x00000000beb00000| Untracked 
| 236|0x00000000bec00000, 0x00000000bed00000, 0x00000000bed00000|100%| O|  |TAMS 0x00000000bec00000, 0x00000000bec00000| Untracked 
| 237|0x00000000bed00000, 0x00000000bee00000, 0x00000000bee00000|100%| O|  |TAMS 0x00000000bed00000, 0x00000000bed00000| Untracked 
| 238|0x00000000bee00000, 0x00000000bef00000, 0x00000000bef00000|100%| O|  |TAMS 0x00000000bee00000, 0x00000000bee00000| Untracked 
| 239|0x00000000bef00000, 0x00000000bf000000, 0x00000000bf000000|100%| O|  |TAMS 0x00000000bef00000, 0x00000000bef00000| Untracked 
| 240|0x00000000bf000000, 0x00000000bf100000, 0x00000000bf100000|100%| O|  |TAMS 0x00000000bf000000, 0x00000000bf000000| Untracked 
| 241|0x00000000bf100000, 0x00000000bf200000, 0x00000000bf200000|100%| O|  |TAMS 0x00000000bf100000, 0x00000000bf100000| Untracked 
| 242|0x00000000bf200000, 0x00000000bf300000, 0x00000000bf300000|100%| O|  |TAMS 0x00000000bf200000, 0x00000000bf200000| Untracked 
| 243|0x00000000bf300000, 0x00000000bf400000, 0x00000000bf400000|100%| O|  |TAMS 0x00000000bf300000, 0x00000000bf300000| Untracked 
| 244|0x00000000bf400000, 0x00000000bf500000, 0x00000000bf500000|100%| O|  |TAMS 0x00000000bf400000, 0x00000000bf400000| Untracked 
| 245|0x00000000bf500000, 0x00000000bf600000, 0x00000000bf600000|100%| O|  |TAMS 0x00000000bf500000, 0x00000000bf500000| Untracked 
| 246|0x00000000bf600000, 0x00000000bf700000, 0x00000000bf700000|100%| O|  |TAMS 0x00000000bf600000, 0x00000000bf600000| Untracked 
| 247|0x00000000bf700000, 0x00000000bf800000, 0x00000000bf800000|100%| O|  |TAMS 0x00000000bf700000, 0x00000000bf700000| Untracked 
| 248|0x00000000bf800000, 0x00000000bf900000, 0x00000000bf900000|100%| O|  |TAMS 0x00000000bf800000, 0x00000000bf800000| Untracked 
| 249|0x00000000bf900000, 0x00000000bfa00000, 0x00000000bfa00000|100%| O|  |TAMS 0x00000000bf900000, 0x00000000bf900000| Untracked 
| 250|0x00000000bfa00000, 0x00000000bfb00000, 0x00000000bfb00000|100%| O|  |TAMS 0x00000000bfa00000, 0x00000000bfa00000| Untracked 
| 251|0x00000000bfb00000, 0x00000000bfc00000, 0x00000000bfc00000|100%| O|  |TAMS 0x00000000bfb00000, 0x00000000bfb00000| Untracked 
| 252|0x00000000bfc00000, 0x00000000bfd00000, 0x00000000bfd00000|100%| O|  |TAMS 0x00000000bfc00000, 0x00000000bfc00000| Untracked 
| 253|0x00000000bfd00000, 0x00000000bfe00000, 0x00000000bfe00000|100%| O|  |TAMS 0x00000000bfd00000, 0x00000000bfd00000| Untracked 
| 254|0x00000000bfe00000, 0x00000000bff00000, 0x00000000bff00000|100%| O|  |TAMS 0x00000000bfe00000, 0x00000000bfe00000| Untracked 
| 255|0x00000000bff00000, 0x00000000c0000000, 0x00000000c0000000|100%| O|  |TAMS 0x00000000bff00000, 0x00000000bff00000| Untracked 
| 256|0x00000000c0000000, 0x00000000c0100000, 0x00000000c0100000|100%| O|  |TAMS 0x00000000c0000000, 0x00000000c0000000| Untracked 
| 257|0x00000000c0100000, 0x00000000c0200000, 0x00000000c0200000|100%| O|  |TAMS 0x00000000c0100000, 0x00000000c0100000| Untracked 
| 258|0x00000000c0200000, 0x00000000c0300000, 0x00000000c0300000|100%| O|  |TAMS 0x00000000c0200000, 0x00000000c0200000| Untracked 
| 259|0x00000000c0300000, 0x00000000c0400000, 0x00000000c0400000|100%| O|  |TAMS 0x00000000c0300000, 0x00000000c0300000| Untracked 
| 260|0x00000000c0400000, 0x00000000c0500000, 0x00000000c0500000|100%| O|  |TAMS 0x00000000c0400000, 0x00000000c0400000| Untracked 
| 261|0x00000000c0500000, 0x00000000c0600000, 0x00000000c0600000|100%| O|  |TAMS 0x00000000c0500000, 0x00000000c0500000| Untracked 
| 262|0x00000000c0600000, 0x00000000c0700000, 0x00000000c0700000|100%| O|  |TAMS 0x00000000c0600000, 0x00000000c0600000| Untracked 
| 263|0x00000000c0700000, 0x00000000c0800000, 0x00000000c0800000|100%| O|  |TAMS 0x00000000c0700000, 0x00000000c0700000| Untracked 
| 264|0x00000000c0800000, 0x00000000c0900000, 0x00000000c0900000|100%| O|  |TAMS 0x00000000c0800000, 0x00000000c0800000| Untracked 
| 265|0x00000000c0900000, 0x00000000c0a00000, 0x00000000c0a00000|100%| O|  |TAMS 0x00000000c0900000, 0x00000000c0900000| Untracked 
| 266|0x00000000c0a00000, 0x00000000c0b00000, 0x00000000c0b00000|100%| O|  |TAMS 0x00000000c0a00000, 0x00000000c0a00000| Untracked 
| 267|0x00000000c0b00000, 0x00000000c0c00000, 0x00000000c0c00000|100%| O|  |TAMS 0x00000000c0b00000, 0x00000000c0b00000| Untracked 
| 268|0x00000000c0c00000, 0x00000000c0d00000, 0x00000000c0d00000|100%| O|  |TAMS 0x00000000c0c00000, 0x00000000c0c00000| Untracked 
| 269|0x00000000c0d00000, 0x00000000c0e00000, 0x00000000c0e00000|100%| O|  |TAMS 0x00000000c0d00000, 0x00000000c0d00000| Untracked 
| 270|0x00000000c0e00000, 0x00000000c0f00000, 0x00000000c0f00000|100%| O|  |TAMS 0x00000000c0e00000, 0x00000000c0e00000| Untracked 
| 271|0x00000000c0f00000, 0x00000000c1000000, 0x00000000c1000000|100%| O|  |TAMS 0x00000000c0f00000, 0x00000000c0f00000| Untracked 
| 272|0x00000000c1000000, 0x00000000c1100000, 0x00000000c1100000|100%| O|  |TAMS 0x00000000c1000000, 0x00000000c1000000| Untracked 
| 273|0x00000000c1100000, 0x00000000c1200000, 0x00000000c1200000|100%| O|  |TAMS 0x00000000c1100000, 0x00000000c1100000| Untracked 
| 274|0x00000000c1200000, 0x00000000c1300000, 0x00000000c1300000|100%| O|  |TAMS 0x00000000c1200000, 0x00000000c1200000| Untracked 
| 275|0x00000000c1300000, 0x00000000c1400000, 0x00000000c1400000|100%| O|  |TAMS 0x00000000c1300000, 0x00000000c1300000| Untracked 
| 276|0x00000000c1400000, 0x00000000c1500000, 0x00000000c1500000|100%| O|  |TAMS 0x00000000c1400000, 0x00000000c1400000| Untracked 
| 277|0x00000000c1500000, 0x00000000c1600000, 0x00000000c1600000|100%| O|  |TAMS 0x00000000c1500000, 0x00000000c1500000| Untracked 
| 278|0x00000000c1600000, 0x00000000c1700000, 0x00000000c1700000|100%| O|  |TAMS 0x00000000c1600000, 0x00000000c1600000| Untracked 
| 279|0x00000000c1700000, 0x00000000c1800000, 0x00000000c1800000|100%| O|  |TAMS 0x00000000c1700000, 0x00000000c1700000| Untracked 
| 280|0x00000000c1800000, 0x00000000c1900000, 0x00000000c1900000|100%| O|  |TAMS 0x00000000c1800000, 0x00000000c1800000| Untracked 
| 281|0x00000000c1900000, 0x00000000c1a00000, 0x00000000c1a00000|100%| O|  |TAMS 0x00000000c1900000, 0x00000000c1900000| Untracked 
| 282|0x00000000c1a00000, 0x00000000c1b00000, 0x00000000c1b00000|100%| O|  |TAMS 0x00000000c1a00000, 0x00000000c1a00000| Untracked 
| 283|0x00000000c1b00000, 0x00000000c1c00000, 0x00000000c1c00000|100%| O|  |TAMS 0x00000000c1b00000, 0x00000000c1b00000| Untracked 
| 284|0x00000000c1c00000, 0x00000000c1d00000, 0x00000000c1d00000|100%| O|  |TAMS 0x00000000c1c00000, 0x00000000c1c00000| Untracked 
| 285|0x00000000c1d00000, 0x00000000c1e00000, 0x00000000c1e00000|100%| O|  |TAMS 0x00000000c1d00000, 0x00000000c1d00000| Untracked 
| 286|0x00000000c1e00000, 0x00000000c1f00000, 0x00000000c1f00000|100%| O|  |TAMS 0x00000000c1e00000, 0x00000000c1e00000| Untracked 
| 287|0x00000000c1f00000, 0x00000000c2000000, 0x00000000c2000000|100%| O|  |TAMS 0x00000000c1f00000, 0x00000000c1f00000| Untracked 
| 288|0x00000000c2000000, 0x00000000c2100000, 0x00000000c2100000|100%| O|  |TAMS 0x00000000c2000000, 0x00000000c2000000| Untracked 
| 289|0x00000000c2100000, 0x00000000c2200000, 0x00000000c2200000|100%| O|  |TAMS 0x00000000c2100000, 0x00000000c2100000| Untracked 
| 290|0x00000000c2200000, 0x00000000c2300000, 0x00000000c2300000|100%| O|  |TAMS 0x00000000c2200000, 0x00000000c2200000| Untracked 
| 291|0x00000000c2300000, 0x00000000c2400000, 0x00000000c2400000|100%| O|  |TAMS 0x00000000c2300000, 0x00000000c2300000| Untracked 
| 292|0x00000000c2400000, 0x00000000c2500000, 0x00000000c2500000|100%| O|  |TAMS 0x00000000c2400000, 0x00000000c2400000| Untracked 
| 293|0x00000000c2500000, 0x00000000c2600000, 0x00000000c2600000|100%| O|  |TAMS 0x00000000c2500000, 0x00000000c2500000| Untracked 
| 294|0x00000000c2600000, 0x00000000c2700000, 0x00000000c2700000|100%| O|  |TAMS 0x00000000c2600000, 0x00000000c2600000| Untracked 
| 295|0x00000000c2700000, 0x00000000c2800000, 0x00000000c2800000|100%| O|  |TAMS 0x00000000c2700000, 0x00000000c2700000| Untracked 
| 296|0x00000000c2800000, 0x00000000c2900000, 0x00000000c2900000|100%| O|  |TAMS 0x00000000c2800000, 0x00000000c2800000| Untracked 
| 297|0x00000000c2900000, 0x00000000c2a00000, 0x00000000c2a00000|100%| O|  |TAMS 0x00000000c2900000, 0x00000000c2900000| Untracked 
| 298|0x00000000c2a00000, 0x00000000c2b00000, 0x00000000c2b00000|100%| O|  |TAMS 0x00000000c2a00000, 0x00000000c2a00000| Untracked 
| 299|0x00000000c2b00000, 0x00000000c2c00000, 0x00000000c2c00000|100%| O|  |TAMS 0x00000000c2b00000, 0x00000000c2b00000| Untracked 
| 300|0x00000000c2c00000, 0x00000000c2d00000, 0x00000000c2d00000|100%| O|  |TAMS 0x00000000c2c00000, 0x00000000c2c00000| Untracked 
| 301|0x00000000c2d00000, 0x00000000c2e00000, 0x00000000c2e00000|100%| O|  |TAMS 0x00000000c2d00000, 0x00000000c2d00000| Untracked 
| 302|0x00000000c2e00000, 0x00000000c2f00000, 0x00000000c2f00000|100%| O|  |TAMS 0x00000000c2e00000, 0x00000000c2e00000| Untracked 
| 303|0x00000000c2f00000, 0x00000000c3000000, 0x00000000c3000000|100%| O|  |TAMS 0x00000000c2f00000, 0x00000000c2f00000| Untracked 
| 304|0x00000000c3000000, 0x00000000c3100000, 0x00000000c3100000|100%| O|  |TAMS 0x00000000c3000000, 0x00000000c3000000| Untracked 
| 305|0x00000000c3100000, 0x00000000c3200000, 0x00000000c3200000|100%| O|  |TAMS 0x00000000c3100000, 0x00000000c3100000| Untracked 
| 306|0x00000000c3200000, 0x00000000c3300000, 0x00000000c3300000|100%| O|  |TAMS 0x00000000c3200000, 0x00000000c3200000| Untracked 
| 307|0x00000000c3300000, 0x00000000c3400000, 0x00000000c3400000|100%| O|  |TAMS 0x00000000c3300000, 0x00000000c3300000| Untracked 
| 308|0x00000000c3400000, 0x00000000c3500000, 0x00000000c3500000|100%| O|  |TAMS 0x00000000c3400000, 0x00000000c3400000| Untracked 
| 309|0x00000000c3500000, 0x00000000c3600000, 0x00000000c3600000|100%| O|  |TAMS 0x00000000c3500000, 0x00000000c3500000| Untracked 
| 310|0x00000000c3600000, 0x00000000c3700000, 0x00000000c3700000|100%| O|  |TAMS 0x00000000c3600000, 0x00000000c3600000| Untracked 
| 311|0x00000000c3700000, 0x00000000c3800000, 0x00000000c3800000|100%| O|  |TAMS 0x00000000c3700000, 0x00000000c3700000| Untracked 
| 312|0x00000000c3800000, 0x00000000c3900000, 0x00000000c3900000|100%| O|  |TAMS 0x00000000c3800000, 0x00000000c3800000| Untracked 
| 313|0x00000000c3900000, 0x00000000c3a00000, 0x00000000c3a00000|100%| O|  |TAMS 0x00000000c3900000, 0x00000000c3900000| Untracked 
| 314|0x00000000c3a00000, 0x00000000c3b00000, 0x00000000c3b00000|100%| O|  |TAMS 0x00000000c3a00000, 0x00000000c3a00000| Untracked 
| 315|0x00000000c3b00000, 0x00000000c3c00000, 0x00000000c3c00000|100%| O|  |TAMS 0x00000000c3b00000, 0x00000000c3b00000| Untracked 
| 316|0x00000000c3c00000, 0x00000000c3d00000, 0x00000000c3d00000|100%| O|  |TAMS 0x00000000c3c00000, 0x00000000c3c00000| Untracked 
| 317|0x00000000c3d00000, 0x00000000c3e00000, 0x00000000c3e00000|100%| O|  |TAMS 0x00000000c3d00000, 0x00000000c3d00000| Untracked 
| 318|0x00000000c3e00000, 0x00000000c3f00000, 0x00000000c3f00000|100%| O|  |TAMS 0x00000000c3e00000, 0x00000000c3e00000| Untracked 
| 319|0x00000000c3f00000, 0x00000000c4000000, 0x00000000c4000000|100%| O|  |TAMS 0x00000000c3f00000, 0x00000000c3f00000| Untracked 
| 320|0x00000000c4000000, 0x00000000c4100000, 0x00000000c4100000|100%| O|  |TAMS 0x00000000c4000000, 0x00000000c4000000| Untracked 
| 321|0x00000000c4100000, 0x00000000c4200000, 0x00000000c4200000|100%| O|  |TAMS 0x00000000c4100000, 0x00000000c4100000| Untracked 
| 322|0x00000000c4200000, 0x00000000c4300000, 0x00000000c4300000|100%| O|  |TAMS 0x00000000c4200000, 0x00000000c4200000| Untracked 
| 323|0x00000000c4300000, 0x00000000c4400000, 0x00000000c4400000|100%| O|  |TAMS 0x00000000c4300000, 0x00000000c4300000| Untracked 
| 324|0x00000000c4400000, 0x00000000c4500000, 0x00000000c4500000|100%| O|  |TAMS 0x00000000c4400000, 0x00000000c4400000| Untracked 
| 325|0x00000000c4500000, 0x00000000c4600000, 0x00000000c4600000|100%| O|  |TAMS 0x00000000c4500000, 0x00000000c4500000| Untracked 
| 326|0x00000000c4600000, 0x00000000c4700000, 0x00000000c4700000|100%| O|  |TAMS 0x00000000c4600000, 0x00000000c4600000| Untracked 
| 327|0x00000000c4700000, 0x00000000c4800000, 0x00000000c4800000|100%| O|  |TAMS 0x00000000c4700000, 0x00000000c4700000| Untracked 
| 328|0x00000000c4800000, 0x00000000c4900000, 0x00000000c4900000|100%| O|  |TAMS 0x00000000c4800000, 0x00000000c4800000| Untracked 
| 329|0x00000000c4900000, 0x00000000c4a00000, 0x00000000c4a00000|100%| O|  |TAMS 0x00000000c4900000, 0x00000000c4900000| Untracked 
| 330|0x00000000c4a00000, 0x00000000c4b00000, 0x00000000c4b00000|100%| O|  |TAMS 0x00000000c4a00000, 0x00000000c4a00000| Untracked 
| 331|0x00000000c4b00000, 0x00000000c4c00000, 0x00000000c4c00000|100%| O|  |TAMS 0x00000000c4b00000, 0x00000000c4b00000| Untracked 
| 332|0x00000000c4c00000, 0x00000000c4d00000, 0x00000000c4d00000|100%| O|  |TAMS 0x00000000c4c00000, 0x00000000c4c00000| Untracked 
| 333|0x00000000c4d00000, 0x00000000c4e00000, 0x00000000c4e00000|100%| O|  |TAMS 0x00000000c4d00000, 0x00000000c4d00000| Untracked 
| 334|0x00000000c4e00000, 0x00000000c4f00000, 0x00000000c4f00000|100%| O|  |TAMS 0x00000000c4e00000, 0x00000000c4e00000| Untracked 
| 335|0x00000000c4f00000, 0x00000000c5000000, 0x00000000c5000000|100%| O|  |TAMS 0x00000000c4f00000, 0x00000000c4f00000| Untracked 
| 336|0x00000000c5000000, 0x00000000c5100000, 0x00000000c5100000|100%| O|  |TAMS 0x00000000c5000000, 0x00000000c5000000| Untracked 
| 337|0x00000000c5100000, 0x00000000c5180000, 0x00000000c5200000| 50%| O|  |TAMS 0x00000000c5100000, 0x00000000c5100000| Untracked 
| 338|0x00000000c5200000, 0x00000000c5200000, 0x00000000c5300000|  0%| F|  |TAMS 0x00000000c5200000, 0x00000000c5200000| Untracked 
| 339|0x00000000c5300000, 0x00000000c5300000, 0x00000000c5400000|  0%| F|  |TAMS 0x00000000c5300000, 0x00000000c5300000| Untracked 
| 340|0x00000000c5400000, 0x00000000c5400000, 0x00000000c5500000|  0%| F|  |TAMS 0x00000000c5400000, 0x00000000c5400000| Untracked 
| 341|0x00000000c5500000, 0x00000000c5500000, 0x00000000c5600000|  0%| F|  |TAMS 0x00000000c5500000, 0x00000000c5500000| Untracked 
| 342|0x00000000c5600000, 0x00000000c5600000, 0x00000000c5700000|  0%| F|  |TAMS 0x00000000c5600000, 0x00000000c5600000| Untracked 
| 343|0x00000000c5700000, 0x00000000c5700000, 0x00000000c5800000|  0%| F|  |TAMS 0x00000000c5700000, 0x00000000c5700000| Untracked 
| 344|0x00000000c5800000, 0x00000000c5800000, 0x00000000c5900000|  0%| F|  |TAMS 0x00000000c5800000, 0x00000000c5800000| Untracked 
| 345|0x00000000c5900000, 0x00000000c5900000, 0x00000000c5a00000|  0%| F|  |TAMS 0x00000000c5900000, 0x00000000c5900000| Untracked 
| 346|0x00000000c5a00000, 0x00000000c5a00000, 0x00000000c5b00000|  0%| F|  |TAMS 0x00000000c5a00000, 0x00000000c5a00000| Untracked 
| 347|0x00000000c5b00000, 0x00000000c5b00000, 0x00000000c5c00000|  0%| F|  |TAMS 0x00000000c5b00000, 0x00000000c5b00000| Untracked 
| 348|0x00000000c5c00000, 0x00000000c5c00000, 0x00000000c5d00000|  0%| F|  |TAMS 0x00000000c5c00000, 0x00000000c5c00000| Untracked 
| 349|0x00000000c5d00000, 0x00000000c5d00000, 0x00000000c5e00000|  0%| F|  |TAMS 0x00000000c5d00000, 0x00000000c5d00000| Untracked 
| 350|0x00000000c5e00000, 0x00000000c5e00000, 0x00000000c5f00000|  0%| F|  |TAMS 0x00000000c5e00000, 0x00000000c5e00000| Untracked 
| 351|0x00000000c5f00000, 0x00000000c5f00000, 0x00000000c6000000|  0%| F|  |TAMS 0x00000000c5f00000, 0x00000000c5f00000| Untracked 
| 352|0x00000000c6000000, 0x00000000c6000000, 0x00000000c6100000|  0%| F|  |TAMS 0x00000000c6000000, 0x00000000c6000000| Untracked 
| 353|0x00000000c6100000, 0x00000000c6100000, 0x00000000c6200000|  0%| F|  |TAMS 0x00000000c6100000, 0x00000000c6100000| Untracked 
| 354|0x00000000c6200000, 0x00000000c6200000, 0x00000000c6300000|  0%| F|  |TAMS 0x00000000c6200000, 0x00000000c6200000| Untracked 
| 355|0x00000000c6300000, 0x00000000c6300000, 0x00000000c6400000|  0%| F|  |TAMS 0x00000000c6300000, 0x00000000c6300000| Untracked 
| 356|0x00000000c6400000, 0x00000000c6400000, 0x00000000c6500000|  0%| F|  |TAMS 0x00000000c6400000, 0x00000000c6400000| Untracked 
| 357|0x00000000c6500000, 0x00000000c6500000, 0x00000000c6600000|  0%| F|  |TAMS 0x00000000c6500000, 0x00000000c6500000| Untracked 
| 358|0x00000000c6600000, 0x00000000c6600000, 0x00000000c6700000|  0%| F|  |TAMS 0x00000000c6600000, 0x00000000c6600000| Untracked 
| 359|0x00000000c6700000, 0x00000000c6700000, 0x00000000c6800000|  0%| F|  |TAMS 0x00000000c6700000, 0x00000000c6700000| Untracked 
| 360|0x00000000c6800000, 0x00000000c6800000, 0x00000000c6900000|  0%| F|  |TAMS 0x00000000c6800000, 0x00000000c6800000| Untracked 
| 361|0x00000000c6900000, 0x00000000c6900000, 0x00000000c6a00000|  0%| F|  |TAMS 0x00000000c6900000, 0x00000000c6900000| Untracked 
| 362|0x00000000c6a00000, 0x00000000c6a00000, 0x00000000c6b00000|  0%| F|  |TAMS 0x00000000c6a00000, 0x00000000c6a00000| Untracked 
| 363|0x00000000c6b00000, 0x00000000c6b00000, 0x00000000c6c00000|  0%| F|  |TAMS 0x00000000c6b00000, 0x00000000c6b00000| Untracked 
| 364|0x00000000c6c00000, 0x00000000c6c00000, 0x00000000c6d00000|  0%| F|  |TAMS 0x00000000c6c00000, 0x00000000c6c00000| Untracked 
| 365|0x00000000c6d00000, 0x00000000c6d00000, 0x00000000c6e00000|  0%| F|  |TAMS 0x00000000c6d00000, 0x00000000c6d00000| Untracked 
| 366|0x00000000c6e00000, 0x00000000c6e00000, 0x00000000c6f00000|  0%| F|  |TAMS 0x00000000c6e00000, 0x00000000c6e00000| Untracked 
| 367|0x00000000c6f00000, 0x00000000c6f00000, 0x00000000c7000000|  0%| F|  |TAMS 0x00000000c6f00000, 0x00000000c6f00000| Untracked 
| 368|0x00000000c7000000, 0x00000000c7000000, 0x00000000c7100000|  0%| F|  |TAMS 0x00000000c7000000, 0x00000000c7000000| Untracked 
| 369|0x00000000c7100000, 0x00000000c7100000, 0x00000000c7200000|  0%| F|  |TAMS 0x00000000c7100000, 0x00000000c7100000| Untracked 
| 370|0x00000000c7200000, 0x00000000c7200000, 0x00000000c7300000|  0%| F|  |TAMS 0x00000000c7200000, 0x00000000c7200000| Untracked 
| 371|0x00000000c7300000, 0x00000000c7300000, 0x00000000c7400000|  0%| F|  |TAMS 0x00000000c7300000, 0x00000000c7300000| Untracked 
| 372|0x00000000c7400000, 0x00000000c7400000, 0x00000000c7500000|  0%| F|  |TAMS 0x00000000c7400000, 0x00000000c7400000| Untracked 
| 373|0x00000000c7500000, 0x00000000c7500000, 0x00000000c7600000|  0%| F|  |TAMS 0x00000000c7500000, 0x00000000c7500000| Untracked 
| 374|0x00000000c7600000, 0x00000000c7600000, 0x00000000c7700000|  0%| F|  |TAMS 0x00000000c7600000, 0x00000000c7600000| Untracked 
| 375|0x00000000c7700000, 0x00000000c7700000, 0x00000000c7800000|  0%| F|  |TAMS 0x00000000c7700000, 0x00000000c7700000| Untracked 
| 376|0x00000000c7800000, 0x00000000c7800000, 0x00000000c7900000|  0%| F|  |TAMS 0x00000000c7800000, 0x00000000c7800000| Untracked 
| 377|0x00000000c7900000, 0x00000000c7900000, 0x00000000c7a00000|  0%| F|  |TAMS 0x00000000c7900000, 0x00000000c7900000| Untracked 
| 378|0x00000000c7a00000, 0x00000000c7a00000, 0x00000000c7b00000|  0%| F|  |TAMS 0x00000000c7a00000, 0x00000000c7a00000| Untracked 
| 379|0x00000000c7b00000, 0x00000000c7b00000, 0x00000000c7c00000|  0%| F|  |TAMS 0x00000000c7b00000, 0x00000000c7b00000| Untracked 
| 380|0x00000000c7c00000, 0x00000000c7c00000, 0x00000000c7d00000|  0%| F|  |TAMS 0x00000000c7c00000, 0x00000000c7c00000| Untracked 
| 381|0x00000000c7d00000, 0x00000000c7d00000, 0x00000000c7e00000|  0%| F|  |TAMS 0x00000000c7d00000, 0x00000000c7d00000| Untracked 
| 382|0x00000000c7e00000, 0x00000000c7e00000, 0x00000000c7f00000|  0%| F|  |TAMS 0x00000000c7e00000, 0x00000000c7e00000| Untracked 
| 383|0x00000000c7f00000, 0x00000000c7f00000, 0x00000000c8000000|  0%| F|  |TAMS 0x00000000c7f00000, 0x00000000c7f00000| Untracked 
| 384|0x00000000c8000000, 0x00000000c8000000, 0x00000000c8100000|  0%| F|  |TAMS 0x00000000c8000000, 0x00000000c8000000| Untracked 
| 385|0x00000000c8100000, 0x00000000c8100000, 0x00000000c8200000|  0%| F|  |TAMS 0x00000000c8100000, 0x00000000c8100000| Untracked 
| 386|0x00000000c8200000, 0x00000000c8200000, 0x00000000c8300000|  0%| F|  |TAMS 0x00000000c8200000, 0x00000000c8200000| Untracked 
| 387|0x00000000c8300000, 0x00000000c8300000, 0x00000000c8400000|  0%| F|  |TAMS 0x00000000c8300000, 0x00000000c8300000| Untracked 
| 388|0x00000000c8400000, 0x00000000c8400000, 0x00000000c8500000|  0%| F|  |TAMS 0x00000000c8400000, 0x00000000c8400000| Untracked 
| 389|0x00000000c8500000, 0x00000000c8500000, 0x00000000c8600000|  0%| F|  |TAMS 0x00000000c8500000, 0x00000000c8500000| Untracked 
| 390|0x00000000c8600000, 0x00000000c8600000, 0x00000000c8700000|  0%| F|  |TAMS 0x00000000c8600000, 0x00000000c8600000| Untracked 
| 391|0x00000000c8700000, 0x00000000c8700000, 0x00000000c8800000|  0%| F|  |TAMS 0x00000000c8700000, 0x00000000c8700000| Untracked 
| 392|0x00000000c8800000, 0x00000000c8800000, 0x00000000c8900000|  0%| F|  |TAMS 0x00000000c8800000, 0x00000000c8800000| Untracked 
| 393|0x00000000c8900000, 0x00000000c8900000, 0x00000000c8a00000|  0%| F|  |TAMS 0x00000000c8900000, 0x00000000c8900000| Untracked 
| 394|0x00000000c8a00000, 0x00000000c8a00000, 0x00000000c8b00000|  0%| F|  |TAMS 0x00000000c8a00000, 0x00000000c8a00000| Untracked 
| 395|0x00000000c8b00000, 0x00000000c8b00000, 0x00000000c8c00000|  0%| F|  |TAMS 0x00000000c8b00000, 0x00000000c8b00000| Untracked 
| 396|0x00000000c8c00000, 0x00000000c8c00000, 0x00000000c8d00000|  0%| F|  |TAMS 0x00000000c8c00000, 0x00000000c8c00000| Untracked 
| 397|0x00000000c8d00000, 0x00000000c8d00000, 0x00000000c8e00000|  0%| F|  |TAMS 0x00000000c8d00000, 0x00000000c8d00000| Untracked 
| 398|0x00000000c8e00000, 0x00000000c8e00000, 0x00000000c8f00000|  0%| F|  |TAMS 0x00000000c8e00000, 0x00000000c8e00000| Untracked 
| 399|0x00000000c8f00000, 0x00000000c8f00000, 0x00000000c9000000|  0%| F|  |TAMS 0x00000000c8f00000, 0x00000000c8f00000| Untracked 
| 400|0x00000000c9000000, 0x00000000c9000000, 0x00000000c9100000|  0%| F|  |TAMS 0x00000000c9000000, 0x00000000c9000000| Untracked 
| 401|0x00000000c9100000, 0x00000000c9100000, 0x00000000c9200000|  0%| F|  |TAMS 0x00000000c9100000, 0x00000000c9100000| Untracked 
| 402|0x00000000c9200000, 0x00000000c9200000, 0x00000000c9300000|  0%| F|  |TAMS 0x00000000c9200000, 0x00000000c9200000| Untracked 
| 403|0x00000000c9300000, 0x00000000c9300000, 0x00000000c9400000|  0%| F|  |TAMS 0x00000000c9300000, 0x00000000c9300000| Untracked 
| 404|0x00000000c9400000, 0x00000000c9400000, 0x00000000c9500000|  0%| F|  |TAMS 0x00000000c9400000, 0x00000000c9400000| Untracked 
| 405|0x00000000c9500000, 0x00000000c9500000, 0x00000000c9600000|  0%| F|  |TAMS 0x00000000c9500000, 0x00000000c9500000| Untracked 
| 406|0x00000000c9600000, 0x00000000c9600000, 0x00000000c9700000|  0%| F|  |TAMS 0x00000000c9600000, 0x00000000c9600000| Untracked 
| 407|0x00000000c9700000, 0x00000000c9700000, 0x00000000c9800000|  0%| F|  |TAMS 0x00000000c9700000, 0x00000000c9700000| Untracked 
| 408|0x00000000c9800000, 0x00000000c9800000, 0x00000000c9900000|  0%| F|  |TAMS 0x00000000c9800000, 0x00000000c9800000| Untracked 
| 409|0x00000000c9900000, 0x00000000c9900000, 0x00000000c9a00000|  0%| F|  |TAMS 0x00000000c9900000, 0x00000000c9900000| Untracked 
| 410|0x00000000c9a00000, 0x00000000c9a00000, 0x00000000c9b00000|  0%| F|  |TAMS 0x00000000c9a00000, 0x00000000c9a00000| Untracked 
| 411|0x00000000c9b00000, 0x00000000c9b00000, 0x00000000c9c00000|  0%| F|  |TAMS 0x00000000c9b00000, 0x00000000c9b00000| Untracked 
| 412|0x00000000c9c00000, 0x00000000c9c00000, 0x00000000c9d00000|  0%| F|  |TAMS 0x00000000c9c00000, 0x00000000c9c00000| Untracked 
| 413|0x00000000c9d00000, 0x00000000c9d00000, 0x00000000c9e00000|  0%| F|  |TAMS 0x00000000c9d00000, 0x00000000c9d00000| Untracked 
| 414|0x00000000c9e00000, 0x00000000c9e00000, 0x00000000c9f00000|  0%| F|  |TAMS 0x00000000c9e00000, 0x00000000c9e00000| Untracked 
| 415|0x00000000c9f00000, 0x00000000c9f00000, 0x00000000ca000000|  0%| F|  |TAMS 0x00000000c9f00000, 0x00000000c9f00000| Untracked 
| 416|0x00000000ca000000, 0x00000000ca000000, 0x00000000ca100000|  0%| F|  |TAMS 0x00000000ca000000, 0x00000000ca000000| Untracked 
| 417|0x00000000ca100000, 0x00000000ca100000, 0x00000000ca200000|  0%| F|  |TAMS 0x00000000ca100000, 0x00000000ca100000| Untracked 
| 418|0x00000000ca200000, 0x00000000ca200000, 0x00000000ca300000|  0%| F|  |TAMS 0x00000000ca200000, 0x00000000ca200000| Untracked 
| 419|0x00000000ca300000, 0x00000000ca300000, 0x00000000ca400000|  0%| F|  |TAMS 0x00000000ca300000, 0x00000000ca300000| Untracked 
| 420|0x00000000ca400000, 0x00000000ca400000, 0x00000000ca500000|  0%| F|  |TAMS 0x00000000ca400000, 0x00000000ca400000| Untracked 
| 421|0x00000000ca500000, 0x00000000ca500000, 0x00000000ca600000|  0%| F|  |TAMS 0x00000000ca500000, 0x00000000ca500000| Untracked 
| 422|0x00000000ca600000, 0x00000000ca600000, 0x00000000ca700000|  0%| F|  |TAMS 0x00000000ca600000, 0x00000000ca600000| Untracked 
| 423|0x00000000ca700000, 0x00000000ca700000, 0x00000000ca800000|  0%| F|  |TAMS 0x00000000ca700000, 0x00000000ca700000| Untracked 
| 424|0x00000000ca800000, 0x00000000ca800000, 0x00000000ca900000|  0%| F|  |TAMS 0x00000000ca800000, 0x00000000ca800000| Untracked 
| 425|0x00000000ca900000, 0x00000000ca900000, 0x00000000caa00000|  0%| F|  |TAMS 0x00000000ca900000, 0x00000000ca900000| Untracked 
| 426|0x00000000caa00000, 0x00000000caa00000, 0x00000000cab00000|  0%| F|  |TAMS 0x00000000caa00000, 0x00000000caa00000| Untracked 
| 427|0x00000000cab00000, 0x00000000cab00000, 0x00000000cac00000|  0%| F|  |TAMS 0x00000000cab00000, 0x00000000cab00000| Untracked 
| 428|0x00000000cac00000, 0x00000000cac00000, 0x00000000cad00000|  0%| F|  |TAMS 0x00000000cac00000, 0x00000000cac00000| Untracked 
| 429|0x00000000cad00000, 0x00000000cad00000, 0x00000000cae00000|  0%| F|  |TAMS 0x00000000cad00000, 0x00000000cad00000| Untracked 
| 430|0x00000000cae00000, 0x00000000cae00000, 0x00000000caf00000|  0%| F|  |TAMS 0x00000000cae00000, 0x00000000cae00000| Untracked 
| 431|0x00000000caf00000, 0x00000000caf00000, 0x00000000cb000000|  0%| F|  |TAMS 0x00000000caf00000, 0x00000000caf00000| Untracked 
| 432|0x00000000cb000000, 0x00000000cb000000, 0x00000000cb100000|  0%| F|  |TAMS 0x00000000cb000000, 0x00000000cb000000| Untracked 
| 433|0x00000000cb100000, 0x00000000cb100000, 0x00000000cb200000|  0%| F|  |TAMS 0x00000000cb100000, 0x00000000cb100000| Untracked 
| 434|0x00000000cb200000, 0x00000000cb200000, 0x00000000cb300000|  0%| F|  |TAMS 0x00000000cb200000, 0x00000000cb200000| Untracked 
| 435|0x00000000cb300000, 0x00000000cb300000, 0x00000000cb400000|  0%| F|  |TAMS 0x00000000cb300000, 0x00000000cb300000| Untracked 
| 436|0x00000000cb400000, 0x00000000cb400000, 0x00000000cb500000|  0%| F|  |TAMS 0x00000000cb400000, 0x00000000cb400000| Untracked 
| 437|0x00000000cb500000, 0x00000000cb500000, 0x00000000cb600000|  0%| F|  |TAMS 0x00000000cb500000, 0x00000000cb500000| Untracked 
| 438|0x00000000cb600000, 0x00000000cb600000, 0x00000000cb700000|  0%| F|  |TAMS 0x00000000cb600000, 0x00000000cb600000| Untracked 
| 439|0x00000000cb700000, 0x00000000cb700000, 0x00000000cb800000|  0%| F|  |TAMS 0x00000000cb700000, 0x00000000cb700000| Untracked 
| 440|0x00000000cb800000, 0x00000000cb800000, 0x00000000cb900000|  0%| F|  |TAMS 0x00000000cb800000, 0x00000000cb800000| Untracked 
| 441|0x00000000cb900000, 0x00000000cba00000, 0x00000000cba00000|100%| S|CS|TAMS 0x00000000cb900000, 0x00000000cb900000| Complete 
| 442|0x00000000cba00000, 0x00000000cbb00000, 0x00000000cbb00000|100%| S|CS|TAMS 0x00000000cba00000, 0x00000000cba00000| Complete 
| 443|0x00000000cbb00000, 0x00000000cbc00000, 0x00000000cbc00000|100%| S|CS|TAMS 0x00000000cbb00000, 0x00000000cbb00000| Complete 
| 444|0x00000000cbc00000, 0x00000000cbd00000, 0x00000000cbd00000|100%| S|CS|TAMS 0x00000000cbc00000, 0x00000000cbc00000| Complete 
| 445|0x00000000cbd00000, 0x00000000cbe00000, 0x00000000cbe00000|100%| S|CS|TAMS 0x00000000cbd00000, 0x00000000cbd00000| Complete 
| 446|0x00000000cbe00000, 0x00000000cbf00000, 0x00000000cbf00000|100%| S|CS|TAMS 0x00000000cbe00000, 0x00000000cbe00000| Complete 
| 447|0x00000000cbf00000, 0x00000000cc000000, 0x00000000cc000000|100%| S|CS|TAMS 0x00000000cbf00000, 0x00000000cbf00000| Complete 
| 448|0x00000000cc000000, 0x00000000cc100000, 0x00000000cc100000|100%| S|CS|TAMS 0x00000000cc000000, 0x00000000cc000000| Complete 
| 449|0x00000000cc100000, 0x00000000cc200000, 0x00000000cc200000|100%| S|CS|TAMS 0x00000000cc100000, 0x00000000cc100000| Complete 
| 450|0x00000000cc200000, 0x00000000cc300000, 0x00000000cc300000|100%| S|CS|TAMS 0x00000000cc200000, 0x00000000cc200000| Complete 
| 451|0x00000000cc300000, 0x00000000cc400000, 0x00000000cc400000|100%| S|CS|TAMS 0x00000000cc300000, 0x00000000cc300000| Complete 
| 452|0x00000000cc400000, 0x00000000cc500000, 0x00000000cc500000|100%| S|CS|TAMS 0x00000000cc400000, 0x00000000cc400000| Complete 
| 453|0x00000000cc500000, 0x00000000cc600000, 0x00000000cc600000|100%| S|CS|TAMS 0x00000000cc500000, 0x00000000cc500000| Complete 
| 454|0x00000000cc600000, 0x00000000cc700000, 0x00000000cc700000|100%| S|CS|TAMS 0x00000000cc600000, 0x00000000cc600000| Complete 
| 455|0x00000000cc700000, 0x00000000cc800000, 0x00000000cc800000|100%| S|CS|TAMS 0x00000000cc700000, 0x00000000cc700000| Complete 
| 456|0x00000000cc800000, 0x00000000cc900000, 0x00000000cc900000|100%| S|CS|TAMS 0x00000000cc800000, 0x00000000cc800000| Complete 
| 457|0x00000000cc900000, 0x00000000cca00000, 0x00000000cca00000|100%| S|CS|TAMS 0x00000000cc900000, 0x00000000cc900000| Complete 
| 458|0x00000000cca00000, 0x00000000ccb00000, 0x00000000ccb00000|100%| S|CS|TAMS 0x00000000cca00000, 0x00000000cca00000| Complete 
| 459|0x00000000ccb00000, 0x00000000ccc00000, 0x00000000ccc00000|100%| S|CS|TAMS 0x00000000ccb00000, 0x00000000ccb00000| Complete 
| 460|0x00000000ccc00000, 0x00000000ccc00000, 0x00000000ccd00000|  0%| F|  |TAMS 0x00000000ccc00000, 0x00000000ccc00000| Untracked 
| 461|0x00000000ccd00000, 0x00000000ccd00000, 0x00000000cce00000|  0%| F|  |TAMS 0x00000000ccd00000, 0x00000000ccd00000| Untracked 
| 462|0x00000000cce00000, 0x00000000cce00000, 0x00000000ccf00000|  0%| F|  |TAMS 0x00000000cce00000, 0x00000000cce00000| Untracked 
| 463|0x00000000ccf00000, 0x00000000ccf00000, 0x00000000cd000000|  0%| F|  |TAMS 0x00000000ccf00000, 0x00000000ccf00000| Untracked 
| 464|0x00000000cd000000, 0x00000000cd000000, 0x00000000cd100000|  0%| F|  |TAMS 0x00000000cd000000, 0x00000000cd000000| Untracked 
| 465|0x00000000cd100000, 0x00000000cd100000, 0x00000000cd200000|  0%| F|  |TAMS 0x00000000cd100000, 0x00000000cd100000| Untracked 
| 466|0x00000000cd200000, 0x00000000cd200000, 0x00000000cd300000|  0%| F|  |TAMS 0x00000000cd200000, 0x00000000cd200000| Untracked 
| 467|0x00000000cd300000, 0x00000000cd300000, 0x00000000cd400000|  0%| F|  |TAMS 0x00000000cd300000, 0x00000000cd300000| Untracked 
| 468|0x00000000cd400000, 0x00000000cd400000, 0x00000000cd500000|  0%| F|  |TAMS 0x00000000cd400000, 0x00000000cd400000| Untracked 
| 469|0x00000000cd500000, 0x00000000cd500000, 0x00000000cd600000|  0%| F|  |TAMS 0x00000000cd500000, 0x00000000cd500000| Untracked 
| 470|0x00000000cd600000, 0x00000000cd600000, 0x00000000cd700000|  0%| F|  |TAMS 0x00000000cd600000, 0x00000000cd600000| Untracked 
| 471|0x00000000cd700000, 0x00000000cd700000, 0x00000000cd800000|  0%| F|  |TAMS 0x00000000cd700000, 0x00000000cd700000| Untracked 
| 472|0x00000000cd800000, 0x00000000cd800000, 0x00000000cd900000|  0%| F|  |TAMS 0x00000000cd800000, 0x00000000cd800000| Untracked 
| 473|0x00000000cd900000, 0x00000000cd900000, 0x00000000cda00000|  0%| F|  |TAMS 0x00000000cd900000, 0x00000000cd900000| Untracked 
| 474|0x00000000cda00000, 0x00000000cda00000, 0x00000000cdb00000|  0%| F|  |TAMS 0x00000000cda00000, 0x00000000cda00000| Untracked 
| 475|0x00000000cdb00000, 0x00000000cdb00000, 0x00000000cdc00000|  0%| F|  |TAMS 0x00000000cdb00000, 0x00000000cdb00000| Untracked 
| 476|0x00000000cdc00000, 0x00000000cdc00000, 0x00000000cdd00000|  0%| F|  |TAMS 0x00000000cdc00000, 0x00000000cdc00000| Untracked 
| 477|0x00000000cdd00000, 0x00000000cdd00000, 0x00000000cde00000|  0%| F|  |TAMS 0x00000000cdd00000, 0x00000000cdd00000| Untracked 
| 478|0x00000000cde00000, 0x00000000cde00000, 0x00000000cdf00000|  0%| F|  |TAMS 0x00000000cde00000, 0x00000000cde00000| Untracked 
| 479|0x00000000cdf00000, 0x00000000cdf00000, 0x00000000ce000000|  0%| F|  |TAMS 0x00000000cdf00000, 0x00000000cdf00000| Untracked 
| 480|0x00000000ce000000, 0x00000000ce000000, 0x00000000ce100000|  0%| F|  |TAMS 0x00000000ce000000, 0x00000000ce000000| Untracked 
| 481|0x00000000ce100000, 0x00000000ce100000, 0x00000000ce200000|  0%| F|  |TAMS 0x00000000ce100000, 0x00000000ce100000| Untracked 
| 482|0x00000000ce200000, 0x00000000ce200000, 0x00000000ce300000|  0%| F|  |TAMS 0x00000000ce200000, 0x00000000ce200000| Untracked 
| 483|0x00000000ce300000, 0x00000000ce300000, 0x00000000ce400000|  0%| F|  |TAMS 0x00000000ce300000, 0x00000000ce300000| Untracked 
| 484|0x00000000ce400000, 0x00000000ce400000, 0x00000000ce500000|  0%| F|  |TAMS 0x00000000ce400000, 0x00000000ce400000| Untracked 
| 485|0x00000000ce500000, 0x00000000ce500000, 0x00000000ce600000|  0%| F|  |TAMS 0x00000000ce500000, 0x00000000ce500000| Untracked 
| 486|0x00000000ce600000, 0x00000000ce600000, 0x00000000ce700000|  0%| F|  |TAMS 0x00000000ce600000, 0x00000000ce600000| Untracked 
| 487|0x00000000ce700000, 0x00000000ce700000, 0x00000000ce800000|  0%| F|  |TAMS 0x00000000ce700000, 0x00000000ce700000| Untracked 
| 488|0x00000000ce800000, 0x00000000ce800000, 0x00000000ce900000|  0%| F|  |TAMS 0x00000000ce800000, 0x00000000ce800000| Untracked 
| 489|0x00000000ce900000, 0x00000000ce900000, 0x00000000cea00000|  0%| F|  |TAMS 0x00000000ce900000, 0x00000000ce900000| Untracked 
| 490|0x00000000cea00000, 0x00000000cea00000, 0x00000000ceb00000|  0%| F|  |TAMS 0x00000000cea00000, 0x00000000cea00000| Untracked 
| 491|0x00000000ceb00000, 0x00000000ceb00000, 0x00000000cec00000|  0%| F|  |TAMS 0x00000000ceb00000, 0x00000000ceb00000| Untracked 
| 492|0x00000000cec00000, 0x00000000cec00000, 0x00000000ced00000|  0%| F|  |TAMS 0x00000000cec00000, 0x00000000cec00000| Untracked 
| 493|0x00000000ced00000, 0x00000000ced00000, 0x00000000cee00000|  0%| F|  |TAMS 0x00000000ced00000, 0x00000000ced00000| Untracked 
| 494|0x00000000cee00000, 0x00000000cee00000, 0x00000000cef00000|  0%| F|  |TAMS 0x00000000cee00000, 0x00000000cee00000| Untracked 
| 495|0x00000000cef00000, 0x00000000cef00000, 0x00000000cf000000|  0%| F|  |TAMS 0x00000000cef00000, 0x00000000cef00000| Untracked 
| 496|0x00000000cf000000, 0x00000000cf000000, 0x00000000cf100000|  0%| F|  |TAMS 0x00000000cf000000, 0x00000000cf000000| Untracked 
| 497|0x00000000cf100000, 0x00000000cf100000, 0x00000000cf200000|  0%| F|  |TAMS 0x00000000cf100000, 0x00000000cf100000| Untracked 
| 498|0x00000000cf200000, 0x00000000cf200000, 0x00000000cf300000|  0%| F|  |TAMS 0x00000000cf200000, 0x00000000cf200000| Untracked 
| 499|0x00000000cf300000, 0x00000000cf300000, 0x00000000cf400000|  0%| F|  |TAMS 0x00000000cf300000, 0x00000000cf300000| Untracked 
| 500|0x00000000cf400000, 0x00000000cf400000, 0x00000000cf500000|  0%| F|  |TAMS 0x00000000cf400000, 0x00000000cf400000| Untracked 
| 501|0x00000000cf500000, 0x00000000cf500000, 0x00000000cf600000|  0%| F|  |TAMS 0x00000000cf500000, 0x00000000cf500000| Untracked 
| 502|0x00000000cf600000, 0x00000000cf600000, 0x00000000cf700000|  0%| F|  |TAMS 0x00000000cf600000, 0x00000000cf600000| Untracked 
| 503|0x00000000cf700000, 0x00000000cf700000, 0x00000000cf800000|  0%| F|  |TAMS 0x00000000cf700000, 0x00000000cf700000| Untracked 
| 504|0x00000000cf800000, 0x00000000cf800000, 0x00000000cf900000|  0%| F|  |TAMS 0x00000000cf800000, 0x00000000cf800000| Untracked 
| 505|0x00000000cf900000, 0x00000000cf900000, 0x00000000cfa00000|  0%| F|  |TAMS 0x00000000cf900000, 0x00000000cf900000| Untracked 
| 506|0x00000000cfa00000, 0x00000000cfa00000, 0x00000000cfb00000|  0%| F|  |TAMS 0x00000000cfa00000, 0x00000000cfa00000| Untracked 
| 507|0x00000000cfb00000, 0x00000000cfb00000, 0x00000000cfc00000|  0%| F|  |TAMS 0x00000000cfb00000, 0x00000000cfb00000| Untracked 
| 508|0x00000000cfc00000, 0x00000000cfc00000, 0x00000000cfd00000|  0%| F|  |TAMS 0x00000000cfc00000, 0x00000000cfc00000| Untracked 
| 509|0x00000000cfd00000, 0x00000000cfd00000, 0x00000000cfe00000|  0%| F|  |TAMS 0x00000000cfd00000, 0x00000000cfd00000| Untracked 
| 510|0x00000000cfe00000, 0x00000000cfe00000, 0x00000000cff00000|  0%| F|  |TAMS 0x00000000cfe00000, 0x00000000cfe00000| Untracked 
| 511|0x00000000cff00000, 0x00000000cff00000, 0x00000000d0000000|  0%| F|  |TAMS 0x00000000cff00000, 0x00000000cff00000| Untracked 
| 512|0x00000000d0000000, 0x00000000d0000000, 0x00000000d0100000|  0%| F|  |TAMS 0x00000000d0000000, 0x00000000d0000000| Untracked 
| 513|0x00000000d0100000, 0x00000000d0100000, 0x00000000d0200000|  0%| F|  |TAMS 0x00000000d0100000, 0x00000000d0100000| Untracked 
| 514|0x00000000d0200000, 0x00000000d0200000, 0x00000000d0300000|  0%| F|  |TAMS 0x00000000d0200000, 0x00000000d0200000| Untracked 
| 515|0x00000000d0300000, 0x00000000d0300000, 0x00000000d0400000|  0%| F|  |TAMS 0x00000000d0300000, 0x00000000d0300000| Untracked 
| 516|0x00000000d0400000, 0x00000000d0400000, 0x00000000d0500000|  0%| F|  |TAMS 0x00000000d0400000, 0x00000000d0400000| Untracked 
| 517|0x00000000d0500000, 0x00000000d0500000, 0x00000000d0600000|  0%| F|  |TAMS 0x00000000d0500000, 0x00000000d0500000| Untracked 
| 518|0x00000000d0600000, 0x00000000d0600000, 0x00000000d0700000|  0%| F|  |TAMS 0x00000000d0600000, 0x00000000d0600000| Untracked 
| 519|0x00000000d0700000, 0x00000000d0700000, 0x00000000d0800000|  0%| F|  |TAMS 0x00000000d0700000, 0x00000000d0700000| Untracked 
| 520|0x00000000d0800000, 0x00000000d0800000, 0x00000000d0900000|  0%| F|  |TAMS 0x00000000d0800000, 0x00000000d0800000| Untracked 
| 521|0x00000000d0900000, 0x00000000d0900000, 0x00000000d0a00000|  0%| F|  |TAMS 0x00000000d0900000, 0x00000000d0900000| Untracked 
| 522|0x00000000d0a00000, 0x00000000d0a00000, 0x00000000d0b00000|  0%| F|  |TAMS 0x00000000d0a00000, 0x00000000d0a00000| Untracked 
| 523|0x00000000d0b00000, 0x00000000d0b00000, 0x00000000d0c00000|  0%| F|  |TAMS 0x00000000d0b00000, 0x00000000d0b00000| Untracked 
| 524|0x00000000d0c00000, 0x00000000d0c00000, 0x00000000d0d00000|  0%| F|  |TAMS 0x00000000d0c00000, 0x00000000d0c00000| Untracked 
| 525|0x00000000d0d00000, 0x00000000d0d00000, 0x00000000d0e00000|  0%| F|  |TAMS 0x00000000d0d00000, 0x00000000d0d00000| Untracked 
| 526|0x00000000d0e00000, 0x00000000d0e00000, 0x00000000d0f00000|  0%| F|  |TAMS 0x00000000d0e00000, 0x00000000d0e00000| Untracked 
| 527|0x00000000d0f00000, 0x00000000d0f00000, 0x00000000d1000000|  0%| F|  |TAMS 0x00000000d0f00000, 0x00000000d0f00000| Untracked 
| 528|0x00000000d1000000, 0x00000000d1000000, 0x00000000d1100000|  0%| F|  |TAMS 0x00000000d1000000, 0x00000000d1000000| Untracked 
| 529|0x00000000d1100000, 0x00000000d1100000, 0x00000000d1200000|  0%| F|  |TAMS 0x00000000d1100000, 0x00000000d1100000| Untracked 
| 530|0x00000000d1200000, 0x00000000d1200000, 0x00000000d1300000|  0%| F|  |TAMS 0x00000000d1200000, 0x00000000d1200000| Untracked 
| 531|0x00000000d1300000, 0x00000000d1300000, 0x00000000d1400000|  0%| F|  |TAMS 0x00000000d1300000, 0x00000000d1300000| Untracked 
| 532|0x00000000d1400000, 0x00000000d1400000, 0x00000000d1500000|  0%| F|  |TAMS 0x00000000d1400000, 0x00000000d1400000| Untracked 
| 533|0x00000000d1500000, 0x00000000d1500000, 0x00000000d1600000|  0%| F|  |TAMS 0x00000000d1500000, 0x00000000d1500000| Untracked 
| 534|0x00000000d1600000, 0x00000000d1600000, 0x00000000d1700000|  0%| F|  |TAMS 0x00000000d1600000, 0x00000000d1600000| Untracked 
| 535|0x00000000d1700000, 0x00000000d1700000, 0x00000000d1800000|  0%| F|  |TAMS 0x00000000d1700000, 0x00000000d1700000| Untracked 
| 536|0x00000000d1800000, 0x00000000d1800000, 0x00000000d1900000|  0%| F|  |TAMS 0x00000000d1800000, 0x00000000d1800000| Untracked 
| 537|0x00000000d1900000, 0x00000000d1900000, 0x00000000d1a00000|  0%| F|  |TAMS 0x00000000d1900000, 0x00000000d1900000| Untracked 
| 538|0x00000000d1a00000, 0x00000000d1a00000, 0x00000000d1b00000|  0%| F|  |TAMS 0x00000000d1a00000, 0x00000000d1a00000| Untracked 
| 539|0x00000000d1b00000, 0x00000000d1b00000, 0x00000000d1c00000|  0%| F|  |TAMS 0x00000000d1b00000, 0x00000000d1b00000| Untracked 
| 540|0x00000000d1c00000, 0x00000000d1c00000, 0x00000000d1d00000|  0%| F|  |TAMS 0x00000000d1c00000, 0x00000000d1c00000| Untracked 
| 541|0x00000000d1d00000, 0x00000000d1d00000, 0x00000000d1e00000|  0%| F|  |TAMS 0x00000000d1d00000, 0x00000000d1d00000| Untracked 
| 542|0x00000000d1e00000, 0x00000000d1e00000, 0x00000000d1f00000|  0%| F|  |TAMS 0x00000000d1e00000, 0x00000000d1e00000| Untracked 
| 543|0x00000000d1f00000, 0x00000000d1f00000, 0x00000000d2000000|  0%| F|  |TAMS 0x00000000d1f00000, 0x00000000d1f00000| Untracked 
| 544|0x00000000d2000000, 0x00000000d2000000, 0x00000000d2100000|  0%| F|  |TAMS 0x00000000d2000000, 0x00000000d2000000| Untracked 
| 545|0x00000000d2100000, 0x00000000d2100000, 0x00000000d2200000|  0%| F|  |TAMS 0x00000000d2100000, 0x00000000d2100000| Untracked 
| 546|0x00000000d2200000, 0x00000000d2200000, 0x00000000d2300000|  0%| F|  |TAMS 0x00000000d2200000, 0x00000000d2200000| Untracked 
| 547|0x00000000d2300000, 0x00000000d2300000, 0x00000000d2400000|  0%| F|  |TAMS 0x00000000d2300000, 0x00000000d2300000| Untracked 
| 548|0x00000000d2400000, 0x00000000d2400000, 0x00000000d2500000|  0%| F|  |TAMS 0x00000000d2400000, 0x00000000d2400000| Untracked 
| 549|0x00000000d2500000, 0x00000000d2500000, 0x00000000d2600000|  0%| F|  |TAMS 0x00000000d2500000, 0x00000000d2500000| Untracked 
| 550|0x00000000d2600000, 0x00000000d2600000, 0x00000000d2700000|  0%| F|  |TAMS 0x00000000d2600000, 0x00000000d2600000| Untracked 
| 551|0x00000000d2700000, 0x00000000d2700000, 0x00000000d2800000|  0%| F|  |TAMS 0x00000000d2700000, 0x00000000d2700000| Untracked 
| 552|0x00000000d2800000, 0x00000000d2800000, 0x00000000d2900000|  0%| F|  |TAMS 0x00000000d2800000, 0x00000000d2800000| Untracked 
| 553|0x00000000d2900000, 0x00000000d2900000, 0x00000000d2a00000|  0%| F|  |TAMS 0x00000000d2900000, 0x00000000d2900000| Untracked 
| 554|0x00000000d2a00000, 0x00000000d2a00000, 0x00000000d2b00000|  0%| F|  |TAMS 0x00000000d2a00000, 0x00000000d2a00000| Untracked 
| 555|0x00000000d2b00000, 0x00000000d2b00000, 0x00000000d2c00000|  0%| F|  |TAMS 0x00000000d2b00000, 0x00000000d2b00000| Untracked 
| 556|0x00000000d2c00000, 0x00000000d2c00000, 0x00000000d2d00000|  0%| F|  |TAMS 0x00000000d2c00000, 0x00000000d2c00000| Untracked 
| 557|0x00000000d2d00000, 0x00000000d2d00000, 0x00000000d2e00000|  0%| F|  |TAMS 0x00000000d2d00000, 0x00000000d2d00000| Untracked 
| 558|0x00000000d2e00000, 0x00000000d2e00000, 0x00000000d2f00000|  0%| F|  |TAMS 0x00000000d2e00000, 0x00000000d2e00000| Untracked 
| 559|0x00000000d2f00000, 0x00000000d2f00000, 0x00000000d3000000|  0%| F|  |TAMS 0x00000000d2f00000, 0x00000000d2f00000| Untracked 
| 560|0x00000000d3000000, 0x00000000d3000000, 0x00000000d3100000|  0%| F|  |TAMS 0x00000000d3000000, 0x00000000d3000000| Untracked 
| 561|0x00000000d3100000, 0x00000000d3100000, 0x00000000d3200000|  0%| F|  |TAMS 0x00000000d3100000, 0x00000000d3100000| Untracked 
| 562|0x00000000d3200000, 0x00000000d3200000, 0x00000000d3300000|  0%| F|  |TAMS 0x00000000d3200000, 0x00000000d3200000| Untracked 
| 563|0x00000000d3300000, 0x00000000d3300000, 0x00000000d3400000|  0%| F|  |TAMS 0x00000000d3300000, 0x00000000d3300000| Untracked 
| 564|0x00000000d3400000, 0x00000000d3400000, 0x00000000d3500000|  0%| F|  |TAMS 0x00000000d3400000, 0x00000000d3400000| Untracked 
| 565|0x00000000d3500000, 0x00000000d3500000, 0x00000000d3600000|  0%| F|  |TAMS 0x00000000d3500000, 0x00000000d3500000| Untracked 
| 566|0x00000000d3600000, 0x00000000d3600000, 0x00000000d3700000|  0%| F|  |TAMS 0x00000000d3600000, 0x00000000d3600000| Untracked 
| 567|0x00000000d3700000, 0x00000000d3700000, 0x00000000d3800000|  0%| F|  |TAMS 0x00000000d3700000, 0x00000000d3700000| Untracked 
| 568|0x00000000d3800000, 0x00000000d3800000, 0x00000000d3900000|  0%| F|  |TAMS 0x00000000d3800000, 0x00000000d3800000| Untracked 
| 569|0x00000000d3900000, 0x00000000d3900000, 0x00000000d3a00000|  0%| F|  |TAMS 0x00000000d3900000, 0x00000000d3900000| Untracked 
| 570|0x00000000d3a00000, 0x00000000d3a00000, 0x00000000d3b00000|  0%| F|  |TAMS 0x00000000d3a00000, 0x00000000d3a00000| Untracked 
| 571|0x00000000d3b00000, 0x00000000d3b00000, 0x00000000d3c00000|  0%| F|  |TAMS 0x00000000d3b00000, 0x00000000d3b00000| Untracked 
| 572|0x00000000d3c00000, 0x00000000d3c00000, 0x00000000d3d00000|  0%| F|  |TAMS 0x00000000d3c00000, 0x00000000d3c00000| Untracked 
| 573|0x00000000d3d00000, 0x00000000d3d00000, 0x00000000d3e00000|  0%| F|  |TAMS 0x00000000d3d00000, 0x00000000d3d00000| Untracked 
| 574|0x00000000d3e00000, 0x00000000d3e00000, 0x00000000d3f00000|  0%| F|  |TAMS 0x00000000d3e00000, 0x00000000d3e00000| Untracked 
| 575|0x00000000d3f00000, 0x00000000d3f00000, 0x00000000d4000000|  0%| F|  |TAMS 0x00000000d3f00000, 0x00000000d3f00000| Untracked 
| 576|0x00000000d4000000, 0x00000000d4000000, 0x00000000d4100000|  0%| F|  |TAMS 0x00000000d4000000, 0x00000000d4000000| Untracked 
| 577|0x00000000d4100000, 0x00000000d4100000, 0x00000000d4200000|  0%| F|  |TAMS 0x00000000d4100000, 0x00000000d4100000| Untracked 
| 578|0x00000000d4200000, 0x00000000d4200000, 0x00000000d4300000|  0%| F|  |TAMS 0x00000000d4200000, 0x00000000d4200000| Untracked 
| 579|0x00000000d4300000, 0x00000000d4300000, 0x00000000d4400000|  0%| F|  |TAMS 0x00000000d4300000, 0x00000000d4300000| Untracked 
| 580|0x00000000d4400000, 0x00000000d4400000, 0x00000000d4500000|  0%| F|  |TAMS 0x00000000d4400000, 0x00000000d4400000| Untracked 
| 581|0x00000000d4500000, 0x00000000d4500000, 0x00000000d4600000|  0%| F|  |TAMS 0x00000000d4500000, 0x00000000d4500000| Untracked 
| 582|0x00000000d4600000, 0x00000000d4600000, 0x00000000d4700000|  0%| F|  |TAMS 0x00000000d4600000, 0x00000000d4600000| Untracked 
| 583|0x00000000d4700000, 0x00000000d4700000, 0x00000000d4800000|  0%| F|  |TAMS 0x00000000d4700000, 0x00000000d4700000| Untracked 
|1278|0x00000000ffe00000, 0x00000000ffe75000, 0x00000000fff00000| 45%|OA|  |TAMS 0x00000000ffe75000, 0x00000000ffe00000| Untracked 
|1279|0x00000000fff00000, 0x00000000fff78000, 0x0000000100000000| 46%|CA|  |TAMS 0x00000000fff78000, 0x00000000fff00000| Untracked 

Card table byte_map: [0x00007f1a57081000,0x00007f1a57301000] _byte_map_base: 0x00007f1a56b01000

Marking Bits (Prev, Next): (CMBitMap*) 0x00007f1a5005fc50, (CMBitMap*) 0x00007f1a5005fc10
 Prev Bits: [0x00007f1a54601000, 0x00007f1a55a01000)
 Next Bits: [0x00007f1a55a01000, 0x00007f1a56e01000)

Polling page: 0x00007f1a59344000

Metaspace:

Usage:
  Non-class:     86.41 MB used.
      Class:     14.18 MB used.
       Both:    100.59 MB used.

Virtual space:
  Non-class space:      128.00 MB reserved,      86.81 MB ( 68%) committed,  2 nodes.
      Class space:      624.00 MB reserved,      14.62 MB (  2%) committed,  1 nodes.
             Both:      752.00 MB reserved,     101.44 MB ( 13%) committed. 

Chunk freelists:
   Non-Class:  8.75 MB
       Class:  1.23 MB
        Both:  9.98 MB

MaxMetaspaceSize: 768.00 MB
CompressedClassSpaceSize: 624.00 MB
Initial GC threshold: 21.00 MB
Current GC threshold: 161.25 MB
CDS: on
MetaspaceReclaimPolicy: balanced
 - commit_granule_bytes: 65536.
 - commit_granule_words: 8192.
 - virtual_space_node_default_size: 8388608.
 - enlarge_chunks_in_place: 1.
 - new_chunks_are_fully_committed: 0.
 - uncommit_free_chunks: 1.
 - use_allocation_guard: 0.
 - handle_deallocations: 1.


Internal statistics:

num_allocs_failed_limit: 9.
num_arena_births: 1184.
num_arena_deaths: 0.
num_vsnodes_births: 3.
num_vsnodes_deaths: 0.
num_space_committed: 1623.
num_space_uncommitted: 0.
num_chunks_returned_to_freelist: 9.
num_chunks_taken_from_freelist: 5562.
num_chunk_merges: 9.
num_chunk_splits: 3676.
num_chunks_enlarged: 2493.
num_inconsistent_stats: 0.

CodeHeap 'non-profiled nmethods': size=120036Kb used=5446Kb max_used=5718Kb free=114589Kb
 bounds [0x00007f1a40fd8000, 0x00007f1a41598000, 0x00007f1a48511000]
CodeHeap 'profiled nmethods': size=120032Kb used=21264Kb max_used=21780Kb free=98767Kb
 bounds [0x00007f1a39511000, 0x00007f1a3ab41000, 0x00007f1a40a49000]
CodeHeap 'non-nmethods': size=5692Kb used=1726Kb max_used=1817Kb free=3965Kb
 bounds [0x00007f1a40a49000, 0x00007f1a40cb9000, 0x00007f1a40fd8000]
 total_blobs=12184 nmethods=11374 adapters=721
 compilation: enabled
              stopped_count=0, restarted_count=0
 full_count=0

Compilation events (20 events):
Event: 48.059 Thread 0x00007f1a500c3f40 14648 %     3       com.android.tools.r8.internal.S90::a @ 23 (167 bytes)
Event: 48.059 Thread 0x00007f1a500c3f40 nmethod 14648% 0x00007f1a39c64990 code [0x00007f1a39c64c80, 0x00007f1a39c65e50]
Event: 48.059 Thread 0x00007f1a500c3f40 14649       3       com.android.tools.r8.internal.S90::a (167 bytes)
Event: 48.060 Thread 0x00007f1a500c3f40 nmethod 14649 0x00007f1a3a3f6990 code [0x00007f1a3a3f6c80, 0x00007f1a3a3f7d10]
Event: 48.180 Thread 0x00007f1a500c3f40 14651       2       com.android.tools.r8.graph.K4::a (13 bytes)
Event: 48.181 Thread 0x00007f1a500c3f40 nmethod 14651 0x00007f1a3a053290 code [0x00007f1a3a053460, 0x00007f1a3a0536b0]
Event: 48.181 Thread 0x00007f1a500c3f40 14652       2       com.android.tools.r8.graph.K4$$Lambda$1902/0x00007f19f5e133a0::<init> (15 bytes)
Event: 48.181 Thread 0x00007f1a500c3f40 nmethod 14652 0x00007f1a39f91410 code [0x00007f1a39f915a0, 0x00007f1a39f91750]
Event: 48.185 Thread 0x00007f1a500c2a10 nmethod 14586% 0x00007f1a41583b90 code [0x00007f1a415844a0, 0x00007f1a4158e8d8]
Event: 48.186 Thread 0x00007f1a500c2a10 14522 %     4       com.android.tools.r8.internal.vd::a @ 1826 (4363 bytes)
Event: 48.258 Thread 0x00007f1a500c3f40 14654       2       com.android.tools.r8.graph.I4::g (97 bytes)
Event: 48.258 Thread 0x00007f1a500c3f40 nmethod 14654 0x00007f1a39c4af90 code [0x00007f1a39c4b160, 0x00007f1a39c4b490]
Event: 48.273 Thread 0x00007f1a500c3f40 14655       2       com.android.tools.r8.internal.s50$$Lambda$2068/0x00007f19f5eb8668::accept (20 bytes)
Event: 48.274 Thread 0x00007f1a500c3f40 nmethod 14655 0x00007f1a396a0f10 code [0x00007f1a396a1140, 0x00007f1a396a17c0]
Event: 48.275 Thread 0x00007f1a500c3f40 14656       2       com.android.tools.r8.graph.E2$$Lambda$2071/0x00007f19f5eb8d28::<init> (15 bytes)
Event: 48.275 Thread 0x00007f1a500c3f40 nmethod 14656 0x00007f1a3a080e10 code [0x00007f1a3a080fa0, 0x00007f1a3a081150]
Event: 48.275 Thread 0x00007f1a500c3f40 14657       2       com.android.tools.r8.graph.J4::b (26 bytes)
Event: 48.275 Thread 0x00007f1a500c3f40 nmethod 14657 0x00007f1a39f11d10 code [0x00007f1a39f11f00, 0x00007f1a39f12280]
Event: 48.288 Thread 0x00007f1a500c3f40 14659       3       com.android.tools.r8.graph.K4$$Lambda$1902/0x00007f19f5e133a0::apply (16 bytes)
Event: 48.288 Thread 0x00007f1a500c3f40 nmethod 14659 0x00007f1a39ff4c10 code [0x00007f1a39ff4de0, 0x00007f1a39ff5230]

GC Heap History (20 events):
Event: 39.188 GC heap after
{Heap after GC invocations=55 (full 0):
 garbage-first heap   total 331776K, used 144898K [0x00000000b0000000, 0x0000000100000000)
  region size 1024K, 21 young (21504K), 21 survivors (21504K)
 Metaspace       used 95238K, committed 96000K, reserved 770048K
  class space    used 13444K, committed 13824K, reserved 638976K
}
Event: 39.558 GC heap before
{Heap before GC invocations=55 (full 0):
 garbage-first heap   total 331776K, used 250370K [0x00000000b0000000, 0x0000000100000000)
  region size 1024K, 124 young (126976K), 21 survivors (21504K)
 Metaspace       used 96087K, committed 96960K, reserved 770048K
  class space    used 13557K, committed 14016K, reserved 638976K
}
Event: 39.575 GC heap after
{Heap after GC invocations=56 (full 0):
 garbage-first heap   total 331776K, used 172468K [0x00000000b0000000, 0x0000000100000000)
  region size 1024K, 16 young (16384K), 16 survivors (16384K)
 Metaspace       used 96087K, committed 96960K, reserved 770048K
  class space    used 13557K, committed 14016K, reserved 638976K
}
Event: 39.853 GC heap before
{Heap before GC invocations=56 (full 0):
 garbage-first heap   total 331776K, used 254388K [0x00000000b0000000, 0x0000000100000000)
  region size 1024K, 96 young (98304K), 16 survivors (16384K)
 Metaspace       used 96596K, committed 97472K, reserved 770048K
  class space    used 13630K, committed 14080K, reserved 638976K
}
Event: 39.861 GC heap after
{Heap after GC invocations=57 (full 0):
 garbage-first heap   total 331776K, used 194996K [0x00000000b0000000, 0x0000000100000000)
  region size 1024K, 12 young (12288K), 12 survivors (12288K)
 Metaspace       used 96596K, committed 97472K, reserved 770048K
  class space    used 13630K, committed 14080K, reserved 638976K
}
Event: 40.671 GC heap before
{Heap before GC invocations=57 (full 0):
 garbage-first heap   total 331776K, used 259508K [0x00000000b0000000, 0x0000000100000000)
  region size 1024K, 75 young (76800K), 12 survivors (12288K)
 Metaspace       used 98213K, committed 99072K, reserved 770048K
  class space    used 13834K, committed 14272K, reserved 638976K
}
Event: 40.690 GC heap after
{Heap after GC invocations=58 (full 0):
 garbage-first heap   total 331776K, used 207796K [0x00000000b0000000, 0x0000000100000000)
  region size 1024K, 10 young (10240K), 10 survivors (10240K)
 Metaspace       used 98213K, committed 99072K, reserved 770048K
  class space    used 13834K, committed 14272K, reserved 638976K
}
Event: 41.190 GC heap before
{Heap before GC invocations=58 (full 0):
 garbage-first heap   total 331776K, used 265140K [0x00000000b0000000, 0x0000000100000000)
  region size 1024K, 66 young (67584K), 10 survivors (10240K)
 Metaspace       used 98251K, committed 99072K, reserved 770048K
  class space    used 13837K, committed 14272K, reserved 638976K
}
Event: 41.272 GC heap after
{Heap after GC invocations=59 (full 0):
 garbage-first heap   total 331776K, used 219572K [0x00000000b0000000, 0x0000000100000000)
  region size 1024K, 9 young (9216K), 9 survivors (9216K)
 Metaspace       used 98251K, committed 99072K, reserved 770048K
  class space    used 13837K, committed 14272K, reserved 638976K
}
Event: 41.687 GC heap before
{Heap before GC invocations=59 (full 0):
 garbage-first heap   total 421888K, used 263604K [0x00000000b0000000, 0x0000000100000000)
  region size 1024K, 52 young (53248K), 9 survivors (9216K)
 Metaspace       used 98256K, committed 99072K, reserved 770048K
  class space    used 13837K, committed 14272K, reserved 638976K
}
Event: 41.847 GC heap after
{Heap after GC invocations=60 (full 0):
 garbage-first heap   total 600064K, used 229300K [0x00000000b0000000, 0x0000000100000000)
  region size 1024K, 7 young (7168K), 7 survivors (7168K)
 Metaspace       used 98256K, committed 99072K, reserved 770048K
  class space    used 13837K, committed 14272K, reserved 638976K
}
Event: 43.787 GC heap before
{Heap before GC invocations=61 (full 0):
 garbage-first heap   total 600064K, used 432052K [0x00000000b0000000, 0x0000000100000000)
  region size 1024K, 205 young (209920K), 7 survivors (7168K)
 Metaspace       used 100515K, committed 101312K, reserved 770048K
  class space    used 14191K, committed 14592K, reserved 638976K
}
Event: 43.987 GC heap after
{Heap after GC invocations=62 (full 0):
 garbage-first heap   total 600064K, used 269748K [0x00000000b0000000, 0x0000000100000000)
  region size 1024K, 26 young (26624K), 26 survivors (26624K)
 Metaspace       used 100515K, committed 101312K, reserved 770048K
  class space    used 14191K, committed 14592K, reserved 638976K
}
Event: 44.049 GC heap before
{Heap before GC invocations=62 (full 0):
 garbage-first heap   total 600064K, used 272820K [0x00000000b0000000, 0x0000000100000000)
  region size 1024K, 29 young (29696K), 26 survivors (26624K)
 Metaspace       used 100515K, committed 101312K, reserved 770048K
  class space    used 14191K, committed 14592K, reserved 638976K
}
Event: 44.162 GC heap after
{Heap after GC invocations=63 (full 0):
 garbage-first heap   total 600064K, used 271284K [0x00000000b0000000, 0x0000000100000000)
  region size 1024K, 1 young (1024K), 1 survivors (1024K)
 Metaspace       used 100515K, committed 101312K, reserved 770048K
  class space    used 14191K, committed 14592K, reserved 638976K
}
Event: 45.462 GC heap before
{Heap before GC invocations=63 (full 0):
 garbage-first heap   total 600064K, used 447412K [0x00000000b0000000, 0x0000000100000000)
  region size 1024K, 173 young (177152K), 1 survivors (1024K)
 Metaspace       used 100556K, committed 101376K, reserved 770048K
  class space    used 14200K, committed 14656K, reserved 638976K
}
Event: 45.576 GC heap after
{Heap after GC invocations=64 (full 0):
 garbage-first heap   total 600064K, used 308660K [0x00000000b0000000, 0x0000000100000000)
  region size 1024K, 22 young (22528K), 22 survivors (22528K)
 Metaspace       used 100556K, committed 101376K, reserved 770048K
  class space    used 14200K, committed 14656K, reserved 638976K
}
Event: 46.692 GC heap before
{Heap before GC invocations=64 (full 0):
 garbage-first heap   total 600064K, used 459188K [0x00000000b0000000, 0x0000000100000000)
  region size 1024K, 169 young (173056K), 22 survivors (22528K)
 Metaspace       used 100810K, committed 101632K, reserved 770048K
  class space    used 14213K, committed 14656K, reserved 638976K
}
Event: 46.965 GC heap after
{Heap after GC invocations=65 (full 0):
 garbage-first heap   total 600064K, used 342452K [0x00000000b0000000, 0x0000000100000000)
  region size 1024K, 22 young (22528K), 22 survivors (22528K)
 Metaspace       used 100810K, committed 101632K, reserved 770048K
  class space    used 14213K, committed 14656K, reserved 638976K
}
Event: 48.347 GC heap before
{Heap before GC invocations=65 (full 0):
 garbage-first heap   total 600064K, used 469428K [0x00000000b0000000, 0x0000000100000000)
  region size 1024K, 146 young (149504K), 22 survivors (22528K)
 Metaspace       used 103001K, committed 103872K, reserved 770048K
  class space    used 14517K, committed 14976K, reserved 638976K
}

Dll operation events (14 events):
Event: 0.003 Loaded shared library /usr/lib/jvm/java-17-openjdk-amd64/lib/libjava.so
Event: 0.063 Loaded shared library /usr/lib/jvm/java-17-openjdk-amd64/lib/libjsvml.so
Event: 0.111 Loaded shared library /usr/lib/jvm/java-17-openjdk-amd64/lib/libzip.so
Event: 0.148 Loaded shared library /usr/lib/jvm/java-17-openjdk-amd64/lib/libinstrument.so
Event: 0.150 Loaded shared library /usr/lib/jvm/java-17-openjdk-amd64/lib/libnio.so
Event: 0.152 Loaded shared library /usr/lib/jvm/java-17-openjdk-amd64/lib/libzip.so
Event: 0.362 Loaded shared library /usr/lib/jvm/java-17-openjdk-amd64/lib/libjimage.so
Event: 0.491 Loaded shared library /usr/lib/jvm/java-17-openjdk-amd64/lib/libverify.so
Event: 0.852 Loaded shared library /usr/lib/jvm/java-17-openjdk-amd64/lib/libnet.so
Event: 0.854 Loaded shared library /root/.gradle/native/c067742578af261105cb4f569cf0c3c89f3d7b1fecec35dd04571415982c5e48/linux-amd64/libnative-platform.so
Event: 0.863 Loaded shared library /root/.gradle/native/100fb08df4bc3b14c8652ba06237920a3bd2aa13389f12d3474272988ae205f9/linux-amd64/libnative-platform-file-events.so
Event: 2.392 Loaded shared library /usr/lib/jvm/java-17-openjdk-amd64/lib/libmanagement.so
Event: 2.393 Loaded shared library /usr/lib/jvm/java-17-openjdk-amd64/lib/libmanagement_ext.so
Event: 2.588 Loaded shared library /usr/lib/jvm/java-17-openjdk-amd64/lib/libextnet.so

Deoptimization events (20 events):
Event: 47.663 Thread 0x00007f1a2c006690 DEOPT PACKING pc=0x00007f1a3aa9afcb sp=0x00007f1a283de120
Event: 47.663 Thread 0x00007f1a2c006690 DEOPT UNPACKING pc=0x00007f1a40aa364f sp=0x00007f1a283dd8c8 mode 0
Event: 47.852 Thread 0x00007f1a2c006690 DEOPT PACKING pc=0x00007f1a39f3172c sp=0x00007f1a283df340
Event: 47.852 Thread 0x00007f1a2c006690 DEOPT UNPACKING pc=0x00007f1a40aa364f sp=0x00007f1a283de7e8 mode 0
Event: 47.994 Thread 0x00007f1a25302890 DEOPT PACKING pc=0x00007f1a3a0f826b sp=0x00007f1a288e6710
Event: 47.994 Thread 0x00007f1a25302890 DEOPT UNPACKING pc=0x00007f1a40aa364f sp=0x00007f1a288e5bf8 mode 0
Event: 48.060 Thread 0x00007f1a25302890 DEOPT PACKING pc=0x00007f1a3963f254 sp=0x00007f1a288e67d0
Event: 48.060 Thread 0x00007f1a25302890 DEOPT UNPACKING pc=0x00007f1a40aa364f sp=0x00007f1a288e5cc0 mode 0
Event: 48.080 Thread 0x00007f1a2c006690 DEOPT PACKING pc=0x00007f1a3aa9afcb sp=0x00007f1a283de090
Event: 48.080 Thread 0x00007f1a2c006690 DEOPT UNPACKING pc=0x00007f1a40aa364f sp=0x00007f1a283dd838 mode 0
Event: 48.195 Thread 0x00007f1a2c006690 DEOPT PACKING pc=0x00007f1a3aa99dc5 sp=0x00007f1a283de090
Event: 48.195 Thread 0x00007f1a2c006690 DEOPT UNPACKING pc=0x00007f1a40aa364f sp=0x00007f1a283dd838 mode 0
Event: 48.248 Thread 0x00007f1a25302890 DEOPT PACKING pc=0x00007f1a3aa99da4 sp=0x00007f1a288e5af0
Event: 48.248 Thread 0x00007f1a25302890 DEOPT UNPACKING pc=0x00007f1a40aa364f sp=0x00007f1a288e5298 mode 0
Event: 48.248 Thread 0x00007f1a2c006690 DEOPT PACKING pc=0x00007f1a3aa99dc5 sp=0x00007f1a283de090
Event: 48.255 Thread 0x00007f1a2c006690 DEOPT UNPACKING pc=0x00007f1a40aa364f sp=0x00007f1a283dd838 mode 0
Event: 48.270 Thread 0x00007f1a2c006690 DEOPT PACKING pc=0x00007f1a3aa99da4 sp=0x00007f1a283de090
Event: 48.270 Thread 0x00007f1a2c006690 DEOPT UNPACKING pc=0x00007f1a40aa364f sp=0x00007f1a283dd838 mode 0
Event: 48.279 Thread 0x00007f1a25302890 DEOPT PACKING pc=0x00007f1a3aa99dc5 sp=0x00007f1a288e5c40
Event: 48.279 Thread 0x00007f1a25302890 DEOPT UNPACKING pc=0x00007f1a40aa364f sp=0x00007f1a288e53e8 mode 0

Classes loaded (20 events):
Event: 35.385 Loading class java/util/concurrent/ConcurrentSkipListMap$KeyIterator
Event: 35.385 Loading class java/util/concurrent/ConcurrentSkipListMap$KeyIterator done
Event: 36.052 Loading class java/nio/file/FileTreeWalker$1
Event: 36.052 Loading class java/nio/file/FileTreeWalker$1 done
Event: 38.088 Loading class sun/nio/fs/Globs
Event: 38.089 Loading class sun/nio/fs/Globs done
Event: 38.089 Loading class sun/nio/fs/UnixFileSystem$3
Event: 38.089 Loading class sun/nio/fs/UnixFileSystem$3 done
Event: 38.393 Loading class java/util/zip/ZipInputStream
Event: 38.393 Loading class java/util/zip/ZipInputStream done
Event: 39.069 Loading class java/io/UTFDataFormatException
Event: 39.070 Loading class java/io/UTFDataFormatException done
Event: 39.412 Loading class java/util/stream/IntPipeline$1
Event: 39.413 Loading class java/util/stream/IntPipeline$1 done
Event: 39.413 Loading class java/util/stream/IntPipeline$1$1
Event: 39.413 Loading class java/util/stream/IntPipeline$1$1 done
Event: 39.465 Loading class java/util/concurrent/RejectedExecutionException
Event: 39.465 Loading class java/util/concurrent/RejectedExecutionException done
Event: 41.964 Loading class java/util/concurrent/ConcurrentLinkedQueue$Itr
Event: 41.964 Loading class java/util/concurrent/ConcurrentLinkedQueue$Itr done

Classes unloaded (0 events):
No events

Classes redefined (0 events):
No events

Internal exceptions (20 events):
Event: 35.388 Thread 0x00007f1a2c006690 Exception <a 'java/lang/NoSuchMethodError'{0x00000000c0e818a0}: static Lcom/android/build/api/artifact/Artifact$Single;.<clinit>()V> (0x00000000c0e818a0) 
thrown [./src/hotspot/share/prims/jni.cpp, line 1112]
Event: 35.388 Thread 0x00007f1a2c006690 Exception <a 'java/lang/NoSuchMethodError'{0x00000000c0e83ee0}: static Ljava/lang/Object;.<clinit>()V> (0x00000000c0e83ee0) 
thrown [./src/hotspot/share/prims/jni.cpp, line 1112]
Event: 35.389 Thread 0x00007f1a2c006690 Exception <a 'java/lang/NoSuchMethodError'{0x00000000c0e9cb00}: static Lcom/android/build/api/artifact/ArtifactKind;.<clinit>()V> (0x00000000c0e9cb00) 
thrown [./src/hotspot/share/prims/jni.cpp, line 1112]
Event: 35.389 Thread 0x00007f1a2c006690 Exception <a 'java/lang/NoSuchMethodError'{0x00000000c0e9dd60}: static Lcom/android/build/api/artifact/ArtifactKind;.<clinit>()V> (0x00000000c0e9dd60) 
thrown [./src/hotspot/share/prims/jni.cpp, line 1112]
Event: 36.070 Thread 0x00007f1a264c84c0 Exception <a 'java/lang/NoSuchMethodError'{0x00000000bf6c80a0}: 'int java.lang.invoke.DirectMethodHandle$Holder.invokeSpecial(java.lang.Object, java.lang.Object, java.lang.Object, java.lang.Object, java.lang.Object)'> (0x00000000bf6c80a0) 
thrown [./src/hotspot/share/interpreter/linkResolver.cpp, line 758]
Event: 36.577 Thread 0x00007f1a264c84c0 Exception <a 'java/lang/NoSuchMethodError'{0x00000000be8cafd0}: static Ljava/lang/Object;.<clinit>()V> (0x00000000be8cafd0) 
thrown [./src/hotspot/share/prims/jni.cpp, line 1112]
Event: 36.586 Thread 0x00007f1a264c84c0 Implicit null exception at 0x00007f1a414b49e0 to 0x00007f1a414b4a74
Event: 37.097 Thread 0x00007f1a2c006690 Exception <a 'java/lang/NoSuchMethodError'{0x00000000bd5f9380}: static Ljava/lang/Object;.<clinit>()V> (0x00000000bd5f9380) 
thrown [./src/hotspot/share/prims/jni.cpp, line 1112]
Event: 37.187 Thread 0x00007f1a264c84c0 Exception <a 'sun/nio/fs/UnixException'{0x00000000bd296d68}> (0x00000000bd296d68) 
thrown [./src/hotspot/share/prims/jni.cpp, line 516]
Event: 37.951 Thread 0x00007f1a2c006690 Exception <a 'sun/nio/fs/UnixException'{0x00000000bcbffd38}> (0x00000000bcbffd38) 
thrown [./src/hotspot/share/prims/jni.cpp, line 516]
Event: 39.894 Thread 0x00007f1a25302890 Exception <a 'java/lang/NoSuchMethodError'{0x00000000c30011c0}: 'java.lang.Object java.lang.invoke.DirectMethodHandle$Holder.invokeStaticInit(java.lang.Object, java.lang.Object, java.lang.Object, java.lang.Object, java.lang.Object, java.lang.Object, java.lang.Object, java.lang.Object, java.lang.Object, java.lang.Object, java.lang.Object, java.lang.Object, java.lang.Object, java.lang.Object, java.lang.Object, java.lang.Object, java.lang.Object, java.lang.Object, java.lang.Object, java.lang.Object, int, java
Event: 39.992 Thread 0x00007f1a25302890 Exception <a 'java/lang/IncompatibleClassChangeError'{0x00000000c2c14be8}: Found class java.lang.Object, but interface was expected> (0x00000000c2c14be8) 
thrown [./src/hotspot/share/interpreter/linkResolver.cpp, line 826]
Event: 39.992 Thread 0x00007f1a2c006690 Exception <a 'java/lang/IncompatibleClassChangeError'{0x00000000c2eee708}: Found class java.lang.Object, but interface was expected> (0x00000000c2eee708) 
thrown [./src/hotspot/share/interpreter/linkResolver.cpp, line 826]
Event: 42.589 Thread 0x00007f1a25302890 Exception <a 'java/lang/IncompatibleClassChangeError'{0x00000000cff2c970}: Found class java.lang.Object, but interface was expected> (0x00000000cff2c970) 
thrown [./src/hotspot/share/interpreter/linkResolver.cpp, line 826]
Event: 42.591 Thread 0x00007f1a25302890 Exception <a 'java/lang/NoSuchMethodError'{0x00000000cff378b8}: 'void java.lang.invoke.DirectMethodHandle$Holder.invokeInterface(java.lang.Object, java.lang.Object, java.lang.Object, int)'> (0x00000000cff378b8) 
thrown [./src/hotspot/share/interpreter/linkResolver.cpp, line 758]
Event: 42.664 Thread 0x00007f1a25302890 Implicit null exception at 0x00007f1a4155eea3 to 0x00007f1a41565368
Event: 42.664 Thread 0x00007f1a25302890 Implicit null exception at 0x00007f1a414221f4 to 0x00007f1a41422524
Event: 42.668 Thread 0x00007f1a25302890 Implicit null exception at 0x00007f1a414221f4 to 0x00007f1a41422524
Event: 47.575 Thread 0x00007f1a25302890 Exception <a 'java/lang/NoSuchMethodError'{0x00000000d1029070}: 'java.lang.Object java.lang.invoke.DirectMethodHandle$Holder.invokeStatic(java.lang.Object, int, java.lang.Object, java.lang.Object)'> (0x00000000d1029070) 
thrown [./src/hotspot/share/interpreter/linkResolver.cpp, line 758]
Event: 47.577 Thread 0x00007f1a25302890 Exception <a 'java/lang/NoSuchMethodError'{0x00000000d103d4f8}: 'java.lang.Object java.lang.invoke.DirectMethodHandle$Holder.invokeStatic(java.lang.Object, java.lang.Object, int, java.lang.Object, java.lang.Object)'> (0x00000000d103d4f8) 
thrown [./src/hotspot/share/interpreter/linkResolver.cpp, line 758]

VM Operations (20 events):
Event: 44.162 Executing VM operation: G1CollectForAllocation done
Event: 44.661 Executing VM operation: HandshakeAllThreads
Event: 44.661 Executing VM operation: HandshakeAllThreads done
Event: 44.856 Executing VM operation: HandshakeAllThreads
Event: 44.857 Executing VM operation: HandshakeAllThreads done
Event: 45.462 Executing VM operation: G1CollectForAllocation
Event: 45.576 Executing VM operation: G1CollectForAllocation done
Event: 46.577 Executing VM operation: Cleanup
Event: 46.577 Executing VM operation: Cleanup done
Event: 46.692 Executing VM operation: G1CollectForAllocation
Event: 46.965 Executing VM operation: G1CollectForAllocation done
Event: 47.159 Executing VM operation: HandshakeAllThreads
Event: 47.159 Executing VM operation: HandshakeAllThreads done
Event: 47.164 Executing VM operation: HandshakeAllThreads
Event: 47.165 Executing VM operation: HandshakeAllThreads done
Event: 47.781 Executing VM operation: HandshakeAllThreads
Event: 47.782 Executing VM operation: HandshakeAllThreads done
Event: 47.851 Executing VM operation: HandshakeAllThreads
Event: 47.851 Executing VM operation: HandshakeAllThreads done
Event: 48.307 Executing VM operation: G1CollectForAllocation

Memory protections (20 events):
Event: 32.482 Protecting memory [0x00007f1a283e9000,0x00007f1a283ed000] with protection modes 0
Event: 32.553 Protecting memory [0x00007f1a282e8000,0x00007f1a282ec000] with protection modes 0
Event: 32.564 Protecting memory [0x00007f1a281e7000,0x00007f1a281eb000] with protection modes 0
Event: 33.684 Protecting memory [0x00007f1a280e6000,0x00007f1a280ea000] with protection modes 0
Event: 34.600 Protecting memory [0x00007f19cbf00000,0x00007f19cbf04000] with protection modes 0
Event: 34.985 Protecting memory [0x00007f19cbdff000,0x00007f19cbe03000] with protection modes 0
Event: 35.073 Protecting memory [0x00007f19cbcfe000,0x00007f19cbd02000] with protection modes 0
Event: 35.247 Protecting memory [0x00007f19cbbfd000,0x00007f19cbc01000] with protection modes 0
Event: 35.452 Protecting memory [0x00007f19cbafc000,0x00007f19cbb00000] with protection modes 0
Event: 35.465 Protecting memory [0x00007f19cb9fb000,0x00007f19cb9ff000] with protection modes 0
Event: 35.588 Protecting memory [0x00007f19cb8fa000,0x00007f19cb8fe000] with protection modes 0
Event: 36.151 Protecting memory [0x00007f19cb7f9000,0x00007f19cb7fd000] with protection modes 0
Event: 36.450 Protecting memory [0x00007f19cb6f8000,0x00007f19cb6fc000] with protection modes 0
Event: 36.559 Protecting memory [0x00007f19cb5f7000,0x00007f19cb5fb000] with protection modes 0
Event: 36.588 Protecting memory [0x00007f19cb4f6000,0x00007f19cb4fa000] with protection modes 0
Event: 36.798 Protecting memory [0x00007f19cb3f5000,0x00007f19cb3f9000] with protection modes 0
Event: 36.990 Protecting memory [0x00007f19cb2f4000,0x00007f19cb2f8000] with protection modes 0
Event: 37.163 Protecting memory [0x00007f19cb1f3000,0x00007f19cb1f7000] with protection modes 0
Event: 37.255 Protecting memory [0x00007f19cb0f2000,0x00007f19cb0f6000] with protection modes 0
Event: 37.451 Protecting memory [0x00007f19caff1000,0x00007f19caff5000] with protection modes 0

Nmethod flushes (20 events):
Event: 42.375 Thread 0x00007f1a500c53b0 flushing  nmethod 0x00007f1a3a95e890
Event: 42.375 Thread 0x00007f1a500c53b0 flushing  nmethod 0x00007f1a3a95ef10
Event: 42.375 Thread 0x00007f1a500c53b0 flushing  nmethod 0x00007f1a3a961010
Event: 42.375 Thread 0x00007f1a500c53b0 flushing  nmethod 0x00007f1a3a962210
Event: 42.375 Thread 0x00007f1a500c53b0 flushing  nmethod 0x00007f1a3a962690
Event: 42.375 Thread 0x00007f1a500c53b0 flushing  nmethod 0x00007f1a3a992210
Event: 42.375 Thread 0x00007f1a500c53b0 flushing  nmethod 0x00007f1a3a993090
Event: 42.375 Thread 0x00007f1a500c53b0 flushing  nmethod 0x00007f1a3a993890
Event: 42.375 Thread 0x00007f1a500c53b0 flushing  nmethod 0x00007f1a3a993d90
Event: 42.375 Thread 0x00007f1a500c53b0 flushing  nmethod 0x00007f1a3a994690
Event: 42.375 Thread 0x00007f1a500c53b0 flushing  nmethod 0x00007f1a3a994b10
Event: 42.375 Thread 0x00007f1a500c53b0 flushing  nmethod 0x00007f1a3a994f10
Event: 42.375 Thread 0x00007f1a500c53b0 flushing  nmethod 0x00007f1a3a995710
Event: 42.375 Thread 0x00007f1a500c53b0 flushing  nmethod 0x00007f1a3a996d90
Event: 42.375 Thread 0x00007f1a500c53b0 flushing  nmethod 0x00007f1a3a99a310
Event: 42.375 Thread 0x00007f1a500c53b0 flushing  nmethod 0x00007f1a3a9c2c10
Event: 42.375 Thread 0x00007f1a500c53b0 flushing  nmethod 0x00007f1a3a9c3d90
Event: 42.375 Thread 0x00007f1a500c53b0 flushing  nmethod 0x00007f1a3a9c4210
Event: 42.375 Thread 0x00007f1a500c53b0 flushing  nmethod 0x00007f1a3aa1e790
Event: 42.375 Thread 0x00007f1a500c53b0 flushing  nmethod 0x00007f1a3aa4a510

Events (20 events):
Event: 32.482 Thread 0x00007f19e800d070 Thread added: 0x00007f1a264c84c0
Event: 32.490 Thread 0x00007f1a264c84c0 Thread added: 0x00007f1a2c006690
Event: 32.564 Thread 0x00007f1a2c006690 Thread added: 0x00007f1a340474d0
Event: 33.684 Thread 0x00007f1a264c84c0 Thread added: 0x00007f1a2c060870
Event: 34.600 Thread 0x00007f1a264c84c0 Thread added: 0x00007f1a2c066250
Event: 34.984 Thread 0x00007f1a264c84c0 Thread added: 0x00007f1a2c027a10
Event: 35.069 Thread 0x00007f1a264c84c0 Thread added: 0x00007f1a2c03a3e0
Event: 35.195 Thread 0x00007f1a264c84c0 Thread added: 0x00007f1a2c06d560
Event: 35.452 Thread 0x00007f1a2c006690 Thread added: 0x00007f1a3407e240
Event: 35.462 Thread 0x00007f1a2c006690 Thread added: 0x00007f1a34085e50
Event: 35.582 Thread 0x00007f1a2c006690 Thread added: 0x00007f1a34086d70
Event: 36.107 Thread 0x00007f1a264c84c0 Thread added: 0x00007f1a2c075c00
Event: 36.450 Thread 0x00007f1a264c84c0 Thread added: 0x00007f1a2c077da0
Event: 36.558 Thread 0x00007f1a264c84c0 Thread added: 0x00007f1a2c07d6d0
Event: 36.584 Thread 0x00007f1a264c84c0 Thread added: 0x00007f1a2c080820
Event: 36.789 Thread 0x00007f1a264c84c0 Thread added: 0x00007f1a2c0812c0
Event: 36.979 Thread 0x00007f1a2c006690 Thread added: 0x00007f1a34093560
Event: 37.163 Thread 0x00007f1a2c006690 Thread added: 0x00007f1a3407d960
Event: 37.249 Thread 0x00007f1a264c84c0 Thread added: 0x00007f1a2c083890
Event: 37.402 Thread 0x00007f1a264c84c0 Thread added: 0x00007f1a2c084840


Dynamic libraries:
b0000000-d4800000 rw-p 00000000 00:00 0 
e1200000-ffe00000 ---p 00000000 00:00 0 
ffe00000-ffe75000 rw-p 00c7a000 00:25 13853                              /usr/lib/jvm/java-17-openjdk-amd64/lib/server/classes.jsa
ffe75000-fff00000 rw-p 00000000 00:00 0 
fff00000-fff78000 rw-p 00c02000 00:25 13853                              /usr/lib/jvm/java-17-openjdk-amd64/lib/server/classes.jsa
fff78000-100000000 rw-p 00000000 00:00 0 
5609ad105000-5609ad106000 r--p 00000000 00:25 13495                      /usr/lib/jvm/java-17-openjdk-amd64/bin/java
5609ad106000-5609ad107000 r-xp 00001000 00:25 13495                      /usr/lib/jvm/java-17-openjdk-amd64/bin/java
5609ad107000-5609ad108000 r--p 00002000 00:25 13495                      /usr/lib/jvm/java-17-openjdk-amd64/bin/java
5609ad108000-5609ad109000 r--p 00002000 00:25 13495                      /usr/lib/jvm/java-17-openjdk-amd64/bin/java
5609ad109000-5609ad10a000 rw-p 00003000 00:25 13495                      /usr/lib/jvm/java-17-openjdk-amd64/bin/java
5609aedcc000-5609aee5e000 rw-p 00000000 00:00 0                          [heap]
7f19caff0000-7f19caff1000 ---p 00000000 00:00 0 
7f19caff1000-7f19caff5000 ---p 00000000 00:00 0 
7f19caff5000-7f19cb0f1000 rw-p 00000000 00:00 0 
7f19cb0f1000-7f19cb0f2000 ---p 00000000 00:00 0 
7f19cb0f2000-7f19cb0f6000 ---p 00000000 00:00 0 
7f19cb0f6000-7f19cb1f2000 rw-p 00000000 00:00 0 
7f19cb1f2000-7f19cb1f3000 ---p 00000000 00:00 0 
7f19cb1f3000-7f19cb1f7000 ---p 00000000 00:00 0 
7f19cb1f7000-7f19cb2f3000 rw-p 00000000 00:00 0 
7f19cb2f3000-7f19cb2f4000 ---p 00000000 00:00 0 
7f19cb2f4000-7f19cb2f8000 ---p 00000000 00:00 0 
7f19cb2f8000-7f19cb3f4000 rw-p 00000000 00:00 0 
7f19cb3f4000-7f19cb3f5000 ---p 00000000 00:00 0 
7f19cb3f5000-7f19cb3f9000 ---p 00000000 00:00 0 
7f19cb3f9000-7f19cb4f5000 rw-p 00000000 00:00 0 
7f19cb4f5000-7f19cb4f6000 ---p 00000000 00:00 0 
7f19cb4f6000-7f19cb4fa000 ---p 00000000 00:00 0 
7f19cb4fa000-7f19cb5f6000 rw-p 00000000 00:00 0 
7f19cb5f6000-7f19cb5f7000 ---p 00000000 00:00 0 
7f19cb5f7000-7f19cb5fb000 ---p 00000000 00:00 0 
7f19cb5fb000-7f19cb6f7000 rw-p 00000000 00:00 0 
7f19cb6f7000-7f19cb6f8000 ---p 00000000 00:00 0 
7f19cb6f8000-7f19cb6fc000 ---p 00000000 00:00 0 
7f19cb6fc000-7f19cb7f8000 rw-p 00000000 00:00 0 
7f19cb7f8000-7f19cb7f9000 ---p 00000000 00:00 0 
7f19cb7f9000-7f19cb7fd000 ---p 00000000 00:00 0 
7f19cb7fd000-7f19cb8f9000 rw-p 00000000 00:00 0 
7f19cb8f9000-7f19cb8fa000 ---p 00000000 00:00 0 
7f19cb8fa000-7f19cb8fe000 ---p 00000000 00:00 0 
7f19cb8fe000-7f19cb9fa000 rw-p 00000000 00:00 0 
7f19cb9fa000-7f19cb9fb000 ---p 00000000 00:00 0 
7f19cb9fb000-7f19cb9ff000 ---p 00000000 00:00 0 
7f19cb9ff000-7f19cbafb000 rw-p 00000000 00:00 0 
7f19cbafb000-7f19cbafc000 ---p 00000000 00:00 0 
7f19cbafc000-7f19cbb00000 ---p 00000000 00:00 0 
7f19cbb00000-7f19cbbfc000 rw-p 00000000 00:00 0 
7f19cbbfc000-7f19cbbfd000 ---p 00000000 00:00 0 
7f19cbbfd000-7f19cbc01000 ---p 00000000 00:00 0 
7f19cbc01000-7f19cbcfd000 rw-p 00000000 00:00 0 
7f19cbcfd000-7f19cbcfe000 ---p 00000000 00:00 0 
7f19cbcfe000-7f19cbd02000 ---p 00000000 00:00 0 
7f19cbd02000-7f19cbdfe000 rw-p 00000000 00:00 0 
7f19cbdfe000-7f19cbdff000 ---p 00000000 00:00 0 
7f19cbdff000-7f19cbe03000 ---p 00000000 00:00 0 
7f19cbe03000-7f19cbeff000 rw-p 00000000 00:00 0 
7f19cbeff000-7f19cbf00000 ---p 00000000 00:00 0 
7f19cbf00000-7f19cbf04000 ---p 00000000 00:00 0 
7f19cbf04000-7f19ccb00000 rw-p 00000000 00:00 0 
7f19ccb00000-7f19ccb90000 rw-p 00000000 00:00 0 
7f19ccb90000-7f19ccc00000 ---p 00000000 00:00 0 
7f19ccc00000-7f19cd740000 rw-p 00000000 00:00 0 
7f19cd740000-7f19d0000000 ---p 00000000 00:00 0 
7f19d0000000-7f19d0f11000 rw-p 00000000 00:00 0 
7f19d0f11000-7f19d4000000 ---p 00000000 00:00 0 
7f19d4000000-7f19d4024000 rw-p 00000000 00:00 0 
7f19d4024000-7f19d8000000 ---p 00000000 00:00 0 
7f19d8000000-7f19d8021000 rw-p 00000000 00:00 0 
7f19d8021000-7f19dc000000 ---p 00000000 00:00 0 
7f19dc000000-7f19de4ab000 rw-p 00000000 00:00 0 
7f19de4ab000-7f19e0000000 ---p 00000000 00:00 0 
7f19e0000000-7f19e0055000 rw-p 00000000 00:00 0 
7f19e0055000-7f19e4000000 ---p 00000000 00:00 0 
7f19e4000000-7f19e4021000 rw-p 00000000 00:00 0 
7f19e4021000-7f19e8000000 ---p 00000000 00:00 0 
7f19e8000000-7f19e8032000 rw-p 00000000 00:00 0 
7f19e8032000-7f19ec000000 ---p 00000000 00:00 0 
7f19ec000000-7f19ec021000 rw-p 00000000 00:00 0 
7f19ec021000-7f19f0000000 ---p 00000000 00:00 0 
7f19f0000000-7f19f08d9000 rw-p 00000000 00:00 0 
7f19f08d9000-7f19f4000000 ---p 00000000 00:00 0 
7f19f4000000-7f19f4455000 rw-p 00001000 00:25 13853                      /usr/lib/jvm/java-17-openjdk-amd64/lib/server/classes.jsa
7f19f4455000-7f19f4bca000 rw-p 00456000 00:25 13853                      /usr/lib/jvm/java-17-openjdk-amd64/lib/server/classes.jsa
7f19f4bca000-7f19f5000000 ---p 00000000 00:00 0 
7f19f5000000-7f19f5040000 rw-p 00000000 00:00 0 
7f19f5040000-7f19f5080000 rw-p 00000000 00:00 0 
7f19f5080000-7f19f5140000 rw-p 00000000 00:00 0 
7f19f5140000-7f19f5180000 rw-p 00000000 00:00 0 
7f19f5180000-7f19f5440000 rw-p 00000000 00:00 0 
7f19f5440000-7f19f5640000 rw-p 00000000 00:00 0 
7f19f5640000-7f19f5680000 rw-p 00000000 00:00 0 
7f19f5680000-7f19f5940000 rw-p 00000000 00:00 0 
7f19f5940000-7f19f5980000 rw-p 00000000 00:00 0 
7f19f5980000-7f19f5dc0000 rw-p 00000000 00:00 0 
7f19f5dc0000-7f19f5dd0000 rw-p 00000000 00:00 0 
7f19f5dd0000-7f19f5e00000 ---p 00000000 00:00 0 
7f19f5e00000-7f19f5ed0000 rw-p 00000000 00:00 0 
7f19f5ed0000-7f1a1c000000 ---p 00000000 00:00 0 
7f1a1c000000-7f1a1c026000 rw-p 00000000 00:00 0 
7f1a1c026000-7f1a20000000 ---p 00000000 00:00 0 
7f1a20000000-7f1a20400000 rw-p 00000000 00:00 0 
7f1a20400000-7f1a20900000 rw-p 00000000 00:00 0 
7f1a20900000-7f1a20a00000 rw-p 00000000 00:00 0 
7f1a20a00000-7f1a21380000 rw-p 00000000 00:00 0 
7f1a21380000-7f1a21400000 rw-p 00000000 00:00 0 
7f1a21400000-7f1a217a0000 rw-p 00000000 00:00 0 
7f1a217a0000-7f1a217c0000 rw-p 00000000 00:00 0 
7f1a217c0000-7f1a21900000 rw-p 00000000 00:00 0 
7f1a21900000-7f1a21b00000 rw-p 00000000 00:00 0 
7f1a21b00000-7f1a21c00000 rw-p 00000000 00:00 0 
7f1a21c00000-7f1a229c0000 rw-p 00000000 00:00 0 
7f1a229c0000-7f1a22a00000 rw-p 00000000 00:00 0 
7f1a22a00000-7f1a22b80000 rw-p 00000000 00:00 0 
7f1a22b80000-7f1a22c00000 rw-p 00000000 00:00 0 
7f1a22c00000-7f1a23300000 rw-p 00000000 00:00 0 
7f1a23300000-7f1a23780000 rw-p 00000000 00:00 0 
7f1a23780000-7f1a23900000 rw-p 00000000 00:00 0 
7f1a23900000-7f1a24000000 rw-p 00000000 00:00 0 
7f1a24000000-7f1a264cf000 rw-p 00000000 00:00 0 
7f1a264cf000-7f1a28000000 ---p 00000000 00:00 0 
7f1a280e5000-7f1a280e6000 ---p 00000000 00:00 0 
7f1a280e6000-7f1a280ea000 ---p 00000000 00:00 0 
7f1a280ea000-7f1a281e6000 rw-p 00000000 00:00 0 
7f1a281e6000-7f1a281e7000 ---p 00000000 00:00 0 
7f1a281e7000-7f1a281eb000 ---p 00000000 00:00 0 
7f1a281eb000-7f1a282e7000 rw-p 00000000 00:00 0 
7f1a282e7000-7f1a282e8000 ---p 00000000 00:00 0 
7f1a282e8000-7f1a282ec000 ---p 00000000 00:00 0 
7f1a282ec000-7f1a283e8000 rw-p 00000000 00:00 0 
7f1a283e8000-7f1a283e9000 ---p 00000000 00:00 0 
7f1a283e9000-7f1a283ed000 ---p 00000000 00:00 0 
7f1a283ed000-7f1a284e9000 rw-p 00000000 00:00 0 
7f1a284e9000-7f1a284ea000 ---p 00000000 00:00 0 
7f1a284ea000-7f1a284ee000 ---p 00000000 00:00 0 
7f1a284ee000-7f1a285ea000 rw-p 00000000 00:00 0 
7f1a285ea000-7f1a285eb000 ---p 00000000 00:00 0 
7f1a285eb000-7f1a285ef000 ---p 00000000 00:00 0 
7f1a285ef000-7f1a286eb000 rw-p 00000000 00:00 0 
7f1a286eb000-7f1a286ec000 ---p 00000000 00:00 0 
7f1a286ec000-7f1a286f0000 ---p 00000000 00:00 0 
7f1a286f0000-7f1a287ec000 rw-p 00000000 00:00 0 
7f1a287ec000-7f1a287ed000 ---p 00000000 00:00 0 
7f1a287ed000-7f1a287f1000 ---p 00000000 00:00 0 
7f1a287f1000-7f1a288ed000 rw-p 00000000 00:00 0 
7f1a288ed000-7f1a288ee000 ---p 00000000 00:00 0 
7f1a288ee000-7f1a288f2000 ---p 00000000 00:00 0 
7f1a288f2000-7f1a289ee000 rw-p 00000000 00:00 0 
7f1a289ee000-7f1a289ef000 ---p 00000000 00:00 0 
7f1a289ef000-7f1a289f3000 ---p 00000000 00:00 0 
7f1a289f3000-7f1a28aef000 rw-p 00000000 00:00 0 
7f1a28aef000-7f1a28af0000 ---p 00000000 00:00 0 
7f1a28af0000-7f1a28af4000 ---p 00000000 00:00 0 
7f1a28af4000-7f1a28bf0000 rw-p 00000000 00:00 0 
7f1a28bf0000-7f1a28bf1000 ---p 00000000 00:00 0 
7f1a28bf1000-7f1a28bf5000 ---p 00000000 00:00 0 
7f1a28bf5000-7f1a28cf1000 rw-p 00000000 00:00 0 
7f1a28cf1000-7f1a28cf2000 ---p 00000000 00:00 0 
7f1a28cf2000-7f1a28cf6000 ---p 00000000 00:00 0 
7f1a28cf6000-7f1a28df2000 rw-p 00000000 00:00 0 
7f1a28df2000-7f1a28df3000 ---p 00000000 00:00 0 
7f1a28df3000-7f1a28df7000 ---p 00000000 00:00 0 
7f1a28df7000-7f1a28ef3000 rw-p 00000000 00:00 0 
7f1a28ef3000-7f1a28ef4000 ---p 00000000 00:00 0 
7f1a28ef4000-7f1a28ef8000 ---p 00000000 00:00 0 
7f1a28ef8000-7f1a28ff4000 rw-p 00000000 00:00 0 
7f1a28ff4000-7f1a28ff5000 ---p 00000000 00:00 0 
7f1a28ff5000-7f1a28ff9000 ---p 00000000 00:00 0 
7f1a28ff9000-7f1a290f5000 rw-p 00000000 00:00 0 
7f1a290f5000-7f1a290f6000 ---p 00000000 00:00 0 
7f1a290f6000-7f1a290fa000 ---p 00000000 00:00 0 
7f1a290fa000-7f1a291f6000 rw-p 00000000 00:00 0 
7f1a291f6000-7f1a291f7000 ---p 00000000 00:00 0 
7f1a291f7000-7f1a291fb000 ---p 00000000 00:00 0 
7f1a291fb000-7f1a292f7000 rw-p 00000000 00:00 0 
7f1a292f7000-7f1a292f8000 ---p 00000000 00:00 0 
7f1a292f8000-7f1a292fc000 ---p 00000000 00:00 0 
7f1a292fc000-7f1a293f8000 rw-p 00000000 00:00 0 
7f1a293f8000-7f1a293f9000 ---p 00000000 00:00 0 
7f1a293f9000-7f1a293fd000 ---p 00000000 00:00 0 
7f1a293fd000-7f1a294f9000 rw-p 00000000 00:00 0 
7f1a294f9000-7f1a294fa000 ---p 00000000 00:00 0 
7f1a294fa000-7f1a294fe000 ---p 00000000 00:00 0 
7f1a294fe000-7f1a295fa000 rw-p 00000000 00:00 0 
7f1a295fa000-7f1a295fb000 ---p 00000000 00:00 0 
7f1a295fb000-7f1a295ff000 ---p 00000000 00:00 0 
7f1a295ff000-7f1a296fb000 rw-p 00000000 00:00 0 
7f1a296fb000-7f1a296fc000 ---p 00000000 00:00 0 
7f1a296fc000-7f1a29700000 ---p 00000000 00:00 0 
7f1a29700000-7f1a297fc000 rw-p 00000000 00:00 0 
7f1a297fc000-7f1a297fd000 ---p 00000000 00:00 0 
7f1a297fd000-7f1a29801000 ---p 00000000 00:00 0 
7f1a29801000-7f1a298fd000 rw-p 00000000 00:00 0 
7f1a298fd000-7f1a298fe000 ---p 00000000 00:00 0 
7f1a298fe000-7f1a29902000 ---p 00000000 00:00 0 
7f1a29902000-7f1a299fe000 rw-p 00000000 00:00 0 
7f1a299fe000-7f1a299ff000 ---p 00000000 00:00 0 
7f1a299ff000-7f1a29a03000 ---p 00000000 00:00 0 
7f1a29a03000-7f1a29aff000 rw-p 00000000 00:00 0 
7f1a29aff000-7f1a29b00000 ---p 00000000 00:00 0 
7f1a29b00000-7f1a29b04000 ---p 00000000 00:00 0 
7f1a29b04000-7f1a29c00000 rw-p 00000000 00:00 0 
7f1a29c00000-7f1a29c53000 r-xp 00000000 fe:00 141254                     /root/.gradle/native/100fb08df4bc3b14c8652ba06237920a3bd2aa13389f12d3474272988ae205f9/linux-amd64/libnative-platform-file-events.so
7f1a29c53000-7f1a29e52000 ---p 00053000 fe:00 141254                     /root/.gradle/native/100fb08df4bc3b14c8652ba06237920a3bd2aa13389f12d3474272988ae205f9/linux-amd64/libnative-platform-file-events.so
7f1a29e52000-7f1a29e53000 r--p 00052000 fe:00 141254                     /root/.gradle/native/100fb08df4bc3b14c8652ba06237920a3bd2aa13389f12d3474272988ae205f9/linux-amd64/libnative-platform-file-events.so
7f1a29e53000-7f1a29e55000 rw-p 00053000 fe:00 141254                     /root/.gradle/native/100fb08df4bc3b14c8652ba06237920a3bd2aa13389f12d3474272988ae205f9/linux-amd64/libnative-platform-file-events.so
7f1a29eff000-7f1a29f00000 ---p 00000000 00:00 0 
7f1a29f00000-7f1a29f04000 ---p 00000000 00:00 0 
7f1a29f04000-7f1a2c000000 rw-p 00000000 00:00 0 
7f1a2c000000-7f1a2c0b1000 rw-p 00000000 00:00 0 
7f1a2c0b1000-7f1a30000000 ---p 00000000 00:00 0 
7f1a30000000-7f1a30067000 rw-p 00000000 00:00 0 
7f1a30067000-7f1a34000000 ---p 00000000 00:00 0 
7f1a34000000-7f1a341ab000 rw-p 00000000 00:00 0 
7f1a341ab000-7f1a38000000 ---p 00000000 00:00 0 
7f1a380ff000-7f1a38100000 ---p 00000000 00:00 0 
7f1a38100000-7f1a38200000 rw-p 00000000 00:00 0 
7f1a38200000-7f1a38205000 r-xp 00000000 fe:00 141225                     /root/.gradle/native/c067742578af261105cb4f569cf0c3c89f3d7b1fecec35dd04571415982c5e48/linux-amd64/libnative-platform.so
7f1a38205000-7f1a38405000 ---p 00005000 fe:00 141225                     /root/.gradle/native/c067742578af261105cb4f569cf0c3c89f3d7b1fecec35dd04571415982c5e48/linux-amd64/libnative-platform.so
7f1a38405000-7f1a38406000 r--p 00005000 fe:00 141225                     /root/.gradle/native/c067742578af261105cb4f569cf0c3c89f3d7b1fecec35dd04571415982c5e48/linux-amd64/libnative-platform.so
7f1a38406000-7f1a38407000 rw-p 00006000 fe:00 141225                     /root/.gradle/native/c067742578af261105cb4f569cf0c3c89f3d7b1fecec35dd04571415982c5e48/linux-amd64/libnative-platform.so
7f1a3841b000-7f1a3841c000 r--p 00000000 00:25 13813                      /usr/lib/jvm/java-17-openjdk-amd64/lib/libextnet.so
7f1a3841c000-7f1a3841d000 r-xp 00001000 00:25 13813                      /usr/lib/jvm/java-17-openjdk-amd64/lib/libextnet.so
7f1a3841d000-7f1a3841e000 r--p 00002000 00:25 13813                      /usr/lib/jvm/java-17-openjdk-amd64/lib/libextnet.so
7f1a3841e000-7f1a3841f000 r--p 00002000 00:25 13813                      /usr/lib/jvm/java-17-openjdk-amd64/lib/libextnet.so
7f1a3841f000-7f1a38420000 rw-p 00003000 00:25 13813                      /usr/lib/jvm/java-17-openjdk-amd64/lib/libextnet.so
7f1a38420000-7f1a38422000 r--p 00000000 00:25 13832                      /usr/lib/jvm/java-17-openjdk-amd64/lib/libmanagement_ext.so
7f1a38422000-7f1a38425000 r-xp 00002000 00:25 13832                      /usr/lib/jvm/java-17-openjdk-amd64/lib/libmanagement_ext.so
7f1a38425000-7f1a38426000 r--p 00005000 00:25 13832                      /usr/lib/jvm/java-17-openjdk-amd64/lib/libmanagement_ext.so
7f1a38426000-7f1a38427000 r--p 00006000 00:25 13832                      /usr/lib/jvm/java-17-openjdk-amd64/lib/libmanagement_ext.so
7f1a38427000-7f1a38428000 rw-p 00007000 00:25 13832                      /usr/lib/jvm/java-17-openjdk-amd64/lib/libmanagement_ext.so
7f1a38428000-7f1a38429000 r--p 00000000 00:25 18162                      /usr/lib/x86_64-linux-gnu/libpthread.so.0
7f1a38429000-7f1a3842a000 r-xp 00001000 00:25 18162                      /usr/lib/x86_64-linux-gnu/libpthread.so.0
7f1a3842a000-7f1a3842b000 r--p 00002000 00:25 18162                      /usr/lib/x86_64-linux-gnu/libpthread.so.0
7f1a3842b000-7f1a3842c000 r--p 00002000 00:25 18162                      /usr/lib/x86_64-linux-gnu/libpthread.so.0
7f1a3842c000-7f1a3842d000 rw-p 00003000 00:25 18162                      /usr/lib/x86_64-linux-gnu/libpthread.so.0
7f1a3842d000-7f1a38431000 r--p 00000000 00:25 13842                      /usr/lib/jvm/java-17-openjdk-amd64/lib/libverify.so
7f1a38431000-7f1a38438000 r-xp 00004000 00:25 13842                      /usr/lib/jvm/java-17-openjdk-amd64/lib/libverify.so
7f1a38438000-7f1a3843a000 r--p 0000b000 00:25 13842                      /usr/lib/jvm/java-17-openjdk-amd64/lib/libverify.so
7f1a3843a000-7f1a3843c000 r--p 0000c000 00:25 13842                      /usr/lib/jvm/java-17-openjdk-amd64/lib/libverify.so
7f1a3843c000-7f1a3843d000 rw-p 0000e000 00:25 13842                      /usr/lib/jvm/java-17-openjdk-amd64/lib/libverify.so
7f1a3843d000-7f1a3843e000 ---p 00000000 00:00 0 
7f1a3843e000-7f1a3853e000 rw-p 00000000 00:00 0 
7f1a3853e000-7f1a3853f000 ---p 00000000 00:00 0 
7f1a3853f000-7f1a3863f000 rw-p 00000000 00:00 0 
7f1a3863f000-7f1a38640000 ---p 00000000 00:00 0 
7f1a38640000-7f1a38644000 ---p 00000000 00:00 0 
7f1a38644000-7f1a38740000 rw-p 00000000 00:00 0 
7f1a38740000-7f1a38744000 r--p 00000000 00:25 13834                      /usr/lib/jvm/java-17-openjdk-amd64/lib/libnet.so
7f1a38744000-7f1a38752000 r-xp 00004000 00:25 13834                      /usr/lib/jvm/java-17-openjdk-amd64/lib/libnet.so
7f1a38752000-7f1a38756000 r--p 00012000 00:25 13834                      /usr/lib/jvm/java-17-openjdk-amd64/lib/libnet.so
7f1a38756000-7f1a38757000 r--p 00015000 00:25 13834                      /usr/lib/jvm/java-17-openjdk-amd64/lib/libnet.so
7f1a38757000-7f1a38758000 rw-p 00016000 00:25 13834                      /usr/lib/jvm/java-17-openjdk-amd64/lib/libnet.so
7f1a38758000-7f1a38759000 ---p 00000000 00:00 0 
7f1a38759000-7f1a3875d000 ---p 00000000 00:00 0 
7f1a3875d000-7f1a38859000 rw-p 00000000 00:00 0 
7f1a38859000-7f1a3885a000 ---p 00000000 00:00 0 
7f1a3885a000-7f1a3885e000 ---p 00000000 00:00 0 
7f1a3885e000-7f1a3895a000 rw-p 00000000 00:00 0 
7f1a3895a000-7f1a3895b000 ---p 00000000 00:00 0 
7f1a3895b000-7f1a3895f000 ---p 00000000 00:00 0 
7f1a3895f000-7f1a38a5b000 rw-p 00000000 00:00 0 
7f1a38a5b000-7f1a38a5c000 ---p 00000000 00:00 0 
7f1a38a5c000-7f1a38a60000 ---p 00000000 00:00 0 
7f1a38a60000-7f1a38b5c000 rw-p 00000000 00:00 0 
7f1a38b5c000-7f1a38b5d000 ---p 00000000 00:00 0 
7f1a38b5d000-7f1a38b61000 ---p 00000000 00:00 0 
7f1a38b61000-7f1a38c5d000 rw-p 00000000 00:00 0 
7f1a38c5d000-7f1a38c5e000 ---p 00000000 00:00 0 
7f1a38c5e000-7f1a38c62000 ---p 00000000 00:00 0 
7f1a38c62000-7f1a38d5e000 rw-p 00000000 00:00 0 
7f1a38d5e000-7f1a38d5f000 ---p 00000000 00:00 0 
7f1a38d5f000-7f1a38d63000 ---p 00000000 00:00 0 
7f1a38d63000-7f1a38e5f000 rw-p 00000000 00:00 0 
7f1a38e5f000-7f1a38e60000 ---p 00000000 00:00 0 
7f1a38e60000-7f1a38e64000 ---p 00000000 00:00 0 
7f1a38e64000-7f1a38f60000 rw-p 00000000 00:00 0 
7f1a38f60000-7f1a38f61000 ---p 00000000 00:00 0 
7f1a38f61000-7f1a38f65000 ---p 00000000 00:00 0 
7f1a38f65000-7f1a39061000 rw-p 00000000 00:00 0 
7f1a39061000-7f1a39062000 ---p 00000000 00:00 0 
7f1a39062000-7f1a39162000 rw-p 00000000 00:00 0 
7f1a39162000-7f1a39167000 r--p 00000000 00:25 13828                      /usr/lib/jvm/java-17-openjdk-amd64/lib/libjsvml.so
7f1a39167000-7f1a391a8000 r-xp 00005000 00:25 13828                      /usr/lib/jvm/java-17-openjdk-amd64/lib/libjsvml.so
7f1a391a8000-7f1a39231000 r--p 00046000 00:25 13828                      /usr/lib/jvm/java-17-openjdk-amd64/lib/libjsvml.so
7f1a39231000-7f1a39232000 r--p 000ce000 00:25 13828                      /usr/lib/jvm/java-17-openjdk-amd64/lib/libjsvml.so
7f1a39232000-7f1a39233000 rw-p 000cf000 00:25 13828                      /usr/lib/jvm/java-17-openjdk-amd64/lib/libjsvml.so
7f1a39233000-7f1a3930f000 rw-p 00000000 00:00 0 
7f1a3930f000-7f1a39310000 ---p 00000000 00:00 0 
7f1a39310000-7f1a39410000 rw-p 00000000 00:00 0 
7f1a39410000-7f1a39411000 ---p 00000000 00:00 0 
7f1a39411000-7f1a39511000 rw-p 00000000 00:00 0 
7f1a39511000-7f1a3ab41000 rwxp 00000000 00:00 0 
7f1a3ab41000-7f1a40a49000 ---p 00000000 00:00 0 
7f1a40a49000-7f1a40cb9000 rwxp 00000000 00:00 0 
7f1a40cb9000-7f1a40fd8000 ---p 00000000 00:00 0 
7f1a40fd8000-7f1a41598000 rwxp 00000000 00:00 0 
7f1a41598000-7f1a48511000 ---p 00000000 00:00 0 
7f1a48511000-7f1a50000000 r--s 00000000 00:25 13844                      /usr/lib/jvm/java-17-openjdk-amd64/lib/modules
7f1a50000000-7f1a513ee000 rw-p 00000000 00:00 0 
7f1a513ee000-7f1a54000000 ---p 00000000 00:00 0 
7f1a54002000-7f1a54059000 r--p 00000000 00:25 13893                      /usr/lib/locale/C.utf8/LC_CTYPE
7f1a54059000-7f1a5409a000 rw-p 00000000 00:00 0 
7f1a5409d000-7f1a5409f000 r--p 00000000 00:25 13830                      /usr/lib/jvm/java-17-openjdk-amd64/lib/libmanagement.so
7f1a5409f000-7f1a540a0000 r-xp 00002000 00:25 13830                      /usr/lib/jvm/java-17-openjdk-amd64/lib/libmanagement.so
7f1a540a0000-7f1a540a1000 r--p 00003000 00:25 13830                      /usr/lib/jvm/java-17-openjdk-amd64/lib/libmanagement.so
7f1a540a1000-7f1a540a2000 r--p 00003000 00:25 13830                      /usr/lib/jvm/java-17-openjdk-amd64/lib/libmanagement.so
7f1a540a2000-7f1a540a3000 rw-p 00004000 00:25 13830                      /usr/lib/jvm/java-17-openjdk-amd64/lib/libmanagement.so
7f1a540a3000-7f1a540aa000 r--p 00000000 00:25 13835                      /usr/lib/jvm/java-17-openjdk-amd64/lib/libnio.so
7f1a540aa000-7f1a540b3000 r-xp 00007000 00:25 13835                      /usr/lib/jvm/java-17-openjdk-amd64/lib/libnio.so
7f1a540b3000-7f1a540b7000 r--p 00010000 00:25 13835                      /usr/lib/jvm/java-17-openjdk-amd64/lib/libnio.so
7f1a540b7000-7f1a540b8000 r--p 00014000 00:25 13835                      /usr/lib/jvm/java-17-openjdk-amd64/lib/libnio.so
7f1a540b8000-7f1a540b9000 rw-p 00015000 00:25 13835                      /usr/lib/jvm/java-17-openjdk-amd64/lib/libnio.so
7f1a540b9000-7f1a540bb000 r--p 00000000 00:25 13843                      /usr/lib/jvm/java-17-openjdk-amd64/lib/libzip.so
7f1a540bb000-7f1a540bf000 r-xp 00002000 00:25 13843                      /usr/lib/jvm/java-17-openjdk-amd64/lib/libzip.so
7f1a540bf000-7f1a540c1000 r--p 00006000 00:25 13843                      /usr/lib/jvm/java-17-openjdk-amd64/lib/libzip.so
7f1a540c1000-7f1a540c2000 r--p 00007000 00:25 13843                      /usr/lib/jvm/java-17-openjdk-amd64/lib/libzip.so
7f1a540c2000-7f1a540c3000 rw-p 00008000 00:25 13843                      /usr/lib/jvm/java-17-openjdk-amd64/lib/libzip.so
7f1a540c3000-7f1a540c4000 r--p 00000000 00:25 13899                      /usr/lib/locale/C.utf8/LC_NUMERIC
7f1a540c4000-7f1a540c5000 r--p 00000000 00:25 13902                      /usr/lib/locale/C.utf8/LC_TIME
7f1a540c5000-7f1a540c6000 r--p 00000000 00:25 13892                      /usr/lib/locale/C.utf8/LC_COLLATE
7f1a540c6000-7f1a540c7000 r--p 00000000 00:25 13897                      /usr/lib/locale/C.utf8/LC_MONETARY
7f1a540c7000-7f1a540c8000 r--p 00000000 00:25 13896                      /usr/lib/locale/C.utf8/LC_MESSAGES/SYS_LC_MESSAGES
7f1a540c8000-7f1a540c9000 r--p 00000000 00:25 13900                      /usr/lib/locale/C.utf8/LC_PAPER
7f1a540c9000-7f1a540ca000 r--p 00000000 00:25 13898                      /usr/lib/locale/C.utf8/LC_NAME
7f1a540ca000-7f1a540d1000 r--s 00000000 00:25 17585                      /usr/lib/x86_64-linux-gnu/gconv/gconv-modules.cache
7f1a540d1000-7f1a542d3000 rw-p 00000000 00:00 0 
7f1a542d3000-7f1a542d4000 ---p 00000000 00:00 0 
7f1a542d4000-7f1a543d4000 rw-p 00000000 00:00 0 
7f1a543d4000-7f1a543d5000 ---p 00000000 00:00 0 
7f1a543d5000-7f1a544d5000 rw-p 00000000 00:00 0 
7f1a544d5000-7f1a544d6000 ---p 00000000 00:00 0 
7f1a544d6000-7f1a54f21000 rw-p 00000000 00:00 0 
7f1a54f21000-7f1a559f9000 ---p 00000000 00:00 0 
7f1a559f9000-7f1a56321000 rw-p 00000000 00:00 0 
7f1a56321000-7f1a56df9000 ---p 00000000 00:00 0 
7f1a56df9000-7f1a56f25000 rw-p 00000000 00:00 0 
7f1a56f25000-7f1a57080000 ---p 00000000 00:00 0 
7f1a57080000-7f1a571a5000 rw-p 00000000 00:00 0 
7f1a571a5000-7f1a57300000 ---p 00000000 00:00 0 
7f1a57300000-7f1a57425000 rw-p 00000000 00:00 0 
7f1a57425000-7f1a57580000 ---p 00000000 00:00 0 
7f1a57580000-7f1a5778f000 rw-p 00000000 00:00 0 
7f1a5778f000-7f1a5786e000 ---p 00000000 00:00 0 
7f1a5786e000-7f1a5789b000 rw-p 00000000 00:00 0 
7f1a5789b000-7f1a57959000 ---p 00000000 00:00 0 
7f1a57959000-7f1a5795e000 rw-p 00000000 00:00 0 
7f1a5795e000-7f1a57965000 ---p 00000000 00:00 0 
7f1a57965000-7f1a5796d000 rw-s 00000000 fe:00 148198                     /tmp/hsperfdata_root/3202
7f1a5796d000-7f1a57979000 r--p 00000000 00:25 13820                      /usr/lib/jvm/java-17-openjdk-amd64/lib/libjava.so
7f1a57979000-7f1a5798a000 r-xp 0000c000 00:25 13820                      /usr/lib/jvm/java-17-openjdk-amd64/lib/libjava.so
7f1a5798a000-7f1a57990000 r--p 0001d000 00:25 13820                      /usr/lib/jvm/java-17-openjdk-amd64/lib/libjava.so
7f1a57990000-7f1a57991000 r--p 00022000 00:25 13820                      /usr/lib/jvm/java-17-openjdk-amd64/lib/libjava.so
7f1a57991000-7f1a57992000 rw-p 00023000 00:25 13820                      /usr/lib/jvm/java-17-openjdk-amd64/lib/libjava.so
7f1a57992000-7f1a57993000 rw-p 00000000 00:00 0 
7f1a57993000-7f1a57994000 r--p 00000000 00:25 13815                      /usr/lib/jvm/java-17-openjdk-amd64/lib/libinstrument.so
7f1a57994000-7f1a5799a000 r-xp 00001000 00:25 13815                      /usr/lib/jvm/java-17-openjdk-amd64/lib/libinstrument.so
7f1a5799a000-7f1a5799d000 r--p 00007000 00:25 13815                      /usr/lib/jvm/java-17-openjdk-amd64/lib/libinstrument.so
7f1a5799d000-7f1a5799e000 r--p 00009000 00:25 13815                      /usr/lib/jvm/java-17-openjdk-amd64/lib/libinstrument.so
7f1a5799e000-7f1a5799f000 rw-p 0000a000 00:25 13815                      /usr/lib/jvm/java-17-openjdk-amd64/lib/libinstrument.so
7f1a5799f000-7f1a579a1000 r--p 00000000 00:25 13824                      /usr/lib/jvm/java-17-openjdk-amd64/lib/libjimage.so
7f1a579a1000-7f1a579a4000 r-xp 00002000 00:25 13824                      /usr/lib/jvm/java-17-openjdk-amd64/lib/libjimage.so
7f1a579a4000-7f1a579a5000 r--p 00005000 00:25 13824                      /usr/lib/jvm/java-17-openjdk-amd64/lib/libjimage.so
7f1a579a5000-7f1a579a6000 r--p 00006000 00:25 13824                      /usr/lib/jvm/java-17-openjdk-amd64/lib/libjimage.so
7f1a579a6000-7f1a579a7000 rw-p 00007000 00:25 13824                      /usr/lib/jvm/java-17-openjdk-amd64/lib/libjimage.so
7f1a579a7000-7f1a579ab000 ---p 00000000 00:00 0 
7f1a579ab000-7f1a57aa7000 rw-p 00000000 00:00 0 
7f1a57aa7000-7f1a57aaa000 r--p 00000000 00:25 17971                      /usr/lib/x86_64-linux-gnu/libgcc_s.so.1
7f1a57aaa000-7f1a57ac1000 r-xp 00003000 00:25 17971                      /usr/lib/x86_64-linux-gnu/libgcc_s.so.1
7f1a57ac1000-7f1a57ac5000 r--p 0001a000 00:25 17971                      /usr/lib/x86_64-linux-gnu/libgcc_s.so.1
7f1a57ac5000-7f1a57ac6000 r--p 0001d000 00:25 17971                      /usr/lib/x86_64-linux-gnu/libgcc_s.so.1
7f1a57ac6000-7f1a57ac7000 rw-p 0001e000 00:25 17971                      /usr/lib/x86_64-linux-gnu/libgcc_s.so.1
7f1a57ac7000-7f1a57ad7000 r--p 00000000 00:25 18072                      /usr/lib/x86_64-linux-gnu/libm.so.6
7f1a57ad7000-7f1a57b4b000 r-xp 00010000 00:25 18072                      /usr/lib/x86_64-linux-gnu/libm.so.6
7f1a57b4b000-7f1a57ba5000 r--p 00084000 00:25 18072                      /usr/lib/x86_64-linux-gnu/libm.so.6
7f1a57ba5000-7f1a57ba6000 r--p 000dd000 00:25 18072                      /usr/lib/x86_64-linux-gnu/libm.so.6
7f1a57ba6000-7f1a57ba7000 rw-p 000de000 00:25 18072                      /usr/lib/x86_64-linux-gnu/libm.so.6
7f1a57ba7000-7f1a57c40000 r--p 00000000 00:25 18239                      /usr/lib/x86_64-linux-gnu/libstdc++.so.6.0.30
7f1a57c40000-7f1a57d41000 r-xp 00099000 00:25 18239                      /usr/lib/x86_64-linux-gnu/libstdc++.so.6.0.30
7f1a57d41000-7f1a57db0000 r--p 0019a000 00:25 18239                      /usr/lib/x86_64-linux-gnu/libstdc++.so.6.0.30
7f1a57db0000-7f1a57dbb000 r--p 00209000 00:25 18239                      /usr/lib/x86_64-linux-gnu/libstdc++.so.6.0.30
7f1a57dbb000-7f1a57dbe000 rw-p 00214000 00:25 18239                      /usr/lib/x86_64-linux-gnu/libstdc++.so.6.0.30
7f1a57dbe000-7f1a57dc1000 rw-p 00000000 00:00 0 
7f1a57dc1000-7f1a58012000 r--p 00000000 00:25 13856                      /usr/lib/jvm/java-17-openjdk-amd64/lib/server/libjvm.so
7f1a58012000-7f1a58d64000 r-xp 00251000 00:25 13856                      /usr/lib/jvm/java-17-openjdk-amd64/lib/server/libjvm.so
7f1a58d64000-7f1a58fe6000 r--p 00fa3000 00:25 13856                      /usr/lib/jvm/java-17-openjdk-amd64/lib/server/libjvm.so
7f1a58fe6000-7f1a5909e000 r--p 01225000 00:25 13856                      /usr/lib/jvm/java-17-openjdk-amd64/lib/server/libjvm.so
7f1a5909e000-7f1a590d3000 rw-p 012dd000 00:25 13856                      /usr/lib/jvm/java-17-openjdk-amd64/lib/server/libjvm.so
7f1a590d3000-7f1a5912f000 rw-p 00000000 00:00 0 
7f1a5912f000-7f1a59155000 r--p 00000000 00:25 17860                      /usr/lib/x86_64-linux-gnu/libc.so.6
7f1a59155000-7f1a592ab000 r-xp 00026000 00:25 17860                      /usr/lib/x86_64-linux-gnu/libc.so.6
7f1a592ab000-7f1a592fe000 r--p 0017c000 00:25 17860                      /usr/lib/x86_64-linux-gnu/libc.so.6
7f1a592fe000-7f1a59302000 r--p 001cf000 00:25 17860                      /usr/lib/x86_64-linux-gnu/libc.so.6
7f1a59302000-7f1a59304000 rw-p 001d3000 00:25 17860                      /usr/lib/x86_64-linux-gnu/libc.so.6
7f1a59304000-7f1a59311000 rw-p 00000000 00:00 0 
7f1a59311000-7f1a59313000 r--p 00000000 00:25 13825                      /usr/lib/jvm/java-17-openjdk-amd64/lib/libjli.so
7f1a59313000-7f1a5931c000 r-xp 00002000 00:25 13825                      /usr/lib/jvm/java-17-openjdk-amd64/lib/libjli.so
7f1a5931c000-7f1a5931f000 r--p 0000b000 00:25 13825                      /usr/lib/jvm/java-17-openjdk-amd64/lib/libjli.so
7f1a5931f000-7f1a59320000 r--p 0000d000 00:25 13825                      /usr/lib/jvm/java-17-openjdk-amd64/lib/libjli.so
7f1a59320000-7f1a59321000 rw-p 0000e000 00:25 13825                      /usr/lib/jvm/java-17-openjdk-amd64/lib/libjli.so
7f1a59321000-7f1a59324000 r--p 00000000 00:25 1006                       /usr/lib/x86_64-linux-gnu/libz.so.1.2.13
7f1a59324000-7f1a59337000 r-xp 00003000 00:25 1006                       /usr/lib/x86_64-linux-gnu/libz.so.1.2.13
7f1a59337000-7f1a5933e000 r--p 00016000 00:25 1006                       /usr/lib/x86_64-linux-gnu/libz.so.1.2.13
7f1a5933e000-7f1a5933f000 r--p 0001c000 00:25 1006                       /usr/lib/x86_64-linux-gnu/libz.so.1.2.13
7f1a5933f000-7f1a59340000 rw-p 0001d000 00:25 1006                       /usr/lib/x86_64-linux-gnu/libz.so.1.2.13
7f1a59340000-7f1a59341000 r--p 00000000 00:25 13891                      /usr/lib/locale/C.utf8/LC_ADDRESS
7f1a59341000-7f1a59342000 r--p 00000000 00:25 13901                      /usr/lib/locale/C.utf8/LC_TELEPHONE
7f1a59342000-7f1a59343000 r--p 00000000 00:25 13895                      /usr/lib/locale/C.utf8/LC_MEASUREMENT
7f1a59343000-7f1a59344000 r--p 00000000 00:25 13894                      /usr/lib/locale/C.utf8/LC_IDENTIFICATION
7f1a59344000-7f1a59345000 ---p 00000000 00:00 0 
7f1a59345000-7f1a59346000 r--p 00000000 00:00 0 
7f1a59346000-7f1a59347000 ---p 00000000 00:00 0 
7f1a59347000-7f1a59349000 rw-p 00000000 00:00 0 
7f1a59349000-7f1a5934a000 r--p 00000000 00:25 17646                      /usr/lib/x86_64-linux-gnu/ld-linux-x86-64.so.2
7f1a5934a000-7f1a59370000 r-xp 00001000 00:25 17646                      /usr/lib/x86_64-linux-gnu/ld-linux-x86-64.so.2
7f1a59370000-7f1a5937a000 r--p 00027000 00:25 17646                      /usr/lib/x86_64-linux-gnu/ld-linux-x86-64.so.2
7f1a5937a000-7f1a5937c000 r--p 00031000 00:25 17646                      /usr/lib/x86_64-linux-gnu/ld-linux-x86-64.so.2
7f1a5937c000-7f1a5937e000 rw-p 00033000 00:25 17646                      /usr/lib/x86_64-linux-gnu/ld-linux-x86-64.so.2
7ffd3b93d000-7ffd3b95e000 rw-p 00000000 00:00 0                          [stack]
7ffd3b9e9000-7ffd3b9ec000 r--p 00000000 00:00 0                          [vvar]
7ffd3b9ec000-7ffd3b9ee000 r-xp 00000000 00:00 0                          [vdso]
ffffffffff600000-ffffffffff601000 r-xp 00000000 00:00 0                  [vsyscall]


VM Arguments:
jvm_args: --add-opens=java.base/java.lang=ALL-UNNAMED --add-opens=java.base/java.lang.invoke=ALL-UNNAMED --add-opens=java.base/java.util=ALL-UNNAMED --add-opens=java.prefs/java.util.prefs=ALL-UNNAMED --add-exports=jdk.compiler/com.sun.tools.javac.api=ALL-UNNAMED --add-exports=jdk.compiler/com.sun.tools.javac.util=ALL-UNNAMED --add-opens=java.base/java.util=ALL-UNNAMED --add-opens=java.prefs/java.util.prefs=ALL-UNNAMED --add-opens=java.base/java.nio.charset=ALL-UNNAMED --add-opens=java.base/java.net=ALL-UNNAMED --add-opens=java.base/java.util.concurrent.atomic=ALL-UNNAMED --add-opens=java.xml/javax.xml.namespace=ALL-UNNAMED -XX:MaxMetaspaceSize=768m -Xmx1280m -Dfile.encoding=UTF-8 -Duser.country -Duser.language=en -Duser.variant -javaagent:/root/.gradle/wrapper/dists/gradle-8.11.1-bin/bpt9gzteqjrbo1mjrsomdt32c/gradle-8.11.1/lib/agents/gradle-instrumentation-agent-8.11.1.jar 
java_command: org.gradle.launcher.daemon.bootstrap.GradleDaemon 8.11.1
java_class_path (initial): /root/.gradle/wrapper/dists/gradle-8.11.1-bin/bpt9gzteqjrbo1mjrsomdt32c/gradle-8.11.1/lib/gradle-daemon-main-8.11.1.jar
Launcher Type: SUN_STANDARD

[Global flags]
     intx CICompilerCount                          = 2                                         {product} {ergonomic}
   size_t CompressedClassSpaceSize                 = 654311424                                 {product} {ergonomic}
     uint ConcGCThreads                            = 1                                         {product} {ergonomic}
     uint G1ConcRefinementThreads                  = 2                                         {product} {ergonomic}
   size_t G1HeapRegionSize                         = 1048576                                   {product} {ergonomic}
    uintx GCDrainStackTargetSize                   = 64                                        {product} {ergonomic}
   size_t InitialHeapSize                          = 33554432                                  {product} {ergonomic}
   size_t MarkStackSize                            = 4194304                                   {product} {ergonomic}
   size_t MaxHeapSize                              = 1342177280                                {product} {command line}
   size_t MaxMetaspaceSize                         = 805306368                                 {product} {command line}
   size_t MaxNewSize                               = 805306368                                 {product} {ergonomic}
   size_t MinHeapDeltaBytes                        = 1048576                                   {product} {ergonomic}
   size_t MinHeapSize                              = 8388608                                   {product} {ergonomic}
    uintx NonNMethodCodeHeapSize                   = 5826188                                {pd product} {ergonomic}
    uintx NonProfiledCodeHeapSize                  = 122916026                              {pd product} {ergonomic}
    uintx ProfiledCodeHeapSize                     = 122916026                              {pd product} {ergonomic}
    uintx ReservedCodeCacheSize                    = 251658240                              {pd product} {ergonomic}
     bool SegmentedCodeCache                       = true                                      {product} {ergonomic}
   size_t SoftMaxHeapSize                          = 1342177280                             {manageable} {ergonomic}
     bool UseCompressedClassPointers               = true                           {product lp64_product} {ergonomic}
     bool UseCompressedOops                        = true                           {product lp64_product} {ergonomic}
     bool UseG1GC                                  = true                                      {product} {ergonomic}

Logging:
Log output configuration:
 #0: stdout all=warning uptime,level,tags
 #1: stderr all=off uptime,level,tags

Environment Variables:
PATH=/usr/local/sbin:/usr/local/bin:/usr/sbin:/usr/bin:/sbin:/bin
SHELL=/bin/bash
LANG=C.UTF-8
LC_ALL=C.UTF-8
TERM=tmux-256color

Active Locale:
LC_ALL=C.UTF-8
LC_COLLATE=C.UTF-8
LC_CTYPE=C.UTF-8
LC_MESSAGES=C.UTF-8
LC_MONETARY=C.UTF-8
LC_NUMERIC=C.UTF-8
LC_TIME=C.UTF-8

Signal Handlers:
   SIGSEGV: crash_handler in libjvm.so, mask=11100100010111111101111111111110, flags=SA_RESTART|SA_SIGINFO, unblocked
    SIGBUS: crash_handler in libjvm.so, mask=11100100010111111101111111111110, flags=SA_RESTART|SA_SIGINFO, unblocked
    SIGFPE: crash_handler in libjvm.so, mask=11100100010111111101111111111110, flags=SA_RESTART|SA_SIGINFO, unblocked
   SIGPIPE: javaSignalHandler in libjvm.so, mask=11100100010111111101111111111110, flags=SA_RESTART|SA_SIGINFO, unblocked
   SIGXFSZ: javaSignalHandler in libjvm.so, mask=11100100010111111101111111111110, flags=SA_RESTART|SA_SIGINFO, unblocked
    SIGILL: crash_handler in libjvm.so, mask=11100100010111111101111111111110, flags=SA_RESTART|SA_SIGINFO, unblocked
   SIGUSR2: SR_handler in libjvm.so, mask=00100000000000000000000000000000, flags=SA_RESTART|SA_SIGINFO, unblocked
    SIGHUP: UserHandler in libjvm.so, mask=11100100010111111101111111111110, flags=SA_RESTART|SA_SIGINFO, unblocked
    SIGINT: UserHandler in libjvm.so, mask=11100100010111111101111111111110, flags=SA_RESTART|SA_SIGINFO, unblocked
   SIGTERM: UserHandler in libjvm.so, mask=11100100010111111101111111111110, flags=SA_RESTART|SA_SIGINFO, unblocked
   SIGQUIT: UserHandler in libjvm.so, mask=11100100010111111101111111111110, flags=SA_RESTART|SA_SIGINFO, unblocked
   SIGTRAP: crash_handler in libjvm.so, mask=11100100010111111101111111111110, flags=SA_RESTART|SA_SIGINFO, unblocked


Periodic native trim disabled


---------------  S Y S T E M  ---------------

OS:
PRETTY_NAME="Debian GNU/Linux 12 (bookworm)"
NAME="Debian GNU/Linux"
VERSION_ID="12"
VERSION="12 (bookworm)"
VERSION_CODENAME=bookworm
ID=debian
HOME_URL="https://www.debian.org/"
SUPPORT_URL="https://www.debian.org/support"
BUG_REPORT_URL="https://bugs.debian.org/"
uname: Linux 4.19.91-c8dfc93.al7.x86_64 #1 SMP Tue Sep 26 10:25:51 UTC 2023 x86_64
OS uptime: 0 days 0:15 hours
libc: glibc 2.36 NPTL 2.36 
rlimit (soft/hard): STACK 8192k/infinity , CORE 0k/0k , NPROC 100000/100000 , NOFILE 100000/100000 , AS infinity/infinity , CPU infinity/infinity , DATA infinity/infinity , FSIZE infinity/infinity , MEMLOCK 64k/64k
load average: 1.08 1.57 1.08

/proc/meminfo:
MemTotal:        2152516 kB
MemFree:           29656 kB
MemAvailable:      14064 kB
Buffers:             364 kB
Cached:            16612 kB
SwapCached:            0 kB
Active:          2029172 kB
Inactive:          11884 kB
Active(anon):    2024204 kB
Inactive(anon):       16 kB
Active(file):       4968 kB
Inactive(file):    11868 kB
Unevictable:           0 kB
Mlocked:               0 kB
SwapTotal:             0 kB
SwapFree:              0 kB
Dirty:               264 kB
Writeback:             0 kB
AnonPages:       2024116 kB
Mapped:            11732 kB
Shmem:                32 kB
Slab:              32128 kB
SReclaimable:      19404 kB
SUnreclaim:        12724 kB
KernelStack:        3104 kB
PageTables:         5572 kB
NFS_Unstable:          0 kB
Bounce:                0 kB
WritebackTmp:          0 kB
CommitLimit:     1076256 kB
Committed_AS:    2425364 kB
VmallocTotal:   34359738367 kB
VmallocUsed:           0 kB
VmallocChunk:          0 kB
Percpu:              400 kB
AnonHugePages:    503808 kB
ShmemHugePages:        0 kB
ShmemPmdMapped:        0 kB
HugePages_Total:       0
HugePages_Free:        0
HugePages_Rsvd:        0
HugePages_Surp:        0
Hugepagesize:       2048 kB
Hugetlb:               0 kB
DirectMap4k:        8192 kB
DirectMap2M:     2523136 kB
DirectMap1G:           0 kB

/sys/kernel/mm/transparent_hugepage/enabled: [always] madvise never
/sys/kernel/mm/transparent_hugepage/hpage_pmd_size: 2097152
/sys/kernel/mm/transparent_hugepage/defrag (defrag/compaction efforts parameter): always defer defer+madvise madvise [never]

Process Memory:
Virtual Size: 3432080K (peak: 3638928K)
Resident Set Size: 863892K (peak: 863892K) (anon: 855080K, file: 8812K, shmem: 0K)
Swapped out: 0K
C-Heap outstanding allocations: 109258K, retained: 20793K
glibc malloc tunables: (default)

/proc/sys/kernel/threads-max (system-wide limit on the number of threads): 1129
/proc/sys/vm/max_map_count (maximum number of memory map areas a process may have): 65530
/proc/sys/vm/swappiness (control to define how aggressively the kernel swaps out anonymous memory): 60
/proc/sys/kernel/pid_max (system-wide limit on number of process identifiers): 32768

container (cgroup) information:
container_type: cgroupv1
cpu_cpuset_cpus: 0-1
cpu_memory_nodes: 0
active_processor_count: 2
cpu_quota: no quota
cpu_period: 100000
cpu_shares: 12288
memory_limit_in_bytes: 2097152 k
memory_and_swap_limit_in_bytes: unlimited
memory_soft_limit_in_bytes: unlimited
memory_usage_in_bytes: 2062952 k
memory_max_usage_in_bytes: 2064816 k
rss_usage_in_bytes: 2017464 k
cache_usage_in_bytes: 16868 k
kernel_memory_limit_in_bytes: unlimited
kernel_memory_usage_in_bytes: 28240 k
kernel_memory_max_usage_in_bytes: 91412 k
maximum number of tasks: unlimited
current number of tasks: 120

KVM virtualization detected
Steal ticks since vm start: 4198
Steal ticks percentage since vm start:  0.418

CPU: total 2 (initial active 2) (2 cores per cpu, 1 threads per core) family 6 model 85 stepping 7 microcode 0x1, cx8, cmov, fxsr, mmx, 3dnowpref, sse, sse2, sse3, ssse3, sse4.1, sse4.2, popcnt, lzcnt, tsc, tscinvbit, avx, avx2, aes, erms, clmul, bmi1, bmi2, adx, avx512f, avx512dq, avx512cd, avx512bw, avx512vl, fma, vzeroupper, avx512_vnni, clflush, clflushopt, clwb, hv
CPU Model and flags from /proc/cpuinfo:
model name	: Intel(R) Xeon(R) Processor @ 2.50GHz
flags		: fpu vme de pse tsc msr pae mce cx8 apic sep mtrr pge mca cmov pat pse36 clflush mmx fxsr sse sse2 ss ht syscall nx pdpe1gb rdtscp lm constant_tsc rep_good nopl xtopology nonstop_tsc cpuid tsc_known_freq pni pclmulqdq ssse3 fma cx16 pcid sse4_1 sse4_2 x2apic movbe popcnt tsc_deadline_timer aes xsave avx f16c rdrand hypervisor lahf_lm abm 3dnowprefetch cpuid_fault invpcid_single ssbd ibrs ibpb stibp ibrs_enhanced fsgsbase tsc_adjust bmi1 avx2 smep bmi2 erms invpcid mpx avx512f avx512dq rdseed adx smap clflushopt clwb avx512cd avx512bw avx512vl xsaveopt xsavec xgetbv1 xsaves umip avx512_vnni md_clear arch_capabilities

Online cpus: 0-1
Offline cpus: 
BIOS frequency limitation: <Not Available>
Frequency switch latency (ns): <Not Available>
Available cpu frequencies: <Not Available>
Current governor: <Not Available>
Core performance/turbo boost: <Not Available>

Memory: 4k page, physical 2097152k(34200k free), swap 0k(0k free)
Page Sizes: 4k

vm_info: OpenJDK 64-Bit Server VM (17.0.20+8-1-deb12u1-Debian) for linux-amd64 JRE (17.0.20+8-1-deb12u1-Debian), built on Jul 28 2026 07:08:51 by "buildd" with gcc 12.2.0

END.
