#
# There is insufficient memory for the Java Runtime Environment to continue.
# Native memory allocation (mmap) failed to map 186646528 bytes. Error detail: committing reserved memory.
# Possible reasons:
#   The system is out of physical RAM or swap space
#   This process is running with CompressedOops enabled, and the Java Heap may be blocking the growth of the native heap
# Possible solutions:
#   Reduce memory load on the system
#   Increase physical memory or swap space
#   Check if swap backing store is full
#   Decrease Java heap size (-Xmx/-Xms)
#   Decrease number of Java threads
#   Decrease Java thread stack sizes (-Xss)
#   Set larger code cache with -XX:ReservedCodeCacheSize=
#   JVM is running with Unscaled Compressed Oops mode in which the Java heap is
#     placed in the first 4GB address space. The Java Heap base address is the
#     maximum limit for the native heap growth. Please use -XX:HeapBaseMinAddress
#     to set the Java Heap base and to place the Java Heap above 4GB virtual address.
# This output file may be truncated or incomplete.
#
#  Out of Memory Error (os_linux.cpp:2834), pid=2359, tid=2369
#
# JRE version: OpenJDK Runtime Environment (17.0.20+8) (build 17.0.20+8-1-deb12u1-Debian)
# Java VM: OpenJDK 64-Bit Server VM (17.0.20+8-1-deb12u1-Debian, mixed mode, sharing, tiered, compressed oops, compressed class ptrs, g1 gc, linux-amd64)
# No core dump will be written. Core dumps have been disabled. To enable core dumping, try "ulimit -c unlimited" before starting Java again
#

---------------  S U M M A R Y ------------

Command Line: --add-opens=java.base/java.lang=ALL-UNNAMED --add-opens=java.base/java.lang.invoke=ALL-UNNAMED --add-opens=java.base/java.util=ALL-UNNAMED --add-opens=java.prefs/java.util.prefs=ALL-UNNAMED --add-exports=jdk.compiler/com.sun.tools.javac.api=ALL-UNNAMED --add-exports=jdk.compiler/com.sun.tools.javac.util=ALL-UNNAMED --add-opens=java.base/java.util=ALL-UNNAMED --add-opens=java.prefs/java.util.prefs=ALL-UNNAMED --add-opens=java.base/java.nio.charset=ALL-UNNAMED --add-opens=java.base/java.net=ALL-UNNAMED --add-opens=java.base/java.util.concurrent.atomic=ALL-UNNAMED --add-opens=java.xml/javax.xml.namespace=ALL-UNNAMED -XX:MaxMetaspaceSize=768m -Xmx1280m -Dfile.encoding=UTF-8 -Duser.country -Duser.language=en -Duser.variant -javaagent:/root/.gradle/wrapper/dists/gradle-8.11.1-bin/bpt9gzteqjrbo1mjrsomdt32c/gradle-8.11.1/lib/agents/gradle-instrumentation-agent-8.11.1.jar org.gradle.launcher.daemon.bootstrap.GradleDaemon 8.11.1

Host: Intel(R) Xeon(R) Processor @ 2.50GHz, 2 cores, 2G, Debian GNU/Linux 12 (bookworm)
Time: Mon Oct  5 13:43:31 2026 UTC elapsed time: 168.198863 seconds (0d 0h 2m 48s)

---------------  T H R E A D  ---------------

Current thread (0x00007f7acc0b29d0):  VMThread "VM Thread" [stack: 0x00007f7ad047a000,0x00007f7ad057a000] [id=2369]

Stack: [0x00007f7ad047a000,0x00007f7ad057a000],  sp=0x00007f7ad0577d70,  free space=1015k
Native frames: (J=compiled Java code, j=interpreted, Vv=VM code, C=native code)
V  [libjvm.so+0xf21211]  VMError::report_and_die(int, char const*, char const*, __va_list_tag*, Thread*, unsigned char*, void*, void*, char const*, int, unsigned long)+0x171
V  [libjvm.so+0xf21d7d]  VMError::report_and_die(Thread*, char const*, int, unsigned long, VMErrorType, char const*, __va_list_tag*)+0x2d
V  [libjvm.so+0x60378c]  report_vm_out_of_memory(char const*, int, unsigned long, VMErrorType, char const*, ...)+0xdc
V  [libjvm.so+0xc2a14b]  os::pd_commit_memory_or_exit(char*, unsigned long, unsigned long, bool, char const*)+0xeb
V  [libjvm.so+0xc23ffb]  os::commit_memory_or_exit(char*, unsigned long, unsigned long, bool, char const*)+0x1b
V  [libjvm.so+0x733436]  G1PageBasedVirtualSpace::commit(unsigned long, unsigned long)+0x66
V  [libjvm.so+0x7473e0]  G1RegionsLargerThanCommitSizeMapper::commit_regions(unsigned int, unsigned long, WorkGang*)+0x110
V  [libjvm.so+0x7dadc8]  HeapRegionManager::commit_regions(unsigned int, unsigned long, WorkGang*)+0x88
V  [libjvm.so+0x7dcc0b]  HeapRegionManager::expand(unsigned int, unsigned int, WorkGang*)+0x2b
V  [libjvm.so+0x7dce27]  HeapRegionManager::expand_by(unsigned int, WorkGang*)+0x77
V  [libjvm.so+0x6ebed8]  G1CollectedHeap::expand(unsigned long, WorkGang*, double*)+0xe8
V  [libjvm.so+0x6efb29]  G1CollectedHeap::do_collection_pause_at_safepoint_helper(double)+0x8a9
V  [libjvm.so+0x6efb8f]  G1CollectedHeap::do_collection_pause_at_safepoint(double)+0x2f
V  [libjvm.so+0x76b9d7]  VM_G1CollectForAllocation::doit()+0x47
V  [libjvm.so+0xf26715]  VM_Operation::evaluate()+0xe5
V  [libjvm.so+0xf28005]  VMThread::evaluate_operation(VM_Operation*)+0x105
V  [libjvm.so+0xf2857f]  VMThread::inner_execute(VM_Operation*)+0x28f
V  [libjvm.so+0xf2878f]  VMThread::run()+0xbf
V  [libjvm.so+0xea40a5]  Thread::call_run()+0xa5
V  [libjvm.so+0xc2c8f3]  thread_native_entry(Thread*)+0xe3

VM_Operation (0x00007f7a4e4b4590): G1CollectForAllocation, mode: safepoint, requested by thread 0x00007f7a9e3a8480


---------------  P R O C E S S  ---------------

Threads class SMR info:
_java_thread_list=0x00007f7aa4929690, length=56, elements={
0x00007f7acc01ad80, 0x00007f7acc0b6ad0, 0x00007f7acc0b7eb0, 0x00007f7acc0be8d0,
0x00007f7acc0bfc80, 0x00007f7acc0c1090, 0x00007f7acc0c2a40, 0x00007f7acc0c3f70,
0x00007f7acc0c53e0, 0x00007f7acc0d8ca0, 0x00007f7acc1af620, 0x00007f7acd33a630,
0x00007f7acd3a3a70, 0x00007f7acd3db280, 0x00007f7a64016f40, 0x00007f7a6c0044c0,
0x00007f7a6c007460, 0x00007f7a6c00d0c0, 0x00007f7a9c006ce0, 0x00007f7a9c00df40,
0x00007f7a9c00fdd0, 0x00007f7a9c19cd10, 0x00007f7a9c1a44f0, 0x00007f7a9c1db800,
0x00007f7a9c4d2110, 0x00007f7a9c5d0a40, 0x00007f7a9c64d410, 0x00007f7a9c95a960,
0x00007f7a9ca29ce0, 0x00007f7a9ca6d8b0, 0x00007f7a9d385260, 0x00007f7a9d39a400,
0x00007f7a9d3a7f70, 0x00007f7a9d8f7a20, 0x00007f7a9deb6570, 0x00007f7a9e3a8480,
0x00007f7aa4020c10, 0x00007f7aa41a5020, 0x00007f7aa417b250, 0x00007f7aa41ae4e0,
0x00007f7aa41b40c0, 0x00007f7aa41af610, 0x00007f7aa41bf9f0, 0x00007f7aa41c50f0,
0x00007f7aa44b45a0, 0x00007f7a6406a5b0, 0x00007f7a64073830, 0x00007f7a64085040,
0x00007f7a64086030, 0x00007f7aa0005530, 0x00007f7a5025d650, 0x00007f7aa407bd40,
0x00007f7aa42f8210, 0x00007f7aa42f7360, 0x00007f7aa41e9270, 0x00007f7aa4928890
}

Java Threads: ( => current thread )
  0x00007f7acc01ad80 JavaThread "main" [_thread_blocked, id=2361, stack(0x00007f7ad1a77000,0x00007f7ad1b77000)]
  0x00007f7acc0b6ad0 JavaThread "Reference Handler" daemon [_thread_blocked, id=2370, stack(0x00007f7ad0379000,0x00007f7ad0479000)]
  0x00007f7acc0b7eb0 JavaThread "Finalizer" daemon [_thread_blocked, id=2371, stack(0x00007f7ad0278000,0x00007f7ad0378000)]
  0x00007f7acc0be8d0 JavaThread "Signal Dispatcher" daemon [_thread_blocked, id=2372, stack(0x00007f7ad0120000,0x00007f7ad0220000)]
  0x00007f7acc0bfc80 JavaThread "Service Thread" daemon [_thread_blocked, id=2373, stack(0x00007f7ad001f000,0x00007f7ad011f000)]
  0x00007f7acc0c1090 JavaThread "Monitor Deflation Thread" daemon [_thread_blocked, id=2374, stack(0x00007f7ab0c11000,0x00007f7ab0d11000)]
  0x00007f7acc0c2a40 JavaThread "C2 CompilerThread0" daemon [_thread_blocked, id=2375, stack(0x00007f7ab0b10000,0x00007f7ab0c10000)]
  0x00007f7acc0c3f70 JavaThread "C1 CompilerThread0" daemon [_thread_blocked, id=2376, stack(0x00007f7ab0a0f000,0x00007f7ab0b0f000)]
  0x00007f7acc0c53e0 JavaThread "Sweeper thread" daemon [_thread_blocked, id=2377, stack(0x00007f7ab090e000,0x00007f7ab0a0e000)]
  0x00007f7acc0d8ca0 JavaThread "Common-Cleaner" daemon [_thread_blocked, id=2378, stack(0x00007f7ab080d000,0x00007f7ab090d000)]
  0x00007f7acc1af620 JavaThread "Notification Thread" daemon [_thread_blocked, id=2379, stack(0x00007f7ab070c000,0x00007f7ab080c000)]
  0x00007f7acd33a630 JavaThread "Daemon health stats" [_thread_blocked, id=2388, stack(0x00007f7a4ff00000,0x00007f7a50000000)]
  0x00007f7acd3a3a70 JavaThread "Incoming local TCP Connector on port 33391" [_thread_in_native, id=2389, stack(0x00007f7a4fb00000,0x00007f7a4fc00000)]
  0x00007f7acd3db280 JavaThread "Daemon periodic checks" [_thread_blocked, id=2390, stack(0x00007f7a4f9ff000,0x00007f7a4faff000)]
  0x00007f7a64016f40 JavaThread "Daemon" [_thread_blocked, id=2392, stack(0x00007f7a4f8fe000,0x00007f7a4f9fe000)]
  0x00007f7a6c0044c0 JavaThread "Handler for socket connection from /127.0.0.1:33391 to /127.0.0.1:57148" [_thread_in_native, id=2393, stack(0x00007f7a4f7fd000,0x00007f7a4f8fd000)]
  0x00007f7a6c007460 JavaThread "Cancel handler" [_thread_blocked, id=2394, stack(0x00007f7a4f6fc000,0x00007f7a4f7fc000)]
  0x00007f7a6c00d0c0 JavaThread "Daemon worker" [_thread_blocked, id=2395, stack(0x00007f7a4f5fb000,0x00007f7a4f6fb000)]
  0x00007f7a9c006ce0 JavaThread "Asynchronous log dispatcher for DefaultDaemonConnection: socket connection from /127.0.0.1:33391 to /127.0.0.1:57148" [_thread_blocked, id=2396, stack(0x00007f7a4f4fa000,0x00007f7a4f5fa000)]
  0x00007f7a9c00df40 JavaThread "Stdin handler" [_thread_blocked, id=2397, stack(0x00007f7a4f3f9000,0x00007f7a4f4f9000)]
  0x00007f7a9c00fdd0 JavaThread "Daemon client event forwarder" [_thread_blocked, id=2398, stack(0x00007f7a4f2f8000,0x00007f7a4f3f8000)]
  0x00007f7a9c19cd10 JavaThread "Cache worker for journal cache (/root/.gradle/caches/journal-1)" [_thread_blocked, id=2400, stack(0x00007f7a4f1f7000,0x00007f7a4f2f7000)]
  0x00007f7a9c1a44f0 JavaThread "File lock request listener" [_thread_in_native, id=2401, stack(0x00007f7a4f0f6000,0x00007f7a4f1f6000)]
  0x00007f7a9c1db800 JavaThread "Cache worker for file hash cache (/root/.gradle/caches/8.11.1/fileHashes)" [_thread_blocked, id=2402, stack(0x00007f7a4eff5000,0x00007f7a4f0f5000)]
  0x00007f7a9c4d2110 JavaThread "Cache worker for file content cache (/root/.gradle/caches/8.11.1/fileContent)" [_thread_blocked, id=2404, stack(0x00007f7a4eef4000,0x00007f7a4eff4000)]
  0x00007f7a9c5d0a40 JavaThread "Cache worker for file hash cache (/workspace/.gradle/8.11.1/fileHashes)" [_thread_blocked, id=2406, stack(0x00007f7a4eac7000,0x00007f7a4ebc7000)]
  0x00007f7a9c64d410 JavaThread "Cache worker for Build Output Cleanup Cache (/workspace/.gradle/buildOutputCleanup)" [_thread_blocked, id=2407, stack(0x00007f7a4edf3000,0x00007f7a4eef3000)]
  0x00007f7a9c95a960 JavaThread "Cache worker for checksums cache (/workspace/.gradle/8.11.1/checksums)" [_thread_blocked, id=2410, stack(0x00007f7a4ecf2000,0x00007f7a4edf2000)]
  0x00007f7a9ca29ce0 JavaThread "Cache worker for cache directory md-rule (/root/.gradle/caches/8.11.1/md-rule)" [_thread_blocked, id=2411, stack(0x00007f7a4ebf1000,0x00007f7a4ecf1000)]
  0x00007f7a9ca6d8b0 JavaThread "Cache worker for cache directory md-supplier (/root/.gradle/caches/8.11.1/md-supplier)" [_thread_blocked, id=2413, stack(0x00007f7a4e9c6000,0x00007f7a4eac6000)]
  0x00007f7a9d385260 JavaThread "Unconstrained build operations" [_thread_blocked, id=2427, stack(0x00007f7a4e8c5000,0x00007f7a4e9c5000)]
  0x00007f7a9d39a400 JavaThread "Unconstrained build operations Thread 2" [_thread_blocked, id=2429, stack(0x00007f7a4e7c4000,0x00007f7a4e8c4000)]
  0x00007f7a9d3a7f70 JavaThread "Unconstrained build operations Thread 3" [_thread_blocked, id=2432, stack(0x00007f7a4e6c3000,0x00007f7a4e7c3000)]
  0x00007f7a9d8f7a20 JavaThread "Memory manager" [_thread_blocked, id=2443, stack(0x00007f7a4e5c2000,0x00007f7a4e6c2000)]
  0x00007f7a9deb6570 JavaThread "build event listener" [_thread_blocked, id=2449, stack(0x00007f7a4e4c1000,0x00007f7a4e5c1000)]
  0x00007f7a9e3a8480 JavaThread "included builds" [_thread_blocked, id=2467, stack(0x00007f7a4e3c0000,0x00007f7a4e4c0000)]
  0x00007f7aa4020c10 JavaThread "Cache worker for execution history cache (/workspace/.gradle/8.11.1/executionHistory)" [_thread_blocked, id=2469, stack(0x00007f7a4e2bf000,0x00007f7a4e3bf000)]
  0x00007f7aa41a5020 JavaThread "Unconstrained build operations Thread 4" [_thread_blocked, id=2472, stack(0x00007f7a4e1be000,0x00007f7a4e2be000)]
  0x00007f7aa417b250 JavaThread "Unconstrained build operations Thread 5" [_thread_blocked, id=2474, stack(0x00007f7a4e0bd000,0x00007f7a4e1bd000)]
  0x00007f7aa41ae4e0 JavaThread "Unconstrained build operations Thread 6" [_thread_blocked, id=2475, stack(0x00007f7a4dfbc000,0x00007f7a4e0bc000)]
  0x00007f7aa41b40c0 JavaThread "Unconstrained build operations Thread 7" [_thread_blocked, id=2477, stack(0x00007f7a4debb000,0x00007f7a4dfbb000)]
  0x00007f7aa41af610 JavaThread "Unconstrained build operations Thread 8" [_thread_blocked, id=2478, stack(0x00007f7a4ddba000,0x00007f7a4deba000)]
  0x00007f7aa41bf9f0 JavaThread "Unconstrained build operations Thread 9" [_thread_blocked, id=2479, stack(0x00007f7a4dcb9000,0x00007f7a4ddb9000)]
  0x00007f7aa41c50f0 JavaThread "Unconstrained build operations Thread 10" [_thread_blocked, id=2480, stack(0x00007f7a4dbb8000,0x00007f7a4dcb8000)]
  0x00007f7aa44b45a0 JavaThread "WorkerExecutor Queue" [_thread_blocked, id=2488, stack(0x00007f7a4dab7000,0x00007f7a4dbb7000)]
  0x00007f7a6406a5b0 JavaThread "RMI Scheduler(0)" daemon [_thread_blocked, id=2490, stack(0x00007f7a4d9b6000,0x00007f7a4dab6000)]
  0x00007f7a64073830 JavaThread "RMI GC Daemon" daemon [_thread_blocked, id=2492, stack(0x00007f7a4d7b4000,0x00007f7a4d8b4000)]
  0x00007f7a64085040 JavaThread "RMI TCP Accept-0" daemon [_thread_in_native, id=2493, stack(0x00007f7a4d6b3000,0x00007f7a4d7b3000)]
  0x00007f7a64086030 JavaThread "RMI Reaper" [_thread_blocked, id=2494, stack(0x00007f7a4d5b2000,0x00007f7a4d6b2000)]
  0x00007f7aa0005530 JavaThread "RMI TCP Connection(idle)" daemon [_thread_blocked, id=2496, stack(0x00007f7a4d4b1000,0x00007f7a4d5b1000)]
  0x00007f7a5025d650 JavaThread "Exec process" [_thread_blocked, id=2628, stack(0x00007f7a4d8b5000,0x00007f7a4d9b5000)]
  0x00007f7aa407bd40 JavaThread "process reaper" daemon [_thread_blocked, id=2631, stack(0x00007f7ab04c5000,0x00007f7ab04e7000)]
  0x00007f7aa42f8210 JavaThread "Exec process Thread 2" [_thread_blocked, id=2632, stack(0x00007f7a4d3b0000,0x00007f7a4d4b0000)]
  0x00007f7aa42f7360 JavaThread "Exec process Thread 3" [_thread_blocked, id=2634, stack(0x00007f7a4d2af000,0x00007f7a4d3af000)]
  0x00007f7aa41e9270 JavaThread "Cache worker for Java compile cache (/root/.gradle/caches/8.11.1/javaCompile)" [_thread_blocked, id=2720, stack(0x00007f7a4d1ae000,0x00007f7a4d2ae000)]
  0x00007f7aa4928890 JavaThread "Build operations" [_thread_blocked, id=2726, stack(0x00007f7a4ccf6000,0x00007f7a4cdf6000)]

Other Threads:
=>0x00007f7acc0b29d0 VMThread "VM Thread" [stack: 0x00007f7ad047a000,0x00007f7ad057a000] [id=2369]
  0x00007f7acc01d0f0 WatcherThread [stack: 0x00007f7ab060b000,0x00007f7ab070b000] [id=2380]
  0x00007f7acc05f180 GCTaskThread "GC Thread#0" [stack: 0x00007f7ad0da6000,0x00007f7ad0ea6000] [id=2364]
  0x00007f7a680047b0 GCTaskThread "GC Thread#1" [stack: 0x00007f7ab050a000,0x00007f7ab060a000] [id=2382]
  0x00007f7acc06a760 ConcurrentGCThread "G1 Main Marker" [stack: 0x00007f7ad0ca5000,0x00007f7ad0da5000] [id=2365]
  0x00007f7acc06b6d0 ConcurrentGCThread "G1 Conc#0" [stack: 0x00007f7ad0ba4000,0x00007f7ad0ca4000] [id=2366]
  0x00007f7acc08a300 ConcurrentGCThread "G1 Refine#0" [stack: 0x00007f7ad08a1000,0x00007f7ad09a1000] [id=2367]
  0x00007f7a9c000ea0 ConcurrentGCThread "G1 Refine#1" [stack: 0x00007f7ab0100000,0x00007f7ab0200000] [id=2384]
  0x00007f7acc08b200 ConcurrentGCThread "G1 Service" [stack: 0x00007f7ad07a0000,0x00007f7ad08a0000] [id=2368]

Threads with active compile tasks:
C2 CompilerThread0  168208 25685       4       com.android.tools.r8.internal.f40::a (496 bytes)

VM state: at safepoint (normal execution)

VM Mutex/Monitor currently owned by a thread:  ([mutex/lock_event])
[0x00007f7acc017b70] Threads_lock - owner thread: 0x00007f7acc0b29d0
[0x00007f7acc018320] Heap_lock - owner thread: 0x00007f7a9e3a8480

Heap address: 0x00000000b0000000, size: 1280 MB, Compressed Oops mode: 32-bit

CDS archive(s) mapped at: [0x00007f7a74000000-0x00007f7a74bca000-0x00007f7a74bca000), size 12361728, SharedBaseAddress: 0x00007f7a74000000, ArchiveRelocationMode: 1.
Compressed class space mapped at: 0x00007f7a75000000-0x00007f7a9c000000, reserved size: 654311424
Narrow klass base: 0x00007f7a74000000, Narrow klass shift: 0, Narrow klass range: 0x100000000

GC Precious Log:
 CPUs: 2 total, 2 available
 Memory: 2048M
 Large Page Support: Disabled
 NUMA Support: Disabled
 Compressed Oops: Enabled (32-bit)
 Heap Region Size: 1M
 Heap Min Capacity: 8M
 Heap Initial Capacity: 32M
 Heap Max Capacity: 1280M
 Pre-touch: Disabled
 Parallel Workers: 2
 Concurrent Workers: 1
 Concurrent Refinement Workers: 2
 Periodic GC: Disabled

Heap:
 garbage-first heap   total 399360K, used 224692K [0x00000000b0000000, 0x0000000100000000)
  region size 1024K, 19 young (19456K), 19 survivors (19456K)
 Metaspace       used 136323K, committed 137280K, reserved 770048K
  class space    used 18589K, committed 19008K, reserved 638976K

Heap Regions: E=young(eden), S=young(survivor), O=old, HS=humongous(starts), HC=humongous(continues), CS=collection set, F=free, OA=open archive, CA=closed archive, TAMS=top-at-mark-start (previous, next)
|   0|0x00000000b0000000, 0x00000000b0100000, 0x00000000b0100000|100%|HS|  |TAMS 0x00000000b0100000, 0x00000000b0100000| Complete 
|   1|0x00000000b0100000, 0x00000000b0200000, 0x00000000b0200000|100%|HC|  |TAMS 0x00000000b0200000, 0x00000000b0200000| Complete 
|   2|0x00000000b0200000, 0x00000000b0300000, 0x00000000b0300000|100%|HC|  |TAMS 0x00000000b0300000, 0x00000000b0300000| Complete 
|   3|0x00000000b0300000, 0x00000000b0400000, 0x00000000b0400000|100%| O|  |TAMS 0x00000000b0400000, 0x00000000b0400000| Untracked 
|   4|0x00000000b0400000, 0x00000000b0500000, 0x00000000b0500000|100%| O|  |TAMS 0x00000000b0500000, 0x00000000b0500000| Untracked 
|   5|0x00000000b0500000, 0x00000000b0600000, 0x00000000b0600000|100%| O|  |TAMS 0x00000000b0600000, 0x00000000b0600000| Untracked 
|   6|0x00000000b0600000, 0x00000000b0700000, 0x00000000b0700000|100%| O|  |TAMS 0x00000000b0700000, 0x00000000b0700000| Untracked 
|   7|0x00000000b0700000, 0x00000000b0800000, 0x00000000b0800000|100%| O|  |TAMS 0x00000000b0800000, 0x00000000b0800000| Untracked 
|   8|0x00000000b0800000, 0x00000000b0900000, 0x00000000b0900000|100%| O|  |TAMS 0x00000000b0900000, 0x00000000b0900000| Untracked 
|   9|0x00000000b0900000, 0x00000000b0a00000, 0x00000000b0a00000|100%| O|  |TAMS 0x00000000b0a00000, 0x00000000b0a00000| Untracked 
|  10|0x00000000b0a00000, 0x00000000b0b00000, 0x00000000b0b00000|100%|HS|  |TAMS 0x00000000b0b00000, 0x00000000b0b00000| Complete 
|  11|0x00000000b0b00000, 0x00000000b0c00000, 0x00000000b0c00000|100%| O|  |TAMS 0x00000000b0c00000, 0x00000000b0c00000| Untracked 
|  12|0x00000000b0c00000, 0x00000000b0d00000, 0x00000000b0d00000|100%| O|  |TAMS 0x00000000b0d00000, 0x00000000b0d00000| Untracked 
|  13|0x00000000b0d00000, 0x00000000b0e00000, 0x00000000b0e00000|100%| O|  |TAMS 0x00000000b0e00000, 0x00000000b0e00000| Untracked 
|  14|0x00000000b0e00000, 0x00000000b0f00000, 0x00000000b0f00000|100%| O|  |TAMS 0x00000000b0f00000, 0x00000000b0f00000| Untracked 
|  15|0x00000000b0f00000, 0x00000000b1000000, 0x00000000b1000000|100%| O|  |TAMS 0x00000000b1000000, 0x00000000b1000000| Untracked 
|  16|0x00000000b1000000, 0x00000000b1100000, 0x00000000b1100000|100%| O|  |TAMS 0x00000000b1100000, 0x00000000b1100000| Untracked 
|  17|0x00000000b1100000, 0x00000000b1200000, 0x00000000b1200000|100%| O|  |TAMS 0x00000000b1200000, 0x00000000b1200000| Untracked 
|  18|0x00000000b1200000, 0x00000000b1300000, 0x00000000b1300000|100%| O|  |TAMS 0x00000000b1300000, 0x00000000b1300000| Untracked 
|  19|0x00000000b1300000, 0x00000000b1400000, 0x00000000b1400000|100%| O|  |TAMS 0x00000000b1400000, 0x00000000b1400000| Untracked 
|  20|0x00000000b1400000, 0x00000000b1500000, 0x00000000b1500000|100%| O|  |TAMS 0x00000000b1500000, 0x00000000b1500000| Untracked 
|  21|0x00000000b1500000, 0x00000000b1600000, 0x00000000b1600000|100%| O|  |TAMS 0x00000000b1600000, 0x00000000b1600000| Untracked 
|  22|0x00000000b1600000, 0x00000000b1700000, 0x00000000b1700000|100%| O|  |TAMS 0x00000000b1700000, 0x00000000b1700000| Untracked 
|  23|0x00000000b1700000, 0x00000000b1800000, 0x00000000b1800000|100%| O|  |TAMS 0x00000000b1800000, 0x00000000b1800000| Untracked 
|  24|0x00000000b1800000, 0x00000000b1900000, 0x00000000b1900000|100%| O|  |TAMS 0x00000000b1900000, 0x00000000b1900000| Untracked 
|  25|0x00000000b1900000, 0x00000000b1a00000, 0x00000000b1a00000|100%| O|  |TAMS 0x00000000b1a00000, 0x00000000b1a00000| Untracked 
|  26|0x00000000b1a00000, 0x00000000b1b00000, 0x00000000b1b00000|100%| O|  |TAMS 0x00000000b1b00000, 0x00000000b1b00000| Untracked 
|  27|0x00000000b1b00000, 0x00000000b1c00000, 0x00000000b1c00000|100%| O|  |TAMS 0x00000000b1c00000, 0x00000000b1c00000| Untracked 
|  28|0x00000000b1c00000, 0x00000000b1d00000, 0x00000000b1d00000|100%| O|  |TAMS 0x00000000b1d00000, 0x00000000b1d00000| Untracked 
|  29|0x00000000b1d00000, 0x00000000b1e00000, 0x00000000b1e00000|100%| O|  |TAMS 0x00000000b1e00000, 0x00000000b1e00000| Untracked 
|  30|0x00000000b1e00000, 0x00000000b1f00000, 0x00000000b1f00000|100%| O|  |TAMS 0x00000000b1f00000, 0x00000000b1f00000| Untracked 
|  31|0x00000000b1f00000, 0x00000000b2000000, 0x00000000b2000000|100%| O|  |TAMS 0x00000000b2000000, 0x00000000b2000000| Untracked 
|  32|0x00000000b2000000, 0x00000000b2100000, 0x00000000b2100000|100%| O|  |TAMS 0x00000000b2100000, 0x00000000b2100000| Untracked 
|  33|0x00000000b2100000, 0x00000000b2200000, 0x00000000b2200000|100%| O|  |TAMS 0x00000000b2200000, 0x00000000b2200000| Untracked 
|  34|0x00000000b2200000, 0x00000000b2300000, 0x00000000b2300000|100%| O|  |TAMS 0x00000000b2300000, 0x00000000b2300000| Untracked 
|  35|0x00000000b2300000, 0x00000000b2400000, 0x00000000b2400000|100%| O|  |TAMS 0x00000000b2400000, 0x00000000b2400000| Untracked 
|  36|0x00000000b2400000, 0x00000000b2500000, 0x00000000b2500000|100%| O|  |TAMS 0x00000000b2500000, 0x00000000b2500000| Untracked 
|  37|0x00000000b2500000, 0x00000000b2600000, 0x00000000b2600000|100%| O|  |TAMS 0x00000000b2600000, 0x00000000b2600000| Untracked 
|  38|0x00000000b2600000, 0x00000000b2700000, 0x00000000b2700000|100%| O|  |TAMS 0x00000000b2700000, 0x00000000b2700000| Untracked 
|  39|0x00000000b2700000, 0x00000000b2800000, 0x00000000b2800000|100%| O|  |TAMS 0x00000000b2800000, 0x00000000b2800000| Untracked 
|  40|0x00000000b2800000, 0x00000000b2900000, 0x00000000b2900000|100%|HS|  |TAMS 0x00000000b2900000, 0x00000000b2900000| Complete 
|  41|0x00000000b2900000, 0x00000000b2a00000, 0x00000000b2a00000|100%|HS|  |TAMS 0x00000000b2a00000, 0x00000000b2a00000| Complete 
|  42|0x00000000b2a00000, 0x00000000b2b00000, 0x00000000b2b00000|100%| O|  |TAMS 0x00000000b2b00000, 0x00000000b2b00000| Untracked 
|  43|0x00000000b2b00000, 0x00000000b2c00000, 0x00000000b2c00000|100%|HS|  |TAMS 0x00000000b2c00000, 0x00000000b2c00000| Complete 
|  44|0x00000000b2c00000, 0x00000000b2d00000, 0x00000000b2d00000|100%|HC|  |TAMS 0x00000000b2d00000, 0x00000000b2d00000| Complete 
|  45|0x00000000b2d00000, 0x00000000b2e00000, 0x00000000b2e00000|100%|HS|  |TAMS 0x00000000b2e00000, 0x00000000b2e00000| Complete 
|  46|0x00000000b2e00000, 0x00000000b2f00000, 0x00000000b2f00000|100%|HC|  |TAMS 0x00000000b2f00000, 0x00000000b2f00000| Complete 
|  47|0x00000000b2f00000, 0x00000000b3000000, 0x00000000b3000000|100%| O|  |TAMS 0x00000000b3000000, 0x00000000b3000000| Untracked 
|  48|0x00000000b3000000, 0x00000000b3100000, 0x00000000b3100000|100%| O|  |TAMS 0x00000000b3100000, 0x00000000b3100000| Untracked 
|  49|0x00000000b3100000, 0x00000000b3200000, 0x00000000b3200000|100%|HS|  |TAMS 0x00000000b3200000, 0x00000000b3200000| Complete 
|  50|0x00000000b3200000, 0x00000000b3300000, 0x00000000b3300000|100%|HS|  |TAMS 0x00000000b3300000, 0x00000000b3300000| Complete 
|  51|0x00000000b3300000, 0x00000000b3400000, 0x00000000b3400000|100%| O|  |TAMS 0x00000000b3400000, 0x00000000b3400000| Untracked 
|  52|0x00000000b3400000, 0x00000000b3500000, 0x00000000b3500000|100%|HS|  |TAMS 0x00000000b3500000, 0x00000000b3500000| Complete 
|  53|0x00000000b3500000, 0x00000000b3600000, 0x00000000b3600000|100%| O|  |TAMS 0x00000000b3600000, 0x00000000b3600000| Untracked 
|  54|0x00000000b3600000, 0x00000000b3700000, 0x00000000b3700000|100%| O|  |TAMS 0x00000000b3700000, 0x00000000b3700000| Untracked 
|  55|0x00000000b3700000, 0x00000000b3800000, 0x00000000b3800000|100%| O|  |TAMS 0x00000000b3800000, 0x00000000b3800000| Untracked 
|  56|0x00000000b3800000, 0x00000000b3900000, 0x00000000b3900000|100%| O|  |TAMS 0x00000000b3900000, 0x00000000b3900000| Untracked 
|  57|0x00000000b3900000, 0x00000000b3a00000, 0x00000000b3a00000|100%| O|  |TAMS 0x00000000b3a00000, 0x00000000b3a00000| Untracked 
|  58|0x00000000b3a00000, 0x00000000b3b00000, 0x00000000b3b00000|100%|HS|  |TAMS 0x00000000b3b00000, 0x00000000b3b00000| Complete 
|  59|0x00000000b3b00000, 0x00000000b3c00000, 0x00000000b3c00000|100%| O|  |TAMS 0x00000000b3c00000, 0x00000000b3c00000| Untracked 
|  60|0x00000000b3c00000, 0x00000000b3d00000, 0x00000000b3d00000|100%| O|  |TAMS 0x00000000b3d00000, 0x00000000b3d00000| Untracked 
|  61|0x00000000b3d00000, 0x00000000b3e00000, 0x00000000b3e00000|100%| O|  |TAMS 0x00000000b3e00000, 0x00000000b3e00000| Untracked 
|  62|0x00000000b3e00000, 0x00000000b3f00000, 0x00000000b3f00000|100%| O|  |TAMS 0x00000000b3f00000, 0x00000000b3f00000| Untracked 
|  63|0x00000000b3f00000, 0x00000000b4000000, 0x00000000b4000000|100%| O|  |TAMS 0x00000000b4000000, 0x00000000b4000000| Untracked 
|  64|0x00000000b4000000, 0x00000000b4100000, 0x00000000b4100000|100%| O|  |TAMS 0x00000000b4100000, 0x00000000b4100000| Untracked 
|  65|0x00000000b4100000, 0x00000000b4200000, 0x00000000b4200000|100%|HS|  |TAMS 0x00000000b4200000, 0x00000000b4200000| Complete 
|  66|0x00000000b4200000, 0x00000000b4300000, 0x00000000b4300000|100%| O|  |TAMS 0x00000000b4300000, 0x00000000b4300000| Untracked 
|  67|0x00000000b4300000, 0x00000000b4400000, 0x00000000b4400000|100%| O|  |TAMS 0x00000000b4400000, 0x00000000b4400000| Untracked 
|  68|0x00000000b4400000, 0x00000000b4500000, 0x00000000b4500000|100%| O|  |TAMS 0x00000000b4500000, 0x00000000b4500000| Untracked 
|  69|0x00000000b4500000, 0x00000000b4600000, 0x00000000b4600000|100%| O|  |TAMS 0x00000000b4600000, 0x00000000b4600000| Untracked 
|  70|0x00000000b4600000, 0x00000000b4700000, 0x00000000b4700000|100%| O|  |TAMS 0x00000000b4700000, 0x00000000b4700000| Untracked 
|  71|0x00000000b4700000, 0x00000000b4800000, 0x00000000b4800000|100%| O|  |TAMS 0x00000000b4800000, 0x00000000b4800000| Untracked 
|  72|0x00000000b4800000, 0x00000000b4900000, 0x00000000b4900000|100%| O|  |TAMS 0x00000000b4900000, 0x00000000b4900000| Untracked 
|  73|0x00000000b4900000, 0x00000000b4a00000, 0x00000000b4a00000|100%| O|  |TAMS 0x00000000b4a00000, 0x00000000b4a00000| Untracked 
|  74|0x00000000b4a00000, 0x00000000b4b00000, 0x00000000b4b00000|100%| O|  |TAMS 0x00000000b4b00000, 0x00000000b4b00000| Untracked 
|  75|0x00000000b4b00000, 0x00000000b4c00000, 0x00000000b4c00000|100%| O|  |TAMS 0x00000000b4c00000, 0x00000000b4c00000| Untracked 
|  76|0x00000000b4c00000, 0x00000000b4d00000, 0x00000000b4d00000|100%| O|  |TAMS 0x00000000b4d00000, 0x00000000b4d00000| Untracked 
|  77|0x00000000b4d00000, 0x00000000b4e00000, 0x00000000b4e00000|100%| O|  |TAMS 0x00000000b4e00000, 0x00000000b4e00000| Untracked 
|  78|0x00000000b4e00000, 0x00000000b4f00000, 0x00000000b4f00000|100%| O|  |TAMS 0x00000000b4f00000, 0x00000000b4f00000| Untracked 
|  79|0x00000000b4f00000, 0x00000000b5000000, 0x00000000b5000000|100%| O|  |TAMS 0x00000000b5000000, 0x00000000b5000000| Untracked 
|  80|0x00000000b5000000, 0x00000000b5100000, 0x00000000b5100000|100%| O|  |TAMS 0x00000000b5100000, 0x00000000b5100000| Untracked 
|  81|0x00000000b5100000, 0x00000000b5200000, 0x00000000b5200000|100%| O|  |TAMS 0x00000000b5200000, 0x00000000b5200000| Untracked 
|  82|0x00000000b5200000, 0x00000000b5300000, 0x00000000b5300000|100%| O|  |TAMS 0x00000000b5300000, 0x00000000b5300000| Untracked 
|  83|0x00000000b5300000, 0x00000000b5400000, 0x00000000b5400000|100%| O|  |TAMS 0x00000000b5400000, 0x00000000b5400000| Untracked 
|  84|0x00000000b5400000, 0x00000000b5500000, 0x00000000b5500000|100%| O|  |TAMS 0x00000000b5500000, 0x00000000b5500000| Untracked 
|  85|0x00000000b5500000, 0x00000000b5600000, 0x00000000b5600000|100%| O|  |TAMS 0x00000000b5600000, 0x00000000b5600000| Untracked 
|  86|0x00000000b5600000, 0x00000000b5700000, 0x00000000b5700000|100%| O|  |TAMS 0x00000000b5700000, 0x00000000b5700000| Untracked 
|  87|0x00000000b5700000, 0x00000000b5800000, 0x00000000b5800000|100%| O|  |TAMS 0x00000000b5800000, 0x00000000b5800000| Untracked 
|  88|0x00000000b5800000, 0x00000000b5900000, 0x00000000b5900000|100%| O|  |TAMS 0x00000000b5900000, 0x00000000b5900000| Untracked 
|  89|0x00000000b5900000, 0x00000000b5a00000, 0x00000000b5a00000|100%| O|  |TAMS 0x00000000b5a00000, 0x00000000b5a00000| Untracked 
|  90|0x00000000b5a00000, 0x00000000b5b00000, 0x00000000b5b00000|100%| O|  |TAMS 0x00000000b5b00000, 0x00000000b5b00000| Untracked 
|  91|0x00000000b5b00000, 0x00000000b5c00000, 0x00000000b5c00000|100%| O|  |TAMS 0x00000000b5c00000, 0x00000000b5c00000| Untracked 
|  92|0x00000000b5c00000, 0x00000000b5d00000, 0x00000000b5d00000|100%| O|  |TAMS 0x00000000b5d00000, 0x00000000b5d00000| Untracked 
|  93|0x00000000b5d00000, 0x00000000b5e00000, 0x00000000b5e00000|100%| O|  |TAMS 0x00000000b5e00000, 0x00000000b5e00000| Untracked 
|  94|0x00000000b5e00000, 0x00000000b5f00000, 0x00000000b5f00000|100%| O|  |TAMS 0x00000000b5f00000, 0x00000000b5f00000| Untracked 
|  95|0x00000000b5f00000, 0x00000000b6000000, 0x00000000b6000000|100%| O|  |TAMS 0x00000000b6000000, 0x00000000b6000000| Untracked 
|  96|0x00000000b6000000, 0x00000000b6100000, 0x00000000b6100000|100%| O|  |TAMS 0x00000000b6100000, 0x00000000b6100000| Untracked 
|  97|0x00000000b6100000, 0x00000000b6200000, 0x00000000b6200000|100%| O|  |TAMS 0x00000000b6200000, 0x00000000b6200000| Untracked 
|  98|0x00000000b6200000, 0x00000000b6300000, 0x00000000b6300000|100%| O|  |TAMS 0x00000000b6300000, 0x00000000b6300000| Untracked 
|  99|0x00000000b6300000, 0x00000000b6400000, 0x00000000b6400000|100%| O|  |TAMS 0x00000000b6400000, 0x00000000b6400000| Untracked 
| 100|0x00000000b6400000, 0x00000000b6500000, 0x00000000b6500000|100%| O|  |TAMS 0x00000000b6500000, 0x00000000b6500000| Untracked 
| 101|0x00000000b6500000, 0x00000000b6600000, 0x00000000b6600000|100%| O|  |TAMS 0x00000000b6600000, 0x00000000b6600000| Untracked 
| 102|0x00000000b6600000, 0x00000000b6700000, 0x00000000b6700000|100%| O|  |TAMS 0x00000000b6700000, 0x00000000b6700000| Untracked 
| 103|0x00000000b6700000, 0x00000000b6800000, 0x00000000b6800000|100%| O|  |TAMS 0x00000000b6800000, 0x00000000b6800000| Untracked 
| 104|0x00000000b6800000, 0x00000000b6900000, 0x00000000b6900000|100%| O|  |TAMS 0x00000000b6900000, 0x00000000b6900000| Untracked 
| 105|0x00000000b6900000, 0x00000000b6a00000, 0x00000000b6a00000|100%| O|  |TAMS 0x00000000b6a00000, 0x00000000b6a00000| Untracked 
| 106|0x00000000b6a00000, 0x00000000b6b00000, 0x00000000b6b00000|100%| O|  |TAMS 0x00000000b6b00000, 0x00000000b6b00000| Untracked 
| 107|0x00000000b6b00000, 0x00000000b6c00000, 0x00000000b6c00000|100%| O|  |TAMS 0x00000000b6c00000, 0x00000000b6c00000| Untracked 
| 108|0x00000000b6c00000, 0x00000000b6d00000, 0x00000000b6d00000|100%| O|  |TAMS 0x00000000b6d00000, 0x00000000b6d00000| Untracked 
| 109|0x00000000b6d00000, 0x00000000b6e00000, 0x00000000b6e00000|100%| O|  |TAMS 0x00000000b6e00000, 0x00000000b6e00000| Untracked 
| 110|0x00000000b6e00000, 0x00000000b6f00000, 0x00000000b6f00000|100%| O|  |TAMS 0x00000000b6f00000, 0x00000000b6f00000| Untracked 
| 111|0x00000000b6f00000, 0x00000000b7000000, 0x00000000b7000000|100%| O|  |TAMS 0x00000000b7000000, 0x00000000b7000000| Untracked 
| 112|0x00000000b7000000, 0x00000000b7100000, 0x00000000b7100000|100%| O|  |TAMS 0x00000000b7100000, 0x00000000b7100000| Untracked 
| 113|0x00000000b7100000, 0x00000000b7200000, 0x00000000b7200000|100%| O|  |TAMS 0x00000000b7200000, 0x00000000b7200000| Untracked 
| 114|0x00000000b7200000, 0x00000000b7300000, 0x00000000b7300000|100%| O|  |TAMS 0x00000000b7300000, 0x00000000b7300000| Untracked 
| 115|0x00000000b7300000, 0x00000000b7400000, 0x00000000b7400000|100%| O|  |TAMS 0x00000000b7400000, 0x00000000b7400000| Untracked 
| 116|0x00000000b7400000, 0x00000000b7500000, 0x00000000b7500000|100%| O|  |TAMS 0x00000000b7500000, 0x00000000b7500000| Untracked 
| 117|0x00000000b7500000, 0x00000000b7600000, 0x00000000b7600000|100%| O|  |TAMS 0x00000000b7600000, 0x00000000b7600000| Untracked 
| 118|0x00000000b7600000, 0x00000000b7700000, 0x00000000b7700000|100%| O|  |TAMS 0x00000000b7700000, 0x00000000b7700000| Untracked 
| 119|0x00000000b7700000, 0x00000000b7800000, 0x00000000b7800000|100%| O|  |TAMS 0x00000000b7800000, 0x00000000b7800000| Untracked 
| 120|0x00000000b7800000, 0x00000000b7900000, 0x00000000b7900000|100%| O|  |TAMS 0x00000000b7900000, 0x00000000b7900000| Untracked 
| 121|0x00000000b7900000, 0x00000000b7a00000, 0x00000000b7a00000|100%| O|  |TAMS 0x00000000b7a00000, 0x00000000b7a00000| Untracked 
| 122|0x00000000b7a00000, 0x00000000b7b00000, 0x00000000b7b00000|100%| O|  |TAMS 0x00000000b7b00000, 0x00000000b7b00000| Untracked 
| 123|0x00000000b7b00000, 0x00000000b7c00000, 0x00000000b7c00000|100%| O|  |TAMS 0x00000000b7c00000, 0x00000000b7c00000| Untracked 
| 124|0x00000000b7c00000, 0x00000000b7d00000, 0x00000000b7d00000|100%| O|  |TAMS 0x00000000b7d00000, 0x00000000b7d00000| Untracked 
| 125|0x00000000b7d00000, 0x00000000b7e00000, 0x00000000b7e00000|100%| O|  |TAMS 0x00000000b7e00000, 0x00000000b7e00000| Untracked 
| 126|0x00000000b7e00000, 0x00000000b7f00000, 0x00000000b7f00000|100%| O|  |TAMS 0x00000000b7f00000, 0x00000000b7f00000| Untracked 
| 127|0x00000000b7f00000, 0x00000000b8000000, 0x00000000b8000000|100%| O|  |TAMS 0x00000000b8000000, 0x00000000b8000000| Untracked 
| 128|0x00000000b8000000, 0x00000000b8100000, 0x00000000b8100000|100%| O|  |TAMS 0x00000000b8100000, 0x00000000b8100000| Untracked 
| 129|0x00000000b8100000, 0x00000000b8200000, 0x00000000b8200000|100%| O|  |TAMS 0x00000000b8200000, 0x00000000b8200000| Untracked 
| 130|0x00000000b8200000, 0x00000000b8300000, 0x00000000b8300000|100%| O|  |TAMS 0x00000000b8300000, 0x00000000b8300000| Untracked 
| 131|0x00000000b8300000, 0x00000000b8400000, 0x00000000b8400000|100%| O|  |TAMS 0x00000000b8400000, 0x00000000b8400000| Untracked 
| 132|0x00000000b8400000, 0x00000000b8500000, 0x00000000b8500000|100%| O|  |TAMS 0x00000000b8500000, 0x00000000b8500000| Untracked 
| 133|0x00000000b8500000, 0x00000000b8600000, 0x00000000b8600000|100%| O|  |TAMS 0x00000000b8600000, 0x00000000b8600000| Untracked 
| 134|0x00000000b8600000, 0x00000000b8700000, 0x00000000b8700000|100%| O|  |TAMS 0x00000000b8700000, 0x00000000b8700000| Untracked 
| 135|0x00000000b8700000, 0x00000000b8800000, 0x00000000b8800000|100%| O|  |TAMS 0x00000000b8800000, 0x00000000b8800000| Untracked 
| 136|0x00000000b8800000, 0x00000000b8900000, 0x00000000b8900000|100%| O|  |TAMS 0x00000000b8900000, 0x00000000b8900000| Untracked 
| 137|0x00000000b8900000, 0x00000000b8a00000, 0x00000000b8a00000|100%| O|  |TAMS 0x00000000b8a00000, 0x00000000b8a00000| Untracked 
| 138|0x00000000b8a00000, 0x00000000b8b00000, 0x00000000b8b00000|100%| O|  |TAMS 0x00000000b8b00000, 0x00000000b8b00000| Untracked 
| 139|0x00000000b8b00000, 0x00000000b8c00000, 0x00000000b8c00000|100%| O|  |TAMS 0x00000000b8c00000, 0x00000000b8c00000| Untracked 
| 140|0x00000000b8c00000, 0x00000000b8d00000, 0x00000000b8d00000|100%| O|  |TAMS 0x00000000b8d00000, 0x00000000b8d00000| Untracked 
| 141|0x00000000b8d00000, 0x00000000b8e00000, 0x00000000b8e00000|100%| O|  |TAMS 0x00000000b8e00000, 0x00000000b8e00000| Untracked 
| 142|0x00000000b8e00000, 0x00000000b8f00000, 0x00000000b8f00000|100%| O|  |TAMS 0x00000000b8f00000, 0x00000000b8f00000| Untracked 
| 143|0x00000000b8f00000, 0x00000000b9000000, 0x00000000b9000000|100%| O|  |TAMS 0x00000000b8f00000, 0x00000000b9000000| Untracked 
| 144|0x00000000b9000000, 0x00000000b9100000, 0x00000000b9100000|100%| O|  |TAMS 0x00000000b9100000, 0x00000000b9100000| Untracked 
| 145|0x00000000b9100000, 0x00000000b9200000, 0x00000000b9200000|100%| O|  |TAMS 0x00000000b9100000, 0x00000000b9100000| Untracked 
| 146|0x00000000b9200000, 0x00000000b9300000, 0x00000000b9300000|100%| O|  |TAMS 0x00000000b9200000, 0x00000000b9300000| Untracked 
| 147|0x00000000b9300000, 0x00000000b9400000, 0x00000000b9400000|100%| O|  |TAMS 0x00000000b9300000, 0x00000000b9400000| Untracked 
| 148|0x00000000b9400000, 0x00000000b9500000, 0x00000000b9500000|100%| O|  |TAMS 0x00000000b9400000, 0x00000000b9500000| Untracked 
| 149|0x00000000b9500000, 0x00000000b9600000, 0x00000000b9600000|100%| O|  |TAMS 0x00000000b9600000, 0x00000000b9600000| Untracked 
| 150|0x00000000b9600000, 0x00000000b9700000, 0x00000000b9700000|100%| O|  |TAMS 0x00000000b9600000, 0x00000000b9700000| Untracked 
| 151|0x00000000b9700000, 0x00000000b9800000, 0x00000000b9800000|100%| O|  |TAMS 0x00000000b9700000, 0x00000000b9700000| Untracked 
| 152|0x00000000b9800000, 0x00000000b9900000, 0x00000000b9900000|100%| O|  |TAMS 0x00000000b9900000, 0x00000000b9900000| Untracked 
| 153|0x00000000b9900000, 0x00000000b9a00000, 0x00000000b9a00000|100%| O|  |TAMS 0x00000000b9900000, 0x00000000b9a00000| Untracked 
| 154|0x00000000b9a00000, 0x00000000b9b00000, 0x00000000b9b00000|100%| O|  |TAMS 0x00000000b9a00000, 0x00000000b9a00000| Untracked 
| 155|0x00000000b9b00000, 0x00000000b9c00000, 0x00000000b9c00000|100%| O|  |TAMS 0x00000000b9b00000, 0x00000000b9c00000| Untracked 
| 156|0x00000000b9c00000, 0x00000000b9d00000, 0x00000000b9d00000|100%| O|  |TAMS 0x00000000b9c00000, 0x00000000b9c00000| Untracked 
| 157|0x00000000b9d00000, 0x00000000b9e00000, 0x00000000b9e00000|100%| O|  |TAMS 0x00000000b9e00000, 0x00000000b9e00000| Untracked 
| 158|0x00000000b9e00000, 0x00000000b9f00000, 0x00000000b9f00000|100%| O|  |TAMS 0x00000000b9f00000, 0x00000000b9f00000| Untracked 
| 159|0x00000000b9f00000, 0x00000000ba000000, 0x00000000ba000000|100%| O|  |TAMS 0x00000000ba000000, 0x00000000ba000000| Untracked 
| 160|0x00000000ba000000, 0x00000000ba100000, 0x00000000ba100000|100%| O|  |TAMS 0x00000000ba100000, 0x00000000ba100000| Untracked 
| 161|0x00000000ba100000, 0x00000000ba200000, 0x00000000ba200000|100%| O|  |TAMS 0x00000000ba200000, 0x00000000ba200000| Untracked 
| 162|0x00000000ba200000, 0x00000000ba300000, 0x00000000ba300000|100%| O|  |TAMS 0x00000000ba200000, 0x00000000ba200000| Untracked 
| 163|0x00000000ba300000, 0x00000000ba400000, 0x00000000ba400000|100%| O|  |TAMS 0x00000000ba400000, 0x00000000ba400000| Untracked 
| 164|0x00000000ba400000, 0x00000000ba500000, 0x00000000ba500000|100%| O|  |TAMS 0x00000000ba500000, 0x00000000ba500000| Untracked 
| 165|0x00000000ba500000, 0x00000000ba600000, 0x00000000ba600000|100%| O|  |TAMS 0x00000000ba600000, 0x00000000ba600000| Untracked 
| 166|0x00000000ba600000, 0x00000000ba700000, 0x00000000ba700000|100%| O|  |TAMS 0x00000000ba700000, 0x00000000ba700000| Untracked 
| 167|0x00000000ba700000, 0x00000000ba800000, 0x00000000ba800000|100%| O|  |TAMS 0x00000000ba800000, 0x00000000ba800000| Untracked 
| 168|0x00000000ba800000, 0x00000000ba900000, 0x00000000ba900000|100%| O|  |TAMS 0x00000000ba900000, 0x00000000ba900000| Untracked 
| 169|0x00000000ba900000, 0x00000000baa00000, 0x00000000baa00000|100%| O|  |TAMS 0x00000000baa00000, 0x00000000baa00000| Untracked 
| 170|0x00000000baa00000, 0x00000000bab00000, 0x00000000bab00000|100%| O|  |TAMS 0x00000000bab00000, 0x00000000bab00000| Untracked 
| 171|0x00000000bab00000, 0x00000000bac00000, 0x00000000bac00000|100%| O|  |TAMS 0x00000000bac00000, 0x00000000bac00000| Untracked 
| 172|0x00000000bac00000, 0x00000000bad00000, 0x00000000bad00000|100%| O|  |TAMS 0x00000000bad00000, 0x00000000bad00000| Untracked 
| 173|0x00000000bad00000, 0x00000000bae00000, 0x00000000bae00000|100%| O|  |TAMS 0x00000000bae00000, 0x00000000bae00000| Untracked 
| 174|0x00000000bae00000, 0x00000000baf00000, 0x00000000baf00000|100%| O|  |TAMS 0x00000000baf00000, 0x00000000baf00000| Untracked 
| 175|0x00000000baf00000, 0x00000000bb000000, 0x00000000bb000000|100%| O|  |TAMS 0x00000000bb000000, 0x00000000bb000000| Untracked 
| 176|0x00000000bb000000, 0x00000000bb100000, 0x00000000bb100000|100%| O|  |TAMS 0x00000000bb100000, 0x00000000bb100000| Untracked 
| 177|0x00000000bb100000, 0x00000000bb200000, 0x00000000bb200000|100%| O|  |TAMS 0x00000000bb200000, 0x00000000bb200000| Untracked 
| 178|0x00000000bb200000, 0x00000000bb300000, 0x00000000bb300000|100%| O|  |TAMS 0x00000000bb300000, 0x00000000bb300000| Untracked 
| 179|0x00000000bb300000, 0x00000000bb400000, 0x00000000bb400000|100%| O|  |TAMS 0x00000000bb400000, 0x00000000bb400000| Untracked 
| 180|0x00000000bb400000, 0x00000000bb500000, 0x00000000bb500000|100%| O|  |TAMS 0x00000000bb500000, 0x00000000bb500000| Untracked 
| 181|0x00000000bb500000, 0x00000000bb600000, 0x00000000bb600000|100%| O|  |TAMS 0x00000000bb600000, 0x00000000bb600000| Untracked 
| 182|0x00000000bb600000, 0x00000000bb700000, 0x00000000bb700000|100%| O|  |TAMS 0x00000000bb700000, 0x00000000bb700000| Untracked 
| 183|0x00000000bb700000, 0x00000000bb800000, 0x00000000bb800000|100%| O|  |TAMS 0x00000000bb800000, 0x00000000bb800000| Untracked 
| 184|0x00000000bb800000, 0x00000000bb900000, 0x00000000bb900000|100%| O|  |TAMS 0x00000000bb900000, 0x00000000bb900000| Untracked 
| 185|0x00000000bb900000, 0x00000000bba00000, 0x00000000bba00000|100%| O|  |TAMS 0x00000000bba00000, 0x00000000bba00000| Untracked 
| 186|0x00000000bba00000, 0x00000000bbb00000, 0x00000000bbb00000|100%| O|  |TAMS 0x00000000bbb00000, 0x00000000bbb00000| Untracked 
| 187|0x00000000bbb00000, 0x00000000bbc00000, 0x00000000bbc00000|100%| O|  |TAMS 0x00000000bbb00000, 0x00000000bbb00000| Untracked 
| 188|0x00000000bbc00000, 0x00000000bbd00000, 0x00000000bbd00000|100%| O|  |TAMS 0x00000000bbc00000, 0x00000000bbc00000| Untracked 
| 189|0x00000000bbd00000, 0x00000000bbe00000, 0x00000000bbe00000|100%| O|  |TAMS 0x00000000bbd00000, 0x00000000bbe00000| Untracked 
| 190|0x00000000bbe00000, 0x00000000bbf00000, 0x00000000bbf00000|100%| O|  |TAMS 0x00000000bbe00000, 0x00000000bbf00000| Untracked 
| 191|0x00000000bbf00000, 0x00000000bc000000, 0x00000000bc000000|100%| O|  |TAMS 0x00000000bbf00000, 0x00000000bc000000| Untracked 
| 192|0x00000000bc000000, 0x00000000bc100000, 0x00000000bc100000|100%| O|  |TAMS 0x00000000bc000000, 0x00000000bc100000| Untracked 
| 193|0x00000000bc100000, 0x00000000bc200000, 0x00000000bc200000|100%| O|  |TAMS 0x00000000bc100000, 0x00000000bc15e600| Untracked 
| 194|0x00000000bc200000, 0x00000000bc300000, 0x00000000bc300000|100%| O|  |TAMS 0x00000000bc200000, 0x00000000bc200000| Untracked 
| 195|0x00000000bc300000, 0x00000000bc400000, 0x00000000bc400000|100%| O|  |TAMS 0x00000000bc300000, 0x00000000bc300000| Untracked 
| 196|0x00000000bc400000, 0x00000000bc500000, 0x00000000bc500000|100%| O|  |TAMS 0x00000000bc400000, 0x00000000bc400000| Untracked 
| 197|0x00000000bc500000, 0x00000000bc600000, 0x00000000bc600000|100%| O|  |TAMS 0x00000000bc500000, 0x00000000bc500000| Untracked 
| 198|0x00000000bc600000, 0x00000000bc700000, 0x00000000bc700000|100%| O|  |TAMS 0x00000000bc600000, 0x00000000bc600000| Untracked 
| 199|0x00000000bc700000, 0x00000000bc780000, 0x00000000bc800000| 50%| O|  |TAMS 0x00000000bc700000, 0x00000000bc700000| Untracked 
| 200|0x00000000bc800000, 0x00000000bc800000, 0x00000000bc900000|  0%| F|  |TAMS 0x00000000bc800000, 0x00000000bc800000| Untracked 
| 201|0x00000000bc900000, 0x00000000bc900000, 0x00000000bca00000|  0%| F|  |TAMS 0x00000000bc900000, 0x00000000bc900000| Untracked 
| 202|0x00000000bca00000, 0x00000000bca00000, 0x00000000bcb00000|  0%| F|  |TAMS 0x00000000bca00000, 0x00000000bca00000| Untracked 
| 203|0x00000000bcb00000, 0x00000000bcb00000, 0x00000000bcc00000|  0%| F|  |TAMS 0x00000000bcb00000, 0x00000000bcb00000| Untracked 
| 204|0x00000000bcc00000, 0x00000000bcc00000, 0x00000000bcd00000|  0%| F|  |TAMS 0x00000000bcc00000, 0x00000000bcc00000| Untracked 
| 205|0x00000000bcd00000, 0x00000000bcd00000, 0x00000000bce00000|  0%| F|  |TAMS 0x00000000bcd00000, 0x00000000bcd00000| Untracked 
| 206|0x00000000bce00000, 0x00000000bce00000, 0x00000000bcf00000|  0%| F|  |TAMS 0x00000000bce00000, 0x00000000bce00000| Untracked 
| 207|0x00000000bcf00000, 0x00000000bcf00000, 0x00000000bd000000|  0%| F|  |TAMS 0x00000000bcf00000, 0x00000000bcf00000| Untracked 
| 208|0x00000000bd000000, 0x00000000bd000000, 0x00000000bd100000|  0%| F|  |TAMS 0x00000000bd000000, 0x00000000bd000000| Untracked 
| 209|0x00000000bd100000, 0x00000000bd100000, 0x00000000bd200000|  0%| F|  |TAMS 0x00000000bd100000, 0x00000000bd100000| Untracked 
| 210|0x00000000bd200000, 0x00000000bd200000, 0x00000000bd300000|  0%| F|  |TAMS 0x00000000bd200000, 0x00000000bd200000| Untracked 
| 211|0x00000000bd300000, 0x00000000bd300000, 0x00000000bd400000|  0%| F|  |TAMS 0x00000000bd300000, 0x00000000bd300000| Untracked 
| 212|0x00000000bd400000, 0x00000000bd400000, 0x00000000bd500000|  0%| F|  |TAMS 0x00000000bd400000, 0x00000000bd400000| Untracked 
| 213|0x00000000bd500000, 0x00000000bd500000, 0x00000000bd600000|  0%| F|  |TAMS 0x00000000bd500000, 0x00000000bd500000| Untracked 
| 214|0x00000000bd600000, 0x00000000bd600000, 0x00000000bd700000|  0%| F|  |TAMS 0x00000000bd600000, 0x00000000bd600000| Untracked 
| 215|0x00000000bd700000, 0x00000000bd700000, 0x00000000bd800000|  0%| F|  |TAMS 0x00000000bd700000, 0x00000000bd700000| Untracked 
| 216|0x00000000bd800000, 0x00000000bd800000, 0x00000000bd900000|  0%| F|  |TAMS 0x00000000bd800000, 0x00000000bd800000| Untracked 
| 217|0x00000000bd900000, 0x00000000bd900000, 0x00000000bda00000|  0%| F|  |TAMS 0x00000000bd900000, 0x00000000bd900000| Untracked 
| 218|0x00000000bda00000, 0x00000000bda00000, 0x00000000bdb00000|  0%| F|  |TAMS 0x00000000bda00000, 0x00000000bda00000| Untracked 
| 219|0x00000000bdb00000, 0x00000000bdb00000, 0x00000000bdc00000|  0%| F|  |TAMS 0x00000000bdb00000, 0x00000000bdb00000| Untracked 
| 220|0x00000000bdc00000, 0x00000000bdd00000, 0x00000000bdd00000|100%| S|CS|TAMS 0x00000000bdc00000, 0x00000000bdc00000| Complete 
| 221|0x00000000bdd00000, 0x00000000bde00000, 0x00000000bde00000|100%| S|CS|TAMS 0x00000000bdd00000, 0x00000000bdd00000| Complete 
| 222|0x00000000bde00000, 0x00000000bdf00000, 0x00000000bdf00000|100%| S|CS|TAMS 0x00000000bde00000, 0x00000000bde00000| Complete 
| 223|0x00000000bdf00000, 0x00000000be000000, 0x00000000be000000|100%| S|CS|TAMS 0x00000000bdf00000, 0x00000000bdf00000| Complete 
| 224|0x00000000be000000, 0x00000000be100000, 0x00000000be100000|100%| S|CS|TAMS 0x00000000be000000, 0x00000000be000000| Complete 
| 225|0x00000000be100000, 0x00000000be200000, 0x00000000be200000|100%| S|CS|TAMS 0x00000000be100000, 0x00000000be100000| Complete 
| 226|0x00000000be200000, 0x00000000be300000, 0x00000000be300000|100%| S|CS|TAMS 0x00000000be200000, 0x00000000be200000| Complete 
| 227|0x00000000be300000, 0x00000000be400000, 0x00000000be400000|100%| S|CS|TAMS 0x00000000be300000, 0x00000000be300000| Complete 
| 228|0x00000000be400000, 0x00000000be500000, 0x00000000be500000|100%| S|CS|TAMS 0x00000000be400000, 0x00000000be400000| Complete 
| 229|0x00000000be500000, 0x00000000be600000, 0x00000000be600000|100%| S|CS|TAMS 0x00000000be500000, 0x00000000be500000| Complete 
| 230|0x00000000be600000, 0x00000000be700000, 0x00000000be700000|100%| S|CS|TAMS 0x00000000be600000, 0x00000000be600000| Complete 
| 231|0x00000000be700000, 0x00000000be800000, 0x00000000be800000|100%| S|CS|TAMS 0x00000000be700000, 0x00000000be700000| Complete 
| 232|0x00000000be800000, 0x00000000be900000, 0x00000000be900000|100%| S|CS|TAMS 0x00000000be800000, 0x00000000be800000| Complete 
| 233|0x00000000be900000, 0x00000000bea00000, 0x00000000bea00000|100%| S|CS|TAMS 0x00000000be900000, 0x00000000be900000| Complete 
| 234|0x00000000bea00000, 0x00000000beb00000, 0x00000000beb00000|100%| S|CS|TAMS 0x00000000bea00000, 0x00000000bea00000| Complete 
| 235|0x00000000beb00000, 0x00000000bec00000, 0x00000000bec00000|100%| S|CS|TAMS 0x00000000beb00000, 0x00000000beb00000| Complete 
| 236|0x00000000bec00000, 0x00000000bed00000, 0x00000000bed00000|100%| S|CS|TAMS 0x00000000bec00000, 0x00000000bec00000| Complete 
| 237|0x00000000bed00000, 0x00000000bee00000, 0x00000000bee00000|100%| S|CS|TAMS 0x00000000bed00000, 0x00000000bed00000| Complete 
| 238|0x00000000bee00000, 0x00000000bef00000, 0x00000000bef00000|100%| S|CS|TAMS 0x00000000bee00000, 0x00000000bee00000| Complete 
| 239|0x00000000bef00000, 0x00000000bef00000, 0x00000000bf000000|  0%| F|  |TAMS 0x00000000bef00000, 0x00000000bef00000| Untracked 
| 240|0x00000000bf000000, 0x00000000bf000000, 0x00000000bf100000|  0%| F|  |TAMS 0x00000000bf000000, 0x00000000bf000000| Untracked 
| 241|0x00000000bf100000, 0x00000000bf100000, 0x00000000bf200000|  0%| F|  |TAMS 0x00000000bf100000, 0x00000000bf100000| Untracked 
| 242|0x00000000bf200000, 0x00000000bf200000, 0x00000000bf300000|  0%| F|  |TAMS 0x00000000bf200000, 0x00000000bf200000| Untracked 
| 243|0x00000000bf300000, 0x00000000bf300000, 0x00000000bf400000|  0%| F|  |TAMS 0x00000000bf300000, 0x00000000bf300000| Untracked 
| 244|0x00000000bf400000, 0x00000000bf400000, 0x00000000bf500000|  0%| F|  |TAMS 0x00000000bf400000, 0x00000000bf400000| Untracked 
| 245|0x00000000bf500000, 0x00000000bf500000, 0x00000000bf600000|  0%| F|  |TAMS 0x00000000bf500000, 0x00000000bf500000| Untracked 
| 246|0x00000000bf600000, 0x00000000bf600000, 0x00000000bf700000|  0%| F|  |TAMS 0x00000000bf600000, 0x00000000bf600000| Untracked 
| 247|0x00000000bf700000, 0x00000000bf700000, 0x00000000bf800000|  0%| F|  |TAMS 0x00000000bf700000, 0x00000000bf700000| Untracked 
| 248|0x00000000bf800000, 0x00000000bf800000, 0x00000000bf900000|  0%| F|  |TAMS 0x00000000bf800000, 0x00000000bf800000| Untracked 
| 249|0x00000000bf900000, 0x00000000bf900000, 0x00000000bfa00000|  0%| F|  |TAMS 0x00000000bf900000, 0x00000000bf900000| Untracked 
| 250|0x00000000bfa00000, 0x00000000bfa00000, 0x00000000bfb00000|  0%| F|  |TAMS 0x00000000bfa00000, 0x00000000bfa00000| Untracked 
| 251|0x00000000bfb00000, 0x00000000bfb00000, 0x00000000bfc00000|  0%| F|  |TAMS 0x00000000bfb00000, 0x00000000bfb00000| Untracked 
| 252|0x00000000bfc00000, 0x00000000bfc00000, 0x00000000bfd00000|  0%| F|  |TAMS 0x00000000bfc00000, 0x00000000bfc00000| Untracked 
| 253|0x00000000bfd00000, 0x00000000bfd00000, 0x00000000bfe00000|  0%| F|  |TAMS 0x00000000bfd00000, 0x00000000bfd00000| Untracked 
| 254|0x00000000bfe00000, 0x00000000bfe00000, 0x00000000bff00000|  0%| F|  |TAMS 0x00000000bfe00000, 0x00000000bfe00000| Untracked 
| 255|0x00000000bff00000, 0x00000000bff00000, 0x00000000c0000000|  0%| F|  |TAMS 0x00000000bff00000, 0x00000000bff00000| Untracked 
| 256|0x00000000c0000000, 0x00000000c0000000, 0x00000000c0100000|  0%| F|  |TAMS 0x00000000c0000000, 0x00000000c0000000| Untracked 
| 257|0x00000000c0100000, 0x00000000c0100000, 0x00000000c0200000|  0%| F|  |TAMS 0x00000000c0100000, 0x00000000c0100000| Untracked 
| 258|0x00000000c0200000, 0x00000000c0200000, 0x00000000c0300000|  0%| F|  |TAMS 0x00000000c0200000, 0x00000000c0200000| Untracked 
| 259|0x00000000c0300000, 0x00000000c0300000, 0x00000000c0400000|  0%| F|  |TAMS 0x00000000c0300000, 0x00000000c0300000| Untracked 
| 260|0x00000000c0400000, 0x00000000c0400000, 0x00000000c0500000|  0%| F|  |TAMS 0x00000000c0400000, 0x00000000c0400000| Untracked 
| 261|0x00000000c0500000, 0x00000000c0500000, 0x00000000c0600000|  0%| F|  |TAMS 0x00000000c0500000, 0x00000000c0500000| Untracked 
| 262|0x00000000c0600000, 0x00000000c0600000, 0x00000000c0700000|  0%| F|  |TAMS 0x00000000c0600000, 0x00000000c0600000| Untracked 
| 263|0x00000000c0700000, 0x00000000c0700000, 0x00000000c0800000|  0%| F|  |TAMS 0x00000000c0700000, 0x00000000c0700000| Untracked 
| 264|0x00000000c0800000, 0x00000000c0800000, 0x00000000c0900000|  0%| F|  |TAMS 0x00000000c0800000, 0x00000000c0800000| Untracked 
| 265|0x00000000c0900000, 0x00000000c0900000, 0x00000000c0a00000|  0%| F|  |TAMS 0x00000000c0900000, 0x00000000c0900000| Untracked 
| 266|0x00000000c0a00000, 0x00000000c0a00000, 0x00000000c0b00000|  0%| F|  |TAMS 0x00000000c0a00000, 0x00000000c0a00000| Untracked 
| 267|0x00000000c0b00000, 0x00000000c0b00000, 0x00000000c0c00000|  0%| F|  |TAMS 0x00000000c0b00000, 0x00000000c0b00000| Untracked 
| 268|0x00000000c0c00000, 0x00000000c0c00000, 0x00000000c0d00000|  0%| F|  |TAMS 0x00000000c0c00000, 0x00000000c0c00000| Untracked 
| 269|0x00000000c0d00000, 0x00000000c0d00000, 0x00000000c0e00000|  0%| F|  |TAMS 0x00000000c0d00000, 0x00000000c0d00000| Untracked 
| 270|0x00000000c0e00000, 0x00000000c0e00000, 0x00000000c0f00000|  0%| F|  |TAMS 0x00000000c0e00000, 0x00000000c0e00000| Untracked 
| 271|0x00000000c0f00000, 0x00000000c0f00000, 0x00000000c1000000|  0%| F|  |TAMS 0x00000000c0f00000, 0x00000000c0f00000| Untracked 
| 272|0x00000000c1000000, 0x00000000c1000000, 0x00000000c1100000|  0%| F|  |TAMS 0x00000000c1000000, 0x00000000c1000000| Untracked 
| 273|0x00000000c1100000, 0x00000000c1100000, 0x00000000c1200000|  0%| F|  |TAMS 0x00000000c1100000, 0x00000000c1100000| Untracked 
| 274|0x00000000c1200000, 0x00000000c1200000, 0x00000000c1300000|  0%| F|  |TAMS 0x00000000c1200000, 0x00000000c1200000| Untracked 
| 275|0x00000000c1300000, 0x00000000c1300000, 0x00000000c1400000|  0%| F|  |TAMS 0x00000000c1300000, 0x00000000c1300000| Untracked 
| 276|0x00000000c1400000, 0x00000000c1400000, 0x00000000c1500000|  0%| F|  |TAMS 0x00000000c1400000, 0x00000000c1400000| Untracked 
| 277|0x00000000c1500000, 0x00000000c1500000, 0x00000000c1600000|  0%| F|  |TAMS 0x00000000c1500000, 0x00000000c1500000| Untracked 
| 278|0x00000000c1600000, 0x00000000c1600000, 0x00000000c1700000|  0%| F|  |TAMS 0x00000000c1600000, 0x00000000c1600000| Untracked 
| 279|0x00000000c1700000, 0x00000000c1700000, 0x00000000c1800000|  0%| F|  |TAMS 0x00000000c1700000, 0x00000000c1700000| Untracked 
| 280|0x00000000c1800000, 0x00000000c1800000, 0x00000000c1900000|  0%| F|  |TAMS 0x00000000c1800000, 0x00000000c1800000| Untracked 
| 281|0x00000000c1900000, 0x00000000c1900000, 0x00000000c1a00000|  0%| F|  |TAMS 0x00000000c1900000, 0x00000000c1900000| Untracked 
| 282|0x00000000c1a00000, 0x00000000c1a00000, 0x00000000c1b00000|  0%| F|  |TAMS 0x00000000c1a00000, 0x00000000c1a00000| Untracked 
| 283|0x00000000c1b00000, 0x00000000c1b00000, 0x00000000c1c00000|  0%| F|  |TAMS 0x00000000c1b00000, 0x00000000c1b00000| Untracked 
| 284|0x00000000c1c00000, 0x00000000c1c00000, 0x00000000c1d00000|  0%| F|  |TAMS 0x00000000c1c00000, 0x00000000c1c00000| Untracked 
| 285|0x00000000c1d00000, 0x00000000c1d00000, 0x00000000c1e00000|  0%| F|  |TAMS 0x00000000c1d00000, 0x00000000c1d00000| Untracked 
| 286|0x00000000c1e00000, 0x00000000c1e00000, 0x00000000c1f00000|  0%| F|  |TAMS 0x00000000c1e00000, 0x00000000c1e00000| Untracked 
| 287|0x00000000c1f00000, 0x00000000c1f00000, 0x00000000c2000000|  0%| F|  |TAMS 0x00000000c1f00000, 0x00000000c1f00000| Untracked 
| 288|0x00000000c2000000, 0x00000000c2000000, 0x00000000c2100000|  0%| F|  |TAMS 0x00000000c2000000, 0x00000000c2000000| Untracked 
| 289|0x00000000c2100000, 0x00000000c2100000, 0x00000000c2200000|  0%| F|  |TAMS 0x00000000c2100000, 0x00000000c2100000| Untracked 
| 290|0x00000000c2200000, 0x00000000c2200000, 0x00000000c2300000|  0%| F|  |TAMS 0x00000000c2200000, 0x00000000c2200000| Untracked 
| 291|0x00000000c2300000, 0x00000000c2300000, 0x00000000c2400000|  0%| F|  |TAMS 0x00000000c2300000, 0x00000000c2300000| Untracked 
| 292|0x00000000c2400000, 0x00000000c2400000, 0x00000000c2500000|  0%| F|  |TAMS 0x00000000c2400000, 0x00000000c2400000| Untracked 
| 293|0x00000000c2500000, 0x00000000c2500000, 0x00000000c2600000|  0%| F|  |TAMS 0x00000000c2500000, 0x00000000c2500000| Untracked 
| 294|0x00000000c2600000, 0x00000000c2600000, 0x00000000c2700000|  0%| F|  |TAMS 0x00000000c2600000, 0x00000000c2600000| Untracked 
| 295|0x00000000c2700000, 0x00000000c2700000, 0x00000000c2800000|  0%| F|  |TAMS 0x00000000c2700000, 0x00000000c2700000| Untracked 
| 296|0x00000000c2800000, 0x00000000c2800000, 0x00000000c2900000|  0%| F|  |TAMS 0x00000000c2800000, 0x00000000c2800000| Untracked 
| 297|0x00000000c2900000, 0x00000000c2900000, 0x00000000c2a00000|  0%| F|  |TAMS 0x00000000c2900000, 0x00000000c2900000| Untracked 
| 298|0x00000000c2a00000, 0x00000000c2a00000, 0x00000000c2b00000|  0%| F|  |TAMS 0x00000000c2a00000, 0x00000000c2a00000| Untracked 
| 299|0x00000000c2b00000, 0x00000000c2b00000, 0x00000000c2c00000|  0%| F|  |TAMS 0x00000000c2b00000, 0x00000000c2b00000| Untracked 
| 300|0x00000000c2c00000, 0x00000000c2c00000, 0x00000000c2d00000|  0%| F|  |TAMS 0x00000000c2c00000, 0x00000000c2c00000| Untracked 
| 301|0x00000000c2d00000, 0x00000000c2d00000, 0x00000000c2e00000|  0%| F|  |TAMS 0x00000000c2d00000, 0x00000000c2d00000| Untracked 
| 302|0x00000000c2e00000, 0x00000000c2e00000, 0x00000000c2f00000|  0%| F|  |TAMS 0x00000000c2e00000, 0x00000000c2e00000| Untracked 
| 303|0x00000000c2f00000, 0x00000000c2f00000, 0x00000000c3000000|  0%| F|  |TAMS 0x00000000c2f00000, 0x00000000c2f00000| Untracked 
| 304|0x00000000c3000000, 0x00000000c3000000, 0x00000000c3100000|  0%| F|  |TAMS 0x00000000c3000000, 0x00000000c3000000| Untracked 
| 305|0x00000000c3100000, 0x00000000c3100000, 0x00000000c3200000|  0%| F|  |TAMS 0x00000000c3100000, 0x00000000c3100000| Untracked 
| 306|0x00000000c3200000, 0x00000000c3200000, 0x00000000c3300000|  0%| F|  |TAMS 0x00000000c3200000, 0x00000000c3200000| Untracked 
| 307|0x00000000c3300000, 0x00000000c3300000, 0x00000000c3400000|  0%| F|  |TAMS 0x00000000c3300000, 0x00000000c3300000| Untracked 
| 308|0x00000000c3400000, 0x00000000c3400000, 0x00000000c3500000|  0%| F|  |TAMS 0x00000000c3400000, 0x00000000c3400000| Untracked 
| 309|0x00000000c3500000, 0x00000000c3500000, 0x00000000c3600000|  0%| F|  |TAMS 0x00000000c3500000, 0x00000000c3500000| Untracked 
| 310|0x00000000c3600000, 0x00000000c3600000, 0x00000000c3700000|  0%| F|  |TAMS 0x00000000c3600000, 0x00000000c3600000| Untracked 
| 311|0x00000000c3700000, 0x00000000c3700000, 0x00000000c3800000|  0%| F|  |TAMS 0x00000000c3700000, 0x00000000c3700000| Untracked 
| 312|0x00000000c3800000, 0x00000000c3800000, 0x00000000c3900000|  0%| F|  |TAMS 0x00000000c3800000, 0x00000000c3800000| Untracked 
| 313|0x00000000c3900000, 0x00000000c3900000, 0x00000000c3a00000|  0%| F|  |TAMS 0x00000000c3900000, 0x00000000c3900000| Untracked 
| 314|0x00000000c3a00000, 0x00000000c3a00000, 0x00000000c3b00000|  0%| F|  |TAMS 0x00000000c3a00000, 0x00000000c3a00000| Untracked 
| 315|0x00000000c3b00000, 0x00000000c3b00000, 0x00000000c3c00000|  0%| F|  |TAMS 0x00000000c3b00000, 0x00000000c3b00000| Untracked 
| 316|0x00000000c3c00000, 0x00000000c3c00000, 0x00000000c3d00000|  0%| F|  |TAMS 0x00000000c3c00000, 0x00000000c3c00000| Untracked 
| 317|0x00000000c3d00000, 0x00000000c3d00000, 0x00000000c3e00000|  0%| F|  |TAMS 0x00000000c3d00000, 0x00000000c3d00000| Untracked 
| 318|0x00000000c3e00000, 0x00000000c3e00000, 0x00000000c3f00000|  0%| F|  |TAMS 0x00000000c3e00000, 0x00000000c3e00000| Untracked 
| 319|0x00000000c3f00000, 0x00000000c3f00000, 0x00000000c4000000|  0%| F|  |TAMS 0x00000000c3f00000, 0x00000000c3f00000| Untracked 
| 320|0x00000000c4000000, 0x00000000c4000000, 0x00000000c4100000|  0%| F|  |TAMS 0x00000000c4000000, 0x00000000c4000000| Untracked 
| 321|0x00000000c4100000, 0x00000000c4100000, 0x00000000c4200000|  0%| F|  |TAMS 0x00000000c4100000, 0x00000000c4100000| Untracked 
| 322|0x00000000c4200000, 0x00000000c4200000, 0x00000000c4300000|  0%| F|  |TAMS 0x00000000c4200000, 0x00000000c4200000| Untracked 
| 323|0x00000000c4300000, 0x00000000c4300000, 0x00000000c4400000|  0%| F|  |TAMS 0x00000000c4300000, 0x00000000c4300000| Untracked 
| 324|0x00000000c4400000, 0x00000000c4400000, 0x00000000c4500000|  0%| F|  |TAMS 0x00000000c4400000, 0x00000000c4400000| Untracked 
| 325|0x00000000c4500000, 0x00000000c4500000, 0x00000000c4600000|  0%| F|  |TAMS 0x00000000c4500000, 0x00000000c4500000| Untracked 
| 326|0x00000000c4600000, 0x00000000c4600000, 0x00000000c4700000|  0%| F|  |TAMS 0x00000000c4600000, 0x00000000c4600000| Untracked 
| 327|0x00000000c4700000, 0x00000000c4700000, 0x00000000c4800000|  0%| F|  |TAMS 0x00000000c4700000, 0x00000000c4700000| Untracked 
| 328|0x00000000c4800000, 0x00000000c4800000, 0x00000000c4900000|  0%| F|  |TAMS 0x00000000c4800000, 0x00000000c4800000| Untracked 
| 329|0x00000000c4900000, 0x00000000c4900000, 0x00000000c4a00000|  0%| F|  |TAMS 0x00000000c4900000, 0x00000000c4900000| Untracked 
| 330|0x00000000c4a00000, 0x00000000c4a00000, 0x00000000c4b00000|  0%| F|  |TAMS 0x00000000c4a00000, 0x00000000c4a00000| Untracked 
| 331|0x00000000c4b00000, 0x00000000c4b00000, 0x00000000c4c00000|  0%| F|  |TAMS 0x00000000c4b00000, 0x00000000c4b00000| Untracked 
| 332|0x00000000c4c00000, 0x00000000c4c00000, 0x00000000c4d00000|  0%| F|  |TAMS 0x00000000c4c00000, 0x00000000c4c00000| Untracked 
| 333|0x00000000c4d00000, 0x00000000c4d00000, 0x00000000c4e00000|  0%| F|  |TAMS 0x00000000c4d00000, 0x00000000c4d00000| Untracked 
| 334|0x00000000c4e00000, 0x00000000c4e00000, 0x00000000c4f00000|  0%| F|  |TAMS 0x00000000c4e00000, 0x00000000c4e00000| Untracked 
| 335|0x00000000c4f00000, 0x00000000c4f00000, 0x00000000c5000000|  0%| F|  |TAMS 0x00000000c4f00000, 0x00000000c4f00000| Untracked 
| 336|0x00000000c5000000, 0x00000000c5000000, 0x00000000c5100000|  0%| F|  |TAMS 0x00000000c5000000, 0x00000000c5000000| Untracked 
| 337|0x00000000c5100000, 0x00000000c5100000, 0x00000000c5200000|  0%| F|  |TAMS 0x00000000c5100000, 0x00000000c5100000| Untracked 
| 338|0x00000000c5200000, 0x00000000c5200000, 0x00000000c5300000|  0%| F|  |TAMS 0x00000000c5200000, 0x00000000c5200000| Untracked 
| 339|0x00000000c5300000, 0x00000000c5300000, 0x00000000c5400000|  0%| F|  |TAMS 0x00000000c5300000, 0x00000000c5300000| Untracked 
| 340|0x00000000c5400000, 0x00000000c5400000, 0x00000000c5500000|  0%| F|  |TAMS 0x00000000c5400000, 0x00000000c5400000| Untracked 
| 341|0x00000000c5500000, 0x00000000c5500000, 0x00000000c5600000|  0%| F|  |TAMS 0x00000000c5500000, 0x00000000c5500000| Untracked 
| 342|0x00000000c5600000, 0x00000000c5600000, 0x00000000c5700000|  0%| F|  |TAMS 0x00000000c5600000, 0x00000000c5600000| Untracked 
| 343|0x00000000c5700000, 0x00000000c5700000, 0x00000000c5800000|  0%| F|  |TAMS 0x00000000c5700000, 0x00000000c5700000| Untracked 
| 344|0x00000000c5800000, 0x00000000c5800000, 0x00000000c5900000|  0%| F|  |TAMS 0x00000000c5800000, 0x00000000c5800000| Untracked 
| 345|0x00000000c5900000, 0x00000000c5900000, 0x00000000c5a00000|  0%| F|  |TAMS 0x00000000c5900000, 0x00000000c5900000| Untracked 
| 346|0x00000000c5a00000, 0x00000000c5a00000, 0x00000000c5b00000|  0%| F|  |TAMS 0x00000000c5a00000, 0x00000000c5a00000| Untracked 
| 347|0x00000000c5b00000, 0x00000000c5b00000, 0x00000000c5c00000|  0%| F|  |TAMS 0x00000000c5b00000, 0x00000000c5b00000| Untracked 
| 348|0x00000000c5c00000, 0x00000000c5c00000, 0x00000000c5d00000|  0%| F|  |TAMS 0x00000000c5c00000, 0x00000000c5c00000| Untracked 
| 349|0x00000000c5d00000, 0x00000000c5d00000, 0x00000000c5e00000|  0%| F|  |TAMS 0x00000000c5d00000, 0x00000000c5d00000| Untracked 
| 350|0x00000000c5e00000, 0x00000000c5e00000, 0x00000000c5f00000|  0%| F|  |TAMS 0x00000000c5e00000, 0x00000000c5e00000| Untracked 
| 351|0x00000000c5f00000, 0x00000000c5f00000, 0x00000000c6000000|  0%| F|  |TAMS 0x00000000c5f00000, 0x00000000c5f00000| Untracked 
| 352|0x00000000c6000000, 0x00000000c6000000, 0x00000000c6100000|  0%| F|  |TAMS 0x00000000c6000000, 0x00000000c6000000| Untracked 
| 353|0x00000000c6100000, 0x00000000c6100000, 0x00000000c6200000|  0%| F|  |TAMS 0x00000000c6100000, 0x00000000c6100000| Untracked 
| 354|0x00000000c6200000, 0x00000000c6200000, 0x00000000c6300000|  0%| F|  |TAMS 0x00000000c6200000, 0x00000000c6200000| Untracked 
| 355|0x00000000c6300000, 0x00000000c6300000, 0x00000000c6400000|  0%| F|  |TAMS 0x00000000c6300000, 0x00000000c6300000| Untracked 
| 356|0x00000000c6400000, 0x00000000c6400000, 0x00000000c6500000|  0%| F|  |TAMS 0x00000000c6400000, 0x00000000c6400000| Untracked 
| 357|0x00000000c6500000, 0x00000000c6500000, 0x00000000c6600000|  0%| F|  |TAMS 0x00000000c6500000, 0x00000000c6500000| Untracked 
| 358|0x00000000c6600000, 0x00000000c6600000, 0x00000000c6700000|  0%| F|  |TAMS 0x00000000c6600000, 0x00000000c6600000| Untracked 
| 359|0x00000000c6700000, 0x00000000c6700000, 0x00000000c6800000|  0%| F|  |TAMS 0x00000000c6700000, 0x00000000c6700000| Untracked 
| 360|0x00000000c6800000, 0x00000000c6800000, 0x00000000c6900000|  0%| F|  |TAMS 0x00000000c6800000, 0x00000000c6800000| Untracked 
| 361|0x00000000c6900000, 0x00000000c6900000, 0x00000000c6a00000|  0%| F|  |TAMS 0x00000000c6900000, 0x00000000c6900000| Untracked 
| 362|0x00000000c6a00000, 0x00000000c6a00000, 0x00000000c6b00000|  0%| F|  |TAMS 0x00000000c6a00000, 0x00000000c6a00000| Untracked 
| 363|0x00000000c6b00000, 0x00000000c6b00000, 0x00000000c6c00000|  0%| F|  |TAMS 0x00000000c6b00000, 0x00000000c6b00000| Untracked 
| 364|0x00000000c6c00000, 0x00000000c6c00000, 0x00000000c6d00000|  0%| F|  |TAMS 0x00000000c6c00000, 0x00000000c6c00000| Untracked 
| 365|0x00000000c6d00000, 0x00000000c6d00000, 0x00000000c6e00000|  0%| F|  |TAMS 0x00000000c6d00000, 0x00000000c6d00000| Untracked 
| 366|0x00000000c6e00000, 0x00000000c6e00000, 0x00000000c6f00000|  0%| F|  |TAMS 0x00000000c6e00000, 0x00000000c6e00000| Untracked 
| 367|0x00000000c6f00000, 0x00000000c6f00000, 0x00000000c7000000|  0%| F|  |TAMS 0x00000000c6f00000, 0x00000000c6f00000| Untracked 
| 368|0x00000000c7000000, 0x00000000c7000000, 0x00000000c7100000|  0%| F|  |TAMS 0x00000000c7000000, 0x00000000c7000000| Untracked 
| 369|0x00000000c7100000, 0x00000000c7100000, 0x00000000c7200000|  0%| F|  |TAMS 0x00000000c7100000, 0x00000000c7100000| Untracked 
| 370|0x00000000c7200000, 0x00000000c7200000, 0x00000000c7300000|  0%| F|  |TAMS 0x00000000c7200000, 0x00000000c7200000| Untracked 
| 371|0x00000000c7300000, 0x00000000c7300000, 0x00000000c7400000|  0%| F|  |TAMS 0x00000000c7300000, 0x00000000c7300000| Untracked 
| 372|0x00000000c7400000, 0x00000000c7400000, 0x00000000c7500000|  0%| F|  |TAMS 0x00000000c7400000, 0x00000000c7400000| Untracked 
| 373|0x00000000c7500000, 0x00000000c7500000, 0x00000000c7600000|  0%| F|  |TAMS 0x00000000c7500000, 0x00000000c7500000| Untracked 
| 374|0x00000000c7600000, 0x00000000c7600000, 0x00000000c7700000|  0%| F|  |TAMS 0x00000000c7600000, 0x00000000c7600000| Untracked 
| 375|0x00000000c7700000, 0x00000000c7700000, 0x00000000c7800000|  0%| F|  |TAMS 0x00000000c7700000, 0x00000000c7700000| Untracked 
| 376|0x00000000c7800000, 0x00000000c7800000, 0x00000000c7900000|  0%| F|  |TAMS 0x00000000c7800000, 0x00000000c7800000| Untracked 
| 377|0x00000000c7900000, 0x00000000c7900000, 0x00000000c7a00000|  0%| F|  |TAMS 0x00000000c7900000, 0x00000000c7900000| Untracked 
| 378|0x00000000c7a00000, 0x00000000c7a00000, 0x00000000c7b00000|  0%| F|  |TAMS 0x00000000c7a00000, 0x00000000c7a00000| Untracked 
| 379|0x00000000c7b00000, 0x00000000c7b00000, 0x00000000c7c00000|  0%| F|  |TAMS 0x00000000c7b00000, 0x00000000c7b00000| Untracked 
| 380|0x00000000c7c00000, 0x00000000c7c00000, 0x00000000c7d00000|  0%| F|  |TAMS 0x00000000c7c00000, 0x00000000c7c00000| Untracked 
| 381|0x00000000c7d00000, 0x00000000c7d00000, 0x00000000c7e00000|  0%| F|  |TAMS 0x00000000c7d00000, 0x00000000c7d00000| Untracked 
| 382|0x00000000c7e00000, 0x00000000c7e00000, 0x00000000c7f00000|  0%| F|  |TAMS 0x00000000c7e00000, 0x00000000c7e00000| Untracked 
| 383|0x00000000c7f00000, 0x00000000c7f00000, 0x00000000c8000000|  0%| F|  |TAMS 0x00000000c7f00000, 0x00000000c7f00000| Untracked 
| 384|0x00000000c8000000, 0x00000000c8000000, 0x00000000c8100000|  0%| F|  |TAMS 0x00000000c8000000, 0x00000000c8000000| Untracked 
| 385|0x00000000c8100000, 0x00000000c8100000, 0x00000000c8200000|  0%| F|  |TAMS 0x00000000c8100000, 0x00000000c8100000| Untracked 
| 386|0x00000000c8200000, 0x00000000c8200000, 0x00000000c8300000|  0%| F|  |TAMS 0x00000000c8200000, 0x00000000c8200000| Untracked 
| 387|0x00000000c8300000, 0x00000000c8300000, 0x00000000c8400000|  0%| F|  |TAMS 0x00000000c8300000, 0x00000000c8300000| Untracked 
|1278|0x00000000ffe00000, 0x00000000ffe75000, 0x00000000fff00000| 45%|OA|  |TAMS 0x00000000ffe75000, 0x00000000ffe75000| Untracked 
|1279|0x00000000fff00000, 0x00000000fff78000, 0x0000000100000000| 46%|CA|  |TAMS 0x00000000fff78000, 0x00000000fff78000| Untracked 

Card table byte_map: [0x00007f7ad1151000,0x00007f7ad13d1000] _byte_map_base: 0x00007f7ad0bd1000

Marking Bits (Prev, Next): (CMBitMap*) 0x00007f7acc05fc50, (CMBitMap*) 0x00007f7acc05fc10
 Prev Bits: [0x00007f7ab2d11000, 0x00007f7ab4111000)
 Next Bits: [0x00007f7ab4111000, 0x00007f7ab5511000)

Polling page: 0x00007f7ad3414000

Metaspace:

Usage:
  Non-class:    114.97 MB used.
      Class:     18.15 MB used.
       Both:    133.13 MB used.

Virtual space:
  Non-class space:      128.00 MB reserved,     115.50 MB ( 90%) committed,  2 nodes.
      Class space:      624.00 MB reserved,      18.56 MB (  3%) committed,  1 nodes.
             Both:      752.00 MB reserved,     134.06 MB ( 18%) committed. 

Chunk freelists:
   Non-Class:  12.42 MB
       Class:  13.44 MB
        Both:  25.86 MB

MaxMetaspaceSize: 768.00 MB
CompressedClassSpaceSize: 624.00 MB
Initial GC threshold: 21.00 MB
Current GC threshold: 221.88 MB
CDS: on
MetaspaceReclaimPolicy: balanced
 - commit_granule_bytes: 65536.
 - commit_granule_words: 8192.
 - virtual_space_node_default_size: 8388608.
 - enlarge_chunks_in_place: 1.
 - new_chunks_are_fully_committed: 0.
 - uncommit_free_chunks: 1.
 - use_allocation_guard: 0.
 - handle_deallocations: 1.


Internal statistics:

num_allocs_failed_limit: 15.
num_arena_births: 1492.
num_arena_deaths: 2.
num_vsnodes_births: 3.
num_vsnodes_deaths: 0.
num_space_committed: 2146.
num_space_uncommitted: 2.
num_chunks_returned_to_freelist: 37.
num_chunks_taken_from_freelist: 7101.
num_chunk_merges: 20.
num_chunk_splits: 4743.
num_chunks_enlarged: 3265.
num_inconsistent_stats: 0.

CodeHeap 'non-profiled nmethods': size=120036Kb used=10258Kb max_used=10600Kb free=109777Kb
 bounds [0x00007f7abcfd8000, 0x00007f7abda38000, 0x00007f7ac4511000]
CodeHeap 'profiled nmethods': size=120032Kb used=37780Kb max_used=39911Kb free=82251Kb
 bounds [0x00007f7ab5511000, 0x00007f7ab7c11000, 0x00007f7abca49000]
CodeHeap 'non-nmethods': size=5692Kb used=1826Kb max_used=1945Kb free=3865Kb
 bounds [0x00007f7abca49000, 0x00007f7abccb9000, 0x00007f7abcfd8000]
 total_blobs=19154 nmethods=18223 adapters=843
 compilation: enabled
              stopped_count=0, restarted_count=0
 full_count=0

Compilation events (20 events):
Event: 167.704 Thread 0x00007f7acc0c3f70 25854       2       com.android.tools.r8.internal.C9::<init> (15 bytes)
Event: 167.704 Thread 0x00007f7acc0c3f70 nmethod 25854 0x00007f7ab6ba8090 code [0x00007f7ab6ba8220, 0x00007f7ab6ba8330]
Event: 167.726 Thread 0x00007f7acc0c3f70 25855       3       com.android.tools.r8.internal.SV::a (16 bytes)
Event: 167.726 Thread 0x00007f7acc0c3f70 nmethod 25855 0x00007f7ab5b1bf90 code [0x00007f7ab5b1c140, 0x00007f7ab5b1c340]
Event: 167.803 Thread 0x00007f7acc0c3f70 25856       2       com.android.tools.r8.internal.lB::<init> (12 bytes)
Event: 167.804 Thread 0x00007f7acc0c3f70 nmethod 25856 0x00007f7ab5ba6010 code [0x00007f7ab5ba61c0, 0x00007f7ab5ba63a0]
Event: 167.804 Thread 0x00007f7acc0c3f70 25857       2       com.android.tools.r8.internal.p5::<init> (10 bytes)
Event: 167.804 Thread 0x00007f7acc0c3f70 nmethod 25857 0x00007f7ab6fe1090 code [0x00007f7ab6fe1220, 0x00007f7ab6fe1370]
Event: 167.804 Thread 0x00007f7acc0c3f70 25858       2       com.android.tools.r8.internal.q5::a (38 bytes)
Event: 167.804 Thread 0x00007f7acc0c3f70 nmethod 25858 0x00007f7ab70a0210 code [0x00007f7ab70a03c0, 0x00007f7ab70a0520]
Event: 167.819 Thread 0x00007f7acc0c3f70 25860       3       com.android.tools.r8.internal.wX::a (177 bytes)
Event: 167.819 Thread 0x00007f7acc0c3f70 nmethod 25860 0x00007f7ab7337310 code [0x00007f7ab73375e0, 0x00007f7ab73383f0]
Event: 168.004 Thread 0x00007f7acc0c3f70 25863       3       com.android.tools.r8.internal.F8::<init> (57 bytes)
Event: 168.004 Thread 0x00007f7acc0c3f70 nmethod 25863 0x00007f7ab711fd90 code [0x00007f7ab711ff40, 0x00007f7ab71201d0]
Event: 168.004 Thread 0x00007f7acc0c3f70 25864       3       com.android.tools.r8.internal.F8::a (430 bytes)
Event: 168.004 Thread 0x00007f7acc0c3f70 nmethod 25864 0x00007f7ab751d610 code [0x00007f7ab751da40, 0x00007f7ab751ef90]
Event: 168.009 Thread 0x00007f7acc0c3f70 25865       2       com.android.tools.r8.internal.ib::<init> (89 bytes)
Event: 168.009 Thread 0x00007f7acc0c3f70 nmethod 25865 0x00007f7ab7159610 code [0x00007f7ab71597c0, 0x00007f7ab7159a30]
Event: 168.010 Thread 0x00007f7acc0c3f70 25866       2       com.android.tools.r8.graph.p4::a (111 bytes)
Event: 168.011 Thread 0x00007f7acc0c3f70 nmethod 25866 0x00007f7ab7141e10 code [0x00007f7ab7142040, 0x00007f7ab71427f0]

GC Heap History (20 events):
Event: 156.605 GC heap after
{Heap after GC invocations=92 (full 0):
 garbage-first heap   total 399360K, used 198896K [0x00000000b0000000, 0x0000000100000000)
  region size 1024K, 5 young (5120K), 5 survivors (5120K)
 Metaspace       used 134027K, committed 134976K, reserved 770048K
  class space    used 18238K, committed 18688K, reserved 638976K
}
Event: 157.412 GC heap before
{Heap before GC invocations=92 (full 0):
 garbage-first heap   total 399360K, used 348400K [0x00000000b0000000, 0x0000000100000000)
  region size 1024K, 151 young (154624K), 5 survivors (5120K)
 Metaspace       used 134034K, committed 134976K, reserved 770048K
  class space    used 18238K, committed 18688K, reserved 638976K
}
Event: 157.429 GC heap after
{Heap after GC invocations=93 (full 0):
 garbage-first heap   total 399360K, used 200368K [0x00000000b0000000, 0x0000000100000000)
  region size 1024K, 6 young (6144K), 6 survivors (6144K)
 Metaspace       used 134034K, committed 134976K, reserved 770048K
  class space    used 18238K, committed 18688K, reserved 638976K
}
Event: 158.619 GC heap before
{Heap before GC invocations=93 (full 0):
 garbage-first heap   total 399360K, used 348848K [0x00000000b0000000, 0x0000000100000000)
  region size 1024K, 151 young (154624K), 6 survivors (6144K)
 Metaspace       used 134059K, committed 135040K, reserved 770048K
  class space    used 18240K, committed 18688K, reserved 638976K
}
Event: 158.636 GC heap after
{Heap after GC invocations=94 (full 0):
 garbage-first heap   total 399360K, used 199571K [0x00000000b0000000, 0x0000000100000000)
  region size 1024K, 5 young (5120K), 5 survivors (5120K)
 Metaspace       used 134059K, committed 135040K, reserved 770048K
  class space    used 18240K, committed 18688K, reserved 638976K
}
Event: 159.621 GC heap before
{Heap before GC invocations=94 (full 0):
 garbage-first heap   total 399360K, used 350099K [0x00000000b0000000, 0x0000000100000000)
  region size 1024K, 152 young (155648K), 5 survivors (5120K)
 Metaspace       used 134072K, committed 135040K, reserved 770048K
  class space    used 18240K, committed 18688K, reserved 638976K
}
Event: 159.711 GC heap after
{Heap after GC invocations=95 (full 0):
 garbage-first heap   total 399360K, used 200562K [0x00000000b0000000, 0x0000000100000000)
  region size 1024K, 6 young (6144K), 6 survivors (6144K)
 Metaspace       used 134072K, committed 135040K, reserved 770048K
  class space    used 18240K, committed 18688K, reserved 638976K
}
Event: 160.735 GC heap before
{Heap before GC invocations=95 (full 0):
 garbage-first heap   total 399360K, used 351090K [0x00000000b0000000, 0x0000000100000000)
  region size 1024K, 153 young (156672K), 6 survivors (6144K)
 Metaspace       used 134079K, committed 135040K, reserved 770048K
  class space    used 18241K, committed 18688K, reserved 638976K
}
Event: 160.807 GC heap after
{Heap after GC invocations=96 (full 0):
 garbage-first heap   total 399360K, used 200628K [0x00000000b0000000, 0x0000000100000000)
  region size 1024K, 6 young (6144K), 6 survivors (6144K)
 Metaspace       used 134079K, committed 135040K, reserved 770048K
  class space    used 18241K, committed 18688K, reserved 638976K
}
Event: 161.606 GC heap before
{Heap before GC invocations=96 (full 0):
 garbage-first heap   total 399360K, used 352180K [0x00000000b0000000, 0x0000000100000000)
  region size 1024K, 154 young (157696K), 6 survivors (6144K)
 Metaspace       used 134080K, committed 135040K, reserved 770048K
  class space    used 18241K, committed 18688K, reserved 638976K
}
Event: 161.629 GC heap after
{Heap after GC invocations=97 (full 0):
 garbage-first heap   total 399360K, used 201140K [0x00000000b0000000, 0x0000000100000000)
  region size 1024K, 7 young (7168K), 7 survivors (7168K)
 Metaspace       used 134080K, committed 135040K, reserved 770048K
  class space    used 18241K, committed 18688K, reserved 638976K
}
Event: 162.499 GC heap before
{Heap before GC invocations=97 (full 0):
 garbage-first heap   total 399360K, used 350644K [0x00000000b0000000, 0x0000000100000000)
  region size 1024K, 153 young (156672K), 7 survivors (7168K)
 Metaspace       used 134083K, committed 135040K, reserved 770048K
  class space    used 18241K, committed 18688K, reserved 638976K
}
Event: 162.594 GC heap after
{Heap after GC invocations=98 (full 0):
 garbage-first heap   total 399360K, used 201652K [0x00000000b0000000, 0x0000000100000000)
  region size 1024K, 7 young (7168K), 7 survivors (7168K)
 Metaspace       used 134083K, committed 135040K, reserved 770048K
  class space    used 18241K, committed 18688K, reserved 638976K
}
Event: 163.621 GC heap before
{Heap before GC invocations=98 (full 0):
 garbage-first heap   total 399360K, used 313268K [0x00000000b0000000, 0x0000000100000000)
  region size 1024K, 117 young (119808K), 7 survivors (7168K)
 Metaspace       used 134899K, committed 135808K, reserved 770048K
  class space    used 18372K, committed 18816K, reserved 638976K
}
Event: 163.642 GC heap after
{Heap after GC invocations=99 (full 0):
 garbage-first heap   total 399360K, used 201652K [0x00000000b0000000, 0x0000000100000000)
  region size 1024K, 7 young (7168K), 7 survivors (7168K)
 Metaspace       used 134899K, committed 135808K, reserved 770048K
  class space    used 18372K, committed 18816K, reserved 638976K
}
Event: 166.718 GC heap before
{Heap before GC invocations=100 (full 0):
 garbage-first heap   total 399360K, used 350132K [0x00000000b0000000, 0x0000000100000000)
  region size 1024K, 153 young (156672K), 7 survivors (7168K)
 Metaspace       used 136286K, committed 137216K, reserved 770048K
  class space    used 18585K, committed 19008K, reserved 638976K
}
Event: 166.743 GC heap after
{Heap after GC invocations=101 (full 0):
 garbage-first heap   total 399360K, used 198326K [0x00000000b0000000, 0x0000000100000000)
  region size 1024K, 11 young (11264K), 11 survivors (11264K)
 Metaspace       used 136286K, committed 137216K, reserved 770048K
  class space    used 18585K, committed 19008K, reserved 638976K
}
Event: 166.800 GC heap before
{Heap before GC invocations=101 (full 0):
 garbage-first heap   total 399360K, used 205494K [0x00000000b0000000, 0x0000000100000000)
  region size 1024K, 19 young (19456K), 11 survivors (11264K)
 Metaspace       used 136286K, committed 137216K, reserved 770048K
  class space    used 18585K, committed 19008K, reserved 638976K
}
Event: 166.827 GC heap after
{Heap after GC invocations=102 (full 0):
 garbage-first heap   total 399360K, used 194349K [0x00000000b0000000, 0x0000000100000000)
  region size 1024K, 3 young (3072K), 3 survivors (3072K)
 Metaspace       used 136286K, committed 137216K, reserved 770048K
  class space    used 18585K, committed 19008K, reserved 638976K
}
Event: 168.019 GC heap before
{Heap before GC invocations=102 (full 0):
 garbage-first heap   total 399360K, used 343853K [0x00000000b0000000, 0x0000000100000000)
  region size 1024K, 149 young (152576K), 3 survivors (3072K)
 Metaspace       used 136323K, committed 137280K, reserved 770048K
  class space    used 18589K, committed 19008K, reserved 638976K
}

Dll operation events (15 events):
Event: 0.005 Loaded shared library /usr/lib/jvm/java-17-openjdk-amd64/lib/libjava.so
Event: 0.029 Loaded shared library /usr/lib/jvm/java-17-openjdk-amd64/lib/libjsvml.so
Event: 0.110 Loaded shared library /usr/lib/jvm/java-17-openjdk-amd64/lib/libzip.so
Event: 0.111 Loaded shared library /usr/lib/jvm/java-17-openjdk-amd64/lib/libinstrument.so
Event: 0.113 Loaded shared library /usr/lib/jvm/java-17-openjdk-amd64/lib/libnio.so
Event: 0.116 Loaded shared library /usr/lib/jvm/java-17-openjdk-amd64/lib/libzip.so
Event: 0.328 Loaded shared library /usr/lib/jvm/java-17-openjdk-amd64/lib/libjimage.so
Event: 0.514 Loaded shared library /usr/lib/jvm/java-17-openjdk-amd64/lib/libverify.so
Event: 0.723 Loaded shared library /usr/lib/jvm/java-17-openjdk-amd64/lib/libnet.so
Event: 0.724 Loaded shared library /root/.gradle/native/c067742578af261105cb4f569cf0c3c89f3d7b1fecec35dd04571415982c5e48/linux-amd64/libnative-platform.so
Event: 0.728 Loaded shared library /root/.gradle/native/100fb08df4bc3b14c8652ba06237920a3bd2aa13389f12d3474272988ae205f9/linux-amd64/libnative-platform-file-events.so
Event: 2.336 Loaded shared library /usr/lib/jvm/java-17-openjdk-amd64/lib/libmanagement.so
Event: 2.338 Loaded shared library /usr/lib/jvm/java-17-openjdk-amd64/lib/libmanagement_ext.so
Event: 2.540 Loaded shared library /usr/lib/jvm/java-17-openjdk-amd64/lib/libextnet.so
Event: 37.828 Loaded shared library /usr/lib/jvm/java-17-openjdk-amd64/lib/librmi.so

Deoptimization events (20 events):
Event: 168.004 Thread 0x00007f7a9e3a8480 DEOPT PACKING pc=0x00007f7ab703bb88 sp=0x00007f7a4e4b45f0
Event: 168.004 Thread 0x00007f7a9e3a8480 DEOPT UNPACKING pc=0x00007f7abcaa364f sp=0x00007f7a4e4b3b38 mode 0
Event: 168.008 Thread 0x00007f7a9e3a8480 DEOPT PACKING pc=0x00007f7ab703bb88 sp=0x00007f7a4e4b45f0
Event: 168.008 Thread 0x00007f7a9e3a8480 DEOPT UNPACKING pc=0x00007f7abcaa364f sp=0x00007f7a4e4b3b38 mode 0
Event: 168.009 Thread 0x00007f7a9e3a8480 DEOPT PACKING pc=0x00007f7ab703bb88 sp=0x00007f7a4e4b4640
Event: 168.009 Thread 0x00007f7a9e3a8480 DEOPT UNPACKING pc=0x00007f7abcaa364f sp=0x00007f7a4e4b3b88 mode 0
Event: 168.010 Thread 0x00007f7a9e3a8480 DEOPT PACKING pc=0x00007f7ab703bb88 sp=0x00007f7a4e4b45f0
Event: 168.010 Thread 0x00007f7a9e3a8480 DEOPT UNPACKING pc=0x00007f7abcaa364f sp=0x00007f7a4e4b3b38 mode 0
Event: 168.011 Thread 0x00007f7a9e3a8480 DEOPT PACKING pc=0x00007f7ab6fc75ff sp=0x00007f7a4e4b4910
Event: 168.011 Thread 0x00007f7a9e3a8480 DEOPT UNPACKING pc=0x00007f7abcaa364f sp=0x00007f7a4e4b40b8 mode 0
Event: 168.013 Thread 0x00007f7a9e3a8480 DEOPT PACKING pc=0x00007f7ab703bb88 sp=0x00007f7a4e4b45f0
Event: 168.013 Thread 0x00007f7a9e3a8480 DEOPT UNPACKING pc=0x00007f7abcaa364f sp=0x00007f7a4e4b3b38 mode 0
Event: 168.015 Thread 0x00007f7a9e3a8480 DEOPT PACKING pc=0x00007f7ab703bb88 sp=0x00007f7a4e4b4640
Event: 168.015 Thread 0x00007f7a9e3a8480 DEOPT UNPACKING pc=0x00007f7abcaa364f sp=0x00007f7a4e4b3b88 mode 0
Event: 168.015 Thread 0x00007f7a9e3a8480 DEOPT PACKING pc=0x00007f7ab703bb88 sp=0x00007f7a4e4b45b0
Event: 168.015 Thread 0x00007f7a9e3a8480 DEOPT UNPACKING pc=0x00007f7abcaa364f sp=0x00007f7a4e4b3af8 mode 0
Event: 168.016 Thread 0x00007f7a9e3a8480 DEOPT PACKING pc=0x00007f7ab703bb88 sp=0x00007f7a4e4b45f0
Event: 168.016 Thread 0x00007f7a9e3a8480 DEOPT UNPACKING pc=0x00007f7abcaa364f sp=0x00007f7a4e4b3b38 mode 0
Event: 168.017 Thread 0x00007f7a9e3a8480 DEOPT PACKING pc=0x00007f7ab703bb88 sp=0x00007f7a4e4b4630
Event: 168.017 Thread 0x00007f7a9e3a8480 DEOPT UNPACKING pc=0x00007f7abcaa364f sp=0x00007f7a4e4b3b78 mode 0

Classes loaded (20 events):
Event: 143.730 Loading class java/util/SortedSet$1
Event: 143.730 Loading class java/util/SortedSet$1 done
Event: 143.731 Loading class java/util/stream/SliceOps
Event: 143.734 Loading class java/util/stream/SliceOps done
Event: 143.734 Loading class java/util/stream/SliceOps$1
Event: 143.735 Loading class java/util/stream/SliceOps$1 done
Event: 143.735 Loading class java/util/stream/SliceOps$1$1
Event: 143.736 Loading class java/util/stream/SliceOps$1$1 done
Event: 143.739 Loading class java/util/IdentityHashMap$ValueIterator
Event: 143.740 Loading class java/util/IdentityHashMap$ValueIterator done
Event: 143.929 Loading class java/util/AbstractList$SubList
Event: 143.930 Loading class java/util/AbstractList$SubList done
Event: 143.930 Loading class java/util/AbstractList$SubList$1
Event: 143.930 Loading class java/util/AbstractList$SubList$1 done
Event: 165.299 Loading class java/nio/ShortBuffer
Event: 165.299 Loading class java/nio/ShortBuffer done
Event: 165.531 Loading class java/nio/ByteBufferAsShortBufferL
Event: 165.532 Loading class java/nio/ByteBufferAsShortBufferL done
Event: 165.826 Loading class java/util/zip/Adler32
Event: 165.826 Loading class java/util/zip/Adler32 done

Classes unloaded (20 events):
Event: 164.421 Thread 0x00007f7acc0b29d0 Unloading class 0x00007f7a75fa7800 'jdk/internal/jimage/ImageHeader'
Event: 164.421 Thread 0x00007f7acc0b29d0 Unloading class 0x00007f7a75fa6c88 'jdk/internal/jimage/BasicImageReader$2'
Event: 164.421 Thread 0x00007f7acc0b29d0 Unloading class 0x00007f7a75fa5db8 'jdk/internal/jimage/BasicImageReader$1'
Event: 164.421 Thread 0x00007f7acc0b29d0 Unloading class 0x00007f7a75fa6a18 'jdk/internal/jimage/ImageReader$Resource'
Event: 164.421 Thread 0x00007f7acc0b29d0 Unloading class 0x00007f7a75fa67a8 'jdk/internal/jimage/ImageReader$LinkNode'
Event: 164.421 Thread 0x00007f7acc0b29d0 Unloading class 0x00007f7a75fa6538 'jdk/internal/jimage/ImageReader$Directory'
Event: 164.421 Thread 0x00007f7acc0b29d0 Unloading class 0x00007f7a75fa62c8 'jdk/internal/jimage/ImageReader$Node'
Event: 164.421 Thread 0x00007f7acc0b29d0 Unloading class 0x00007f7a75fa4df0 'jdk/internal/jimage/ImageStrings'
Event: 164.421 Thread 0x00007f7acc0b29d0 Unloading class 0x00007f7a75fa6000 'jdk/internal/jimage/ImageReader$SharedImageReader'
Event: 164.421 Thread 0x00007f7acc0b29d0 Unloading class 0x00007f7a75fa5af0 'jdk/internal/jimage/BasicImageReader'
Event: 164.421 Thread 0x00007f7acc0b29d0 Unloading class 0x00007f7a75fa58c8 'jdk/internal/jimage/ImageReader'
Event: 164.421 Thread 0x00007f7acc0b29d0 Unloading class 0x00007f7a75fa5698 'jdk/internal/jrtfs/SystemImage$2'
Event: 164.421 Thread 0x00007f7acc0b29d0 Unloading class 0x00007f7a75fa5478 'jdk/internal/jrtfs/SystemImage$$Lambda$2094+0x00007f7a75fa5478'
Event: 164.421 Thread 0x00007f7acc0b29d0 Unloading class 0x00007f7a75fa5240 'jdk/internal/jrtfs/ExplodedImage'
Event: 164.421 Thread 0x00007f7acc0b29d0 Unloading class 0x00007f7a75fa5000 'jdk/internal/jrtfs/SystemImage$1'
Event: 164.421 Thread 0x00007f7acc0b29d0 Unloading class 0x00007f7a75fa4bd0 'jdk/internal/jrtfs/SystemImage'
Event: 164.421 Thread 0x00007f7acc0b29d0 Unloading class 0x00007f7a75fa4968 'jdk/internal/jrtfs/JrtFileStore'
Event: 164.421 Thread 0x00007f7acc0b29d0 Unloading class 0x00007f7a75fa45e8 'jdk/internal/jrtfs/JrtPath'
Event: 164.421 Thread 0x00007f7acc0b29d0 Unloading class 0x00007f7a75fa42e8 'jdk/internal/jrtfs/JrtFileSystem'
Event: 164.421 Thread 0x00007f7acc0b29d0 Unloading class 0x00007f7a75fa4000 'jdk/internal/jrtfs/JrtFileSystemProvider'

Classes redefined (0 events):
No events

Internal exceptions (20 events):
Event: 142.832 Thread 0x00007f7a9e3a8480 Exception <a 'java/lang/NoSuchMethodError'{0x00000000c366f078}: 'java.lang.Object java.lang.invoke.DirectMethodHandle$Holder.invokeStatic(java.lang.Object, int, java.lang.Object, java.lang.Object)'> (0x00000000c366f078) 
thrown [./src/hotspot/share/interpreter/linkResolver.cpp, line 758]
Event: 142.833 Thread 0x00007f7a9e3a8480 Exception <a 'java/lang/NoSuchMethodError'{0x00000000c368a3d8}: 'java.lang.Object java.lang.invoke.DirectMethodHandle$Holder.invokeStatic(java.lang.Object, java.lang.Object, int, java.lang.Object, java.lang.Object)'> (0x00000000c368a3d8) 
thrown [./src/hotspot/share/interpreter/linkResolver.cpp, line 758]
Event: 143.344 Thread 0x00007f7a9e3a8480 Exception <a 'java/lang/IncompatibleClassChangeError'{0x00000000c0470c38}: Found class java.lang.Object, but interface was expected> (0x00000000c0470c38) 
thrown [./src/hotspot/share/interpreter/linkResolver.cpp, line 826]
Event: 143.355 Thread 0x00007f7a9e3a8480 Exception <a 'java/lang/IncompatibleClassChangeError'{0x00000000c0476460}: Found class java.lang.Object, but interface was expected> (0x00000000c0476460) 
thrown [./src/hotspot/share/interpreter/linkResolver.cpp, line 826]
Event: 143.520 Thread 0x00007f7a9e3a8480 Exception <a 'java/lang/NoSuchMethodError'{0x00000000bfd9f440}: 'void java.lang.invoke.DirectMethodHandle$Holder.invokeSpecial(java.lang.Object, java.lang.Object, int, java.lang.Object)'> (0x00000000bfd9f440) 
thrown [./src/hotspot/share/interpreter/linkResolver.cpp, line 758]
Event: 143.651 Thread 0x00007f7a9e3a8480 Exception <a 'java/lang/NoSuchMethodError'{0x00000000bf6f8f58}: 'int java.lang.invoke.DirectMethodHandle$Holder.invokeSpecial(java.lang.Object, java.lang.Object, java.lang.Object, int)'> (0x00000000bf6f8f58) 
thrown [./src/hotspot/share/interpreter/linkResolver.cpp, line 758]
Event: 143.659 Thread 0x00007f7a9e3a8480 Exception <a 'java/lang/NoSuchMethodError'{0x00000000bf595890}: 'int java.lang.invoke.DirectMethodHandle$Holder.invokeSpecial(java.lang.Object, java.lang.Object, java.lang.Object, int, java.lang.Object)'> (0x00000000bf595890) 
thrown [./src/hotspot/share/interpreter/linkResolver.cpp, line 758]
Event: 145.042 Thread 0x00007f7a9e3a8480 Exception <a 'java/lang/NoSuchMethodError'{0x00000000c375a6f8}: 'int java.lang.invoke.DirectMethodHandle$Holder.invokeInterface(java.lang.Object, java.lang.Object, int)'> (0x00000000c375a6f8) 
thrown [./src/hotspot/share/interpreter/linkResolver.cpp, line 758]
Event: 151.338 Thread 0x00007f7a9e3a8480 Exception <a 'java/lang/IncompatibleClassChangeError'{0x00000000c1bd0098}: Found class java.lang.Object, but interface was expected> (0x00000000c1bd0098) 
thrown [./src/hotspot/share/interpreter/linkResolver.cpp, line 826]
Event: 151.344 Thread 0x00007f7a9e3a8480 Exception <a 'java/lang/NoSuchMethodError'{0x00000000c1bf3048}: 'void java.lang.invoke.DirectMethodHandle$Holder.invokeSpecialIFC(java.lang.Object, java.lang.Object, java.lang.Object, java.lang.Object)'> (0x00000000c1bf3048) 
thrown [./src/hotspot/share/interpreter/linkResolver.cpp, line 758]
Event: 163.507 Thread 0x00007f7a9e3a8480 Exception <a 'java/lang/NoSuchMethodError'{0x00000000c1b82a10}: 'java.lang.Object java.lang.invoke.DirectMethodHandle$Holder.newInvokeSpecial(java.lang.Object, java.lang.Object, int, java.lang.Object, java.lang.Object, java.lang.Object)'> (0x00000000c1b82a10) 
thrown [./src/hotspot/share/interpreter/linkResolver.cpp, line 758]
Event: 163.507 Thread 0x00007f7a9e3a8480 Exception <a 'java/lang/NoSuchMethodError'{0x00000000c1b8b478}: 'java.lang.Object java.lang.invoke.Invokers$Holder.linkToTargetMethod(java.lang.Object, int, java.lang.Object, java.lang.Object, java.lang.Object, java.lang.Object)'> (0x00000000c1b8b478) 
thrown [./src/hotspot/share/interpreter/linkResolver.cpp, line 758]
Event: 163.509 Thread 0x00007f7a9e3a8480 Exception <a 'java/lang/NoSuchMethodError'{0x00000000c1baacc0}: 'java.lang.Object java.lang.invoke.DirectMethodHandle$Holder.newInvokeSpecial(java.lang.Object, int, java.lang.Object, java.lang.Object)'> (0x00000000c1baacc0) 
thrown [./src/hotspot/share/interpreter/linkResolver.cpp, line 758]
Event: 163.509 Thread 0x00007f7a9e3a8480 Exception <a 'java/lang/NoSuchMethodError'{0x00000000c1bafd10}: 'java.lang.Object java.lang.invoke.DirectMethodHandle$Holder.invokeSpecial(java.lang.Object, java.lang.Object, int, java.lang.Object, java.lang.Object)'> (0x00000000c1bafd10) 
thrown [./src/hotspot/share/interpreter/linkResolver.cpp, line 758]
Event: 163.512 Thread 0x00007f7a9e3a8480 Exception <a 'java/lang/NoSuchMethodError'{0x00000000c1bd28d8}: 'void java.lang.invoke.DirectMethodHandle$Holder.invokeSpecial(java.lang.Object, java.lang.Object, java.lang.Object, int, java.lang.Object, java.lang.Object, java.lang.Object, java.lang.Object)'> (0x00000000c1bd28d8) 
thrown [./src/hotspot/share/interpreter/linkResolver.cpp, line 758]
Event: 163.514 Thread 0x00007f7a9e3a8480 Implicit null exception at 0x00007f7abd6435cc to 0x00007f7abd6436f0
Event: 163.516 Thread 0x00007f7a9e3a8480 Exception <a 'java/lang/NoSuchMethodError'{0x00000000c1a05480}: 'void java.lang.invoke.DirectMethodHandle$Holder.invokeStatic(java.lang.Object, java.lang.Object, java.lang.Object, java.lang.Object, java.lang.Object, java.lang.Object, java.lang.Object, java.lang.Object)'> (0x00000000c1a05480) 
thrown [./src/hotspot/share/interpreter/linkResolver.cpp, line 758]
Event: 164.825 Thread 0x00007f7a9e3a8480 Exception <a 'java/lang/IncompatibleClassChangeError'{0x00000000c67ddb08}: Found class java.lang.Object, but interface was expected> (0x00000000c67ddb08) 
thrown [./src/hotspot/share/interpreter/linkResolver.cpp, line 826]
Event: 165.830 Thread 0x00007f7a9e3a8480 Exception <a 'sun/nio/fs/UnixException'{0x00000000c4dc81f8}> (0x00000000c4dc81f8) 
thrown [./src/hotspot/share/prims/jni.cpp, line 516]
Event: 166.622 Thread 0x00007f7a9e3a8480 Exception <a 'sun/nio/fs/UnixException'{0x00000000c0b895a0}> (0x00000000c0b895a0) 
thrown [./src/hotspot/share/prims/jni.cpp, line 516]

VM Operations (20 events):
Event: 165.924 Executing VM operation: HandshakeAllThreads done
Event: 166.029 Executing VM operation: ICBufferFull
Event: 166.029 Executing VM operation: ICBufferFull done
Event: 166.513 Executing VM operation: HandshakeAllThreads
Event: 166.513 Executing VM operation: HandshakeAllThreads done
Event: 166.513 Executing VM operation: HandshakeAllThreads
Event: 166.514 Executing VM operation: HandshakeAllThreads done
Event: 166.554 Executing VM operation: ICBufferFull
Event: 166.554 Executing VM operation: ICBufferFull done
Event: 166.718 Executing VM operation: G1CollectForAllocation
Event: 166.743 Executing VM operation: G1CollectForAllocation done
Event: 166.800 Executing VM operation: G1CollectForAllocation
Event: 166.828 Executing VM operation: G1CollectForAllocation done
Event: 166.928 Executing VM operation: HandshakeAllThreads
Event: 166.929 Executing VM operation: HandshakeAllThreads done
Event: 167.108 Executing VM operation: HandshakeAllThreads
Event: 167.109 Executing VM operation: HandshakeAllThreads done
Event: 167.122 Executing VM operation: HandshakeAllThreads
Event: 167.122 Executing VM operation: HandshakeAllThreads done
Event: 168.018 Executing VM operation: G1CollectForAllocation

Memory protections (20 events):
Event: 32.597 Protecting memory [0x00007f7a4e1be000,0x00007f7a4e1c2000] with protection modes 0
Event: 33.207 Protecting memory [0x00007f7a4e0bd000,0x00007f7a4e0c1000] with protection modes 0
Event: 33.497 Protecting memory [0x00007f7a4dfbc000,0x00007f7a4dfc0000] with protection modes 0
Event: 33.536 Protecting memory [0x00007f7a4debb000,0x00007f7a4debf000] with protection modes 0
Event: 33.636 Protecting memory [0x00007f7a4ddba000,0x00007f7a4ddbe000] with protection modes 0
Event: 33.894 Protecting memory [0x00007f7a4dcb9000,0x00007f7a4dcbd000] with protection modes 0
Event: 33.907 Protecting memory [0x00007f7a4dbb8000,0x00007f7a4dbbc000] with protection modes 0
Event: 37.641 Protecting memory [0x00007f7a4dab7000,0x00007f7a4dabb000] with protection modes 0
Event: 37.826 Protecting memory [0x00007f7a4d9b6000,0x00007f7a4d9ba000] with protection modes 0
Event: 37.828 Protecting memory [0x00007f7a4d8b5000,0x00007f7a4d8b9000] with protection modes 0
Event: 37.840 Protecting memory [0x00007f7a4d7b4000,0x00007f7a4d7b8000] with protection modes 0
Event: 37.930 Protecting memory [0x00007f7a4d6b3000,0x00007f7a4d6b7000] with protection modes 0
Event: 37.937 Protecting memory [0x00007f7a4d5b2000,0x00007f7a4d5b6000] with protection modes 0
Event: 38.039 Protecting memory [0x00007f7a4d4b1000,0x00007f7a4d4b5000] with protection modes 0
Event: 107.247 Protecting memory [0x00007f7a4d8b5000,0x00007f7a4d8b9000] with protection modes 0
Event: 107.321 Protecting memory [0x00007f7ab04c5000,0x00007f7ab04c9000] with protection modes 0
Event: 107.394 Protecting memory [0x00007f7a4d3b0000,0x00007f7a4d3b4000] with protection modes 0
Event: 107.398 Protecting memory [0x00007f7a4d2af000,0x00007f7a4d2b3000] with protection modes 0
Event: 111.463 Protecting memory [0x00007f7a4d1ae000,0x00007f7a4d1b2000] with protection modes 0
Event: 114.304 Protecting memory [0x00007f7a4ccf6000,0x00007f7a4ccfa000] with protection modes 0

Nmethod flushes (20 events):
Event: 167.214 Thread 0x00007f7acc0c53e0 flushing  nmethod 0x00007f7ab7b6d610
Event: 167.214 Thread 0x00007f7acc0c53e0 flushing  nmethod 0x00007f7ab7b6dd10
Event: 167.214 Thread 0x00007f7acc0c53e0 flushing  nmethod 0x00007f7ab7b70910
Event: 167.214 Thread 0x00007f7acc0c53e0 flushing  nmethod 0x00007f7ab7b70d10
Event: 167.214 Thread 0x00007f7acc0c53e0 flushing  nmethod 0x00007f7ab7b71710
Event: 167.214 Thread 0x00007f7acc0c53e0 flushing  nmethod 0x00007f7ab7b72310
Event: 167.214 Thread 0x00007f7acc0c53e0 flushing  nmethod 0x00007f7ab7b79f90
Event: 167.214 Thread 0x00007f7acc0c53e0 flushing  nmethod 0x00007f7ab7b7a710
Event: 167.214 Thread 0x00007f7acc0c53e0 flushing  nmethod 0x00007f7ab7b7c790
Event: 167.214 Thread 0x00007f7acc0c53e0 flushing  nmethod 0x00007f7ab7b86210
Event: 167.214 Thread 0x00007f7acc0c53e0 flushing  nmethod 0x00007f7ab7b86610
Event: 167.214 Thread 0x00007f7acc0c53e0 flushing  nmethod 0x00007f7ab7b8a190
Event: 167.214 Thread 0x00007f7acc0c53e0 flushing  nmethod 0x00007f7ab7b91d90
Event: 167.214 Thread 0x00007f7acc0c53e0 flushing  nmethod 0x00007f7ab7b94990
Event: 167.214 Thread 0x00007f7acc0c53e0 flushing  nmethod 0x00007f7ab7b94d90
Event: 167.214 Thread 0x00007f7acc0c53e0 flushing  nmethod 0x00007f7ab7b96a10
Event: 167.214 Thread 0x00007f7acc0c53e0 flushing  nmethod 0x00007f7ab7b96e10
Event: 167.214 Thread 0x00007f7acc0c53e0 flushing  nmethod 0x00007f7ab7bb3f90
Event: 167.214 Thread 0x00007f7acc0c53e0 flushing  nmethod 0x00007f7ab7bbcd10
Event: 167.214 Thread 0x00007f7acc0c53e0 flushing  nmethod 0x00007f7ab7bbdb10

Events (20 events):
Event: 33.206 Thread 0x00007f7a9e3a8480 Thread added: 0x00007f7aa417b250
Event: 33.442 Thread 0x00007f7a9e3a8480 Thread added: 0x00007f7aa41ae4e0
Event: 33.527 Thread 0x00007f7a9e3a8480 Thread added: 0x00007f7aa41b40c0
Event: 33.627 Thread 0x00007f7a9e3a8480 Thread added: 0x00007f7aa41af610
Event: 33.837 Thread 0x00007f7a9e3a8480 Thread added: 0x00007f7aa41bf9f0
Event: 33.900 Thread 0x00007f7a9e3a8480 Thread added: 0x00007f7aa41c50f0
Event: 37.640 Thread 0x00007f7a9e3a8480 Thread added: 0x00007f7aa44b45a0
Event: 37.820 Thread 0x00007f7aa44b45a0 Thread added: 0x00007f7a6406a5b0
Event: 37.827 Thread 0x00007f7aa44b45a0 Thread added: 0x00007f7a64071720
Event: 37.828 Thread 0x00007f7aa44b45a0 Thread added: 0x00007f7a64073830
Event: 37.930 Thread 0x00007f7aa44b45a0 Thread added: 0x00007f7a64085040
Event: 37.932 Thread 0x00007f7aa44b45a0 Thread added: 0x00007f7a64086030
Event: 38.039 Thread 0x00007f7a64085040 Thread added: 0x00007f7aa0005530
Event: 100.637 Thread 0x00007f7a64071720 Thread exited: 0x00007f7a64071720
Event: 107.247 Thread 0x00007f7aa41af610 Thread added: 0x00007f7a5025d650
Event: 107.321 Thread 0x00007f7a5025d650 Thread added: 0x00007f7aa407bd40
Event: 107.393 Thread 0x00007f7a5025d650 Thread added: 0x00007f7aa42f8210
Event: 107.398 Thread 0x00007f7a5025d650 Thread added: 0x00007f7aa42f7360
Event: 111.463 Thread 0x00007f7a9e3a8480 Thread added: 0x00007f7aa41e9270
Event: 114.302 Thread 0x00007f7a9e3a8480 Thread added: 0x00007f7aa4928890


Dynamic libraries:
b0000000-c8400000 rw-p 00000000 00:00 0 
d3600000-ffe00000 ---p 00000000 00:00 0 
ffe00000-ffe75000 rw-p 00c7a000 00:25 13853                              /usr/lib/jvm/java-17-openjdk-amd64/lib/server/classes.jsa
ffe75000-fff00000 rw-p 00000000 00:00 0 
fff00000-fff78000 rw-p 00c02000 00:25 13853                              /usr/lib/jvm/java-17-openjdk-amd64/lib/server/classes.jsa
fff78000-100000000 rw-p 00000000 00:00 0 
55b307b46000-55b307b47000 r--p 00000000 00:25 13495                      /usr/lib/jvm/java-17-openjdk-amd64/bin/java
55b307b47000-55b307b48000 r-xp 00001000 00:25 13495                      /usr/lib/jvm/java-17-openjdk-amd64/bin/java
55b307b48000-55b307b49000 r--p 00002000 00:25 13495                      /usr/lib/jvm/java-17-openjdk-amd64/bin/java
55b307b49000-55b307b4a000 r--p 00002000 00:25 13495                      /usr/lib/jvm/java-17-openjdk-amd64/bin/java
55b307b4a000-55b307b4b000 rw-p 00003000 00:25 13495                      /usr/lib/jvm/java-17-openjdk-amd64/bin/java
55b308c3a000-55b308ca4000 rw-p 00000000 00:00 0                          [heap]
7f7a44000000-7f7a44b00000 rw-p 00000000 00:00 0 
7f7a44b00000-7f7a44c00000 rw-p 00000000 00:00 0 
7f7a44c00000-7f7a44fc0000 rw-p 00000000 00:00 0 
7f7a44fc0000-7f7a45100000 rw-p 00000000 00:00 0 
7f7a45100000-7f7a45300000 rw-p 00000000 00:00 0 
7f7a45300000-7f7a45380000 rw-p 00000000 00:00 0 
7f7a45380000-7f7a45500000 rw-p 00000000 00:00 0 
7f7a45500000-7f7a45900000 rw-p 00000000 00:00 0 
7f7a45900000-7f7a459e0000 rw-p 00000000 00:00 0 
7f7a459e0000-7f7a45a00000 ---p 00000000 00:00 0 
7f7a45a00000-7f7a45a20000 rw-p 00000000 00:00 0 
7f7a45a20000-7f7a473a0000 rw-p 00000000 00:00 0 
7f7a473a0000-7f7a48000000 ---p 00000000 00:00 0 
7f7a48000000-7f7a4808a000 rw-p 00000000 00:00 0 
7f7a4808a000-7f7a4c000000 ---p 00000000 00:00 0 
7f7a4ccf5000-7f7a4ccf6000 ---p 00000000 00:00 0 
7f7a4ccf6000-7f7a4ccfa000 ---p 00000000 00:00 0 
7f7a4ccfa000-7f7a4cdf6000 rw-p 00000000 00:00 0 
7f7a4d1ad000-7f7a4d1ae000 ---p 00000000 00:00 0 
7f7a4d1ae000-7f7a4d1b2000 ---p 00000000 00:00 0 
7f7a4d1b2000-7f7a4d2ae000 rw-p 00000000 00:00 0 
7f7a4d2ae000-7f7a4d2af000 ---p 00000000 00:00 0 
7f7a4d2af000-7f7a4d2b3000 ---p 00000000 00:00 0 
7f7a4d2b3000-7f7a4d3af000 rw-p 00000000 00:00 0 
7f7a4d3af000-7f7a4d3b0000 ---p 00000000 00:00 0 
7f7a4d3b0000-7f7a4d3b4000 ---p 00000000 00:00 0 
7f7a4d3b4000-7f7a4d4b0000 rw-p 00000000 00:00 0 
7f7a4d4b0000-7f7a4d4b1000 ---p 00000000 00:00 0 
7f7a4d4b1000-7f7a4d4b5000 ---p 00000000 00:00 0 
7f7a4d4b5000-7f7a4d5b1000 rw-p 00000000 00:00 0 
7f7a4d5b1000-7f7a4d5b2000 ---p 00000000 00:00 0 
7f7a4d5b2000-7f7a4d5b6000 ---p 00000000 00:00 0 
7f7a4d5b6000-7f7a4d6b2000 rw-p 00000000 00:00 0 
7f7a4d6b2000-7f7a4d6b3000 ---p 00000000 00:00 0 
7f7a4d6b3000-7f7a4d6b7000 ---p 00000000 00:00 0 
7f7a4d6b7000-7f7a4d7b3000 rw-p 00000000 00:00 0 
7f7a4d7b3000-7f7a4d7b4000 ---p 00000000 00:00 0 
7f7a4d7b4000-7f7a4d7b8000 ---p 00000000 00:00 0 
7f7a4d7b8000-7f7a4d8b4000 rw-p 00000000 00:00 0 
7f7a4d8b4000-7f7a4d8b5000 ---p 00000000 00:00 0 
7f7a4d8b5000-7f7a4d8b9000 ---p 00000000 00:00 0 
7f7a4d8b9000-7f7a4d9b5000 rw-p 00000000 00:00 0 
7f7a4d9b5000-7f7a4d9b6000 ---p 00000000 00:00 0 
7f7a4d9b6000-7f7a4d9ba000 ---p 00000000 00:00 0 
7f7a4d9ba000-7f7a4dab6000 rw-p 00000000 00:00 0 
7f7a4dab6000-7f7a4dab7000 ---p 00000000 00:00 0 
7f7a4dab7000-7f7a4dabb000 ---p 00000000 00:00 0 
7f7a4dabb000-7f7a4dbb7000 rw-p 00000000 00:00 0 
7f7a4dbb7000-7f7a4dbb8000 ---p 00000000 00:00 0 
7f7a4dbb8000-7f7a4dbbc000 ---p 00000000 00:00 0 
7f7a4dbbc000-7f7a4dcb8000 rw-p 00000000 00:00 0 
7f7a4dcb8000-7f7a4dcb9000 ---p 00000000 00:00 0 
7f7a4dcb9000-7f7a4dcbd000 ---p 00000000 00:00 0 
7f7a4dcbd000-7f7a4ddb9000 rw-p 00000000 00:00 0 
7f7a4ddb9000-7f7a4ddba000 ---p 00000000 00:00 0 
7f7a4ddba000-7f7a4ddbe000 ---p 00000000 00:00 0 
7f7a4ddbe000-7f7a4deba000 rw-p 00000000 00:00 0 
7f7a4deba000-7f7a4debb000 ---p 00000000 00:00 0 
7f7a4debb000-7f7a4debf000 ---p 00000000 00:00 0 
7f7a4debf000-7f7a4dfbb000 rw-p 00000000 00:00 0 
7f7a4dfbb000-7f7a4dfbc000 ---p 00000000 00:00 0 
7f7a4dfbc000-7f7a4dfc0000 ---p 00000000 00:00 0 
7f7a4dfc0000-7f7a4e0bc000 rw-p 00000000 00:00 0 
7f7a4e0bc000-7f7a4e0bd000 ---p 00000000 00:00 0 
7f7a4e0bd000-7f7a4e0c1000 ---p 00000000 00:00 0 
7f7a4e0c1000-7f7a4e1bd000 rw-p 00000000 00:00 0 
7f7a4e1bd000-7f7a4e1be000 ---p 00000000 00:00 0 
7f7a4e1be000-7f7a4e1c2000 ---p 00000000 00:00 0 
7f7a4e1c2000-7f7a4e2be000 rw-p 00000000 00:00 0 
7f7a4e2be000-7f7a4e2bf000 ---p 00000000 00:00 0 
7f7a4e2bf000-7f7a4e2c3000 ---p 00000000 00:00 0 
7f7a4e2c3000-7f7a4e3bf000 rw-p 00000000 00:00 0 
7f7a4e3bf000-7f7a4e3c0000 ---p 00000000 00:00 0 
7f7a4e3c0000-7f7a4e3c4000 ---p 00000000 00:00 0 
7f7a4e3c4000-7f7a4e4c0000 rw-p 00000000 00:00 0 
7f7a4e4c0000-7f7a4e4c1000 ---p 00000000 00:00 0 
7f7a4e4c1000-7f7a4e4c5000 ---p 00000000 00:00 0 
7f7a4e4c5000-7f7a4e5c1000 rw-p 00000000 00:00 0 
7f7a4e5c1000-7f7a4e5c2000 ---p 00000000 00:00 0 
7f7a4e5c2000-7f7a4e5c6000 ---p 00000000 00:00 0 
7f7a4e5c6000-7f7a4e6c2000 rw-p 00000000 00:00 0 
7f7a4e6c2000-7f7a4e6c3000 ---p 00000000 00:00 0 
7f7a4e6c3000-7f7a4e6c7000 ---p 00000000 00:00 0 
7f7a4e6c7000-7f7a4e7c3000 rw-p 00000000 00:00 0 
7f7a4e7c3000-7f7a4e7c4000 ---p 00000000 00:00 0 
7f7a4e7c4000-7f7a4e7c8000 ---p 00000000 00:00 0 
7f7a4e7c8000-7f7a4e8c4000 rw-p 00000000 00:00 0 
7f7a4e8c4000-7f7a4e8c5000 ---p 00000000 00:00 0 
7f7a4e8c5000-7f7a4e8c9000 ---p 00000000 00:00 0 
7f7a4e8c9000-7f7a4e9c5000 rw-p 00000000 00:00 0 
7f7a4e9c5000-7f7a4e9c6000 ---p 00000000 00:00 0 
7f7a4e9c6000-7f7a4e9ca000 ---p 00000000 00:00 0 
7f7a4e9ca000-7f7a4eac6000 rw-p 00000000 00:00 0 
7f7a4eac6000-7f7a4eac7000 ---p 00000000 00:00 0 
7f7a4eac7000-7f7a4eacb000 ---p 00000000 00:00 0 
7f7a4eacb000-7f7a4ebc7000 rw-p 00000000 00:00 0 
7f7a4ebf0000-7f7a4ebf1000 ---p 00000000 00:00 0 
7f7a4ebf1000-7f7a4ebf5000 ---p 00000000 00:00 0 
7f7a4ebf5000-7f7a4ecf1000 rw-p 00000000 00:00 0 
7f7a4ecf1000-7f7a4ecf2000 ---p 00000000 00:00 0 
7f7a4ecf2000-7f7a4ecf6000 ---p 00000000 00:00 0 
7f7a4ecf6000-7f7a4edf2000 rw-p 00000000 00:00 0 
7f7a4edf2000-7f7a4edf3000 ---p 00000000 00:00 0 
7f7a4edf3000-7f7a4edf7000 ---p 00000000 00:00 0 
7f7a4edf7000-7f7a4eef3000 rw-p 00000000 00:00 0 
7f7a4eef3000-7f7a4eef4000 ---p 00000000 00:00 0 
7f7a4eef4000-7f7a4eef8000 ---p 00000000 00:00 0 
7f7a4eef8000-7f7a4eff4000 rw-p 00000000 00:00 0 
7f7a4eff4000-7f7a4eff5000 ---p 00000000 00:00 0 
7f7a4eff5000-7f7a4eff9000 ---p 00000000 00:00 0 
7f7a4eff9000-7f7a4f0f5000 rw-p 00000000 00:00 0 
7f7a4f0f5000-7f7a4f0f6000 ---p 00000000 00:00 0 
7f7a4f0f6000-7f7a4f0fa000 ---p 00000000 00:00 0 
7f7a4f0fa000-7f7a4f1f6000 rw-p 00000000 00:00 0 
7f7a4f1f6000-7f7a4f1f7000 ---p 00000000 00:00 0 
7f7a4f1f7000-7f7a4f1fb000 ---p 00000000 00:00 0 
7f7a4f1fb000-7f7a4f2f7000 rw-p 00000000 00:00 0 
7f7a4f2f7000-7f7a4f2f8000 ---p 00000000 00:00 0 
7f7a4f2f8000-7f7a4f2fc000 ---p 00000000 00:00 0 
7f7a4f2fc000-7f7a4f3f8000 rw-p 00000000 00:00 0 
7f7a4f3f8000-7f7a4f3f9000 ---p 00000000 00:00 0 
7f7a4f3f9000-7f7a4f3fd000 ---p 00000000 00:00 0 
7f7a4f3fd000-7f7a4f4f9000 rw-p 00000000 00:00 0 
7f7a4f4f9000-7f7a4f4fa000 ---p 00000000 00:00 0 
7f7a4f4fa000-7f7a4f4fe000 ---p 00000000 00:00 0 
7f7a4f4fe000-7f7a4f5fa000 rw-p 00000000 00:00 0 
7f7a4f5fa000-7f7a4f5fb000 ---p 00000000 00:00 0 
7f7a4f5fb000-7f7a4f5ff000 ---p 00000000 00:00 0 
7f7a4f5ff000-7f7a4f6fb000 rw-p 00000000 00:00 0 
7f7a4f6fb000-7f7a4f6fc000 ---p 00000000 00:00 0 
7f7a4f6fc000-7f7a4f700000 ---p 00000000 00:00 0 
7f7a4f700000-7f7a4f7fc000 rw-p 00000000 00:00 0 
7f7a4f7fc000-7f7a4f7fd000 ---p 00000000 00:00 0 
7f7a4f7fd000-7f7a4f801000 ---p 00000000 00:00 0 
7f7a4f801000-7f7a4f8fd000 rw-p 00000000 00:00 0 
7f7a4f8fd000-7f7a4f8fe000 ---p 00000000 00:00 0 
7f7a4f8fe000-7f7a4f902000 ---p 00000000 00:00 0 
7f7a4f902000-7f7a4f9fe000 rw-p 00000000 00:00 0 
7f7a4f9fe000-7f7a4f9ff000 ---p 00000000 00:00 0 
7f7a4f9ff000-7f7a4fa03000 ---p 00000000 00:00 0 
7f7a4fa03000-7f7a4faff000 rw-p 00000000 00:00 0 
7f7a4faff000-7f7a4fb00000 ---p 00000000 00:00 0 
7f7a4fb00000-7f7a4fb04000 ---p 00000000 00:00 0 
7f7a4fb04000-7f7a4fc00000 rw-p 00000000 00:00 0 
7f7a4fc00000-7f7a4fc53000 r-xp 00000000 fe:00 141254                     /root/.gradle/native/100fb08df4bc3b14c8652ba06237920a3bd2aa13389f12d3474272988ae205f9/linux-amd64/libnative-platform-file-events.so
7f7a4fc53000-7f7a4fe52000 ---p 00053000 fe:00 141254                     /root/.gradle/native/100fb08df4bc3b14c8652ba06237920a3bd2aa13389f12d3474272988ae205f9/linux-amd64/libnative-platform-file-events.so
7f7a4fe52000-7f7a4fe53000 r--p 00052000 fe:00 141254                     /root/.gradle/native/100fb08df4bc3b14c8652ba06237920a3bd2aa13389f12d3474272988ae205f9/linux-amd64/libnative-platform-file-events.so
7f7a4fe53000-7f7a4fe55000 rw-p 00053000 fe:00 141254                     /root/.gradle/native/100fb08df4bc3b14c8652ba06237920a3bd2aa13389f12d3474272988ae205f9/linux-amd64/libnative-platform-file-events.so
7f7a4feff000-7f7a4ff00000 ---p 00000000 00:00 0 
7f7a4ff00000-7f7a4ff04000 ---p 00000000 00:00 0 
7f7a4ff04000-7f7a50000000 rw-p 00000000 00:00 0 
7f7a50000000-7f7a53b19000 rw-p 00000000 00:00 0 
7f7a53b19000-7f7a54000000 ---p 00000000 00:00 0 
7f7a54000000-7f7a55401000 rw-p 00000000 00:00 0 
7f7a55401000-7f7a58000000 ---p 00000000 00:00 0 
7f7a58000000-7f7a58099000 rw-p 00000000 00:00 0 
7f7a58099000-7f7a5c000000 ---p 00000000 00:00 0 
7f7a5c000000-7f7a5c021000 rw-p 00000000 00:00 0 
7f7a5c021000-7f7a60000000 ---p 00000000 00:00 0 
7f7a60000000-7f7a60021000 rw-p 00000000 00:00 0 
7f7a60021000-7f7a64000000 ---p 00000000 00:00 0 
7f7a64000000-7f7a655b6000 rw-p 00000000 00:00 0 
7f7a655b6000-7f7a68000000 ---p 00000000 00:00 0 
7f7a68000000-7f7a6850a000 rw-p 00000000 00:00 0 
7f7a6850a000-7f7a6c000000 ---p 00000000 00:00 0 
7f7a6c000000-7f7a6c031000 rw-p 00000000 00:00 0 
7f7a6c031000-7f7a70000000 ---p 00000000 00:00 0 
7f7a70000000-7f7a70400000 rw-p 00000000 00:00 0 
7f7a70400000-7f7a707e0000 rw-p 00000000 00:00 0 
7f7a707e0000-7f7a70800000 rw-p 00000000 00:00 0 
7f7a70800000-7f7a70900000 rw-p 00000000 00:00 0 
7f7a70900000-7f7a70a00000 rw-p 00000000 00:00 0 
7f7a70a00000-7f7a71600000 rw-p 00000000 00:00 0 
7f7a71600000-7f7a71780000 rw-p 00000000 00:00 0 
7f7a71780000-7f7a71900000 rw-p 00000000 00:00 0 
7f7a71900000-7f7a71b00000 rw-p 00000000 00:00 0 
7f7a71b00000-7f7a71c00000 rw-p 00000000 00:00 0 
7f7a71c00000-7f7a72b00000 rw-p 00000000 00:00 0 
7f7a72b00000-7f7a72c00000 rw-p 00000000 00:00 0 
7f7a72c00000-7f7a73300000 rw-p 00000000 00:00 0 
7f7a73300000-7f7a73400000 rw-p 00000000 00:00 0 
7f7a73400000-7f7a73780000 rw-p 00000000 00:00 0 
7f7a73780000-7f7a73900000 rw-p 00000000 00:00 0 
7f7a73900000-7f7a74000000 rw-p 00000000 00:00 0 
7f7a74000000-7f7a74455000 rw-p 00001000 00:25 13853                      /usr/lib/jvm/java-17-openjdk-amd64/lib/server/classes.jsa
7f7a74455000-7f7a74bca000 rw-p 00456000 00:25 13853                      /usr/lib/jvm/java-17-openjdk-amd64/lib/server/classes.jsa
7f7a74bca000-7f7a75000000 ---p 00000000 00:00 0 
7f7a75000000-7f7a75040000 rw-p 00000000 00:00 0 
7f7a75040000-7f7a75080000 rw-p 00000000 00:00 0 
7f7a75080000-7f7a75140000 rw-p 00000000 00:00 0 
7f7a75140000-7f7a75180000 rw-p 00000000 00:00 0 
7f7a75180000-7f7a75440000 rw-p 00000000 00:00 0 
7f7a75440000-7f7a75640000 rw-p 00000000 00:00 0 
7f7a75640000-7f7a75680000 rw-p 00000000 00:00 0 
7f7a75680000-7f7a75940000 rw-p 00000000 00:00 0 
7f7a75940000-7f7a75980000 rw-p 00000000 00:00 0 
7f7a75980000-7f7a75d60000 rw-p 00000000 00:00 0 
7f7a75d60000-7f7a75dc0000 rw-p 00000000 00:00 0 
7f7a75dc0000-7f7a75e60000 rw-p 00000000 00:00 0 
7f7a75e60000-7f7a75e80000 rw-p 00000000 00:00 0 
7f7a75e80000-7f7a76290000 rw-p 00000000 00:00 0 
7f7a76290000-7f7a9c000000 ---p 00000000 00:00 0 
7f7a9c000000-7f7a9e4b1000 rw-p 00000000 00:00 0 
7f7a9e4b1000-7f7aa0000000 ---p 00000000 00:00 0 
7f7aa0000000-7f7aa0021000 rw-p 00000000 00:00 0 
7f7aa0021000-7f7aa4000000 ---p 00000000 00:00 0 
7f7aa4000000-7f7aa4c2d000 rw-p 00000000 00:00 0 
7f7aa4c2d000-7f7aa8000000 ---p 00000000 00:00 0 
7f7aa8000000-7f7aa80b8000 rw-p 00000000 00:00 0 
7f7aa80b8000-7f7aac000000 ---p 00000000 00:00 0 
7f7aac000000-7f7aac072000 rw-p 00000000 00:00 0 
7f7aac072000-7f7ab0000000 ---p 00000000 00:00 0 
7f7ab00ff000-7f7ab0100000 ---p 00000000 00:00 0 
7f7ab0100000-7f7ab0200000 rw-p 00000000 00:00 0 
7f7ab0200000-7f7ab0205000 r-xp 00000000 fe:00 141225                     /root/.gradle/native/c067742578af261105cb4f569cf0c3c89f3d7b1fecec35dd04571415982c5e48/linux-amd64/libnative-platform.so
7f7ab0205000-7f7ab0405000 ---p 00005000 fe:00 141225                     /root/.gradle/native/c067742578af261105cb4f569cf0c3c89f3d7b1fecec35dd04571415982c5e48/linux-amd64/libnative-platform.so
7f7ab0405000-7f7ab0406000 r--p 00005000 fe:00 141225                     /root/.gradle/native/c067742578af261105cb4f569cf0c3c89f3d7b1fecec35dd04571415982c5e48/linux-amd64/libnative-platform.so
7f7ab0406000-7f7ab0407000 rw-p 00006000 fe:00 141225                     /root/.gradle/native/c067742578af261105cb4f569cf0c3c89f3d7b1fecec35dd04571415982c5e48/linux-amd64/libnative-platform.so
7f7ab04c4000-7f7ab04c5000 ---p 00000000 00:00 0 
7f7ab04c5000-7f7ab04c9000 ---p 00000000 00:00 0 
7f7ab04c9000-7f7ab04e7000 rw-p 00000000 00:00 0 
7f7ab04e7000-7f7ab04e8000 r--p 00000000 00:25 13837                      /usr/lib/jvm/java-17-openjdk-amd64/lib/librmi.so
7f7ab04e8000-7f7ab04e9000 r-xp 00001000 00:25 13837                      /usr/lib/jvm/java-17-openjdk-amd64/lib/librmi.so
7f7ab04e9000-7f7ab04ea000 r--p 00002000 00:25 13837                      /usr/lib/jvm/java-17-openjdk-amd64/lib/librmi.so
7f7ab04ea000-7f7ab04eb000 r--p 00002000 00:25 13837                      /usr/lib/jvm/java-17-openjdk-amd64/lib/librmi.so
7f7ab04eb000-7f7ab04ec000 rw-p 00003000 00:25 13837                      /usr/lib/jvm/java-17-openjdk-amd64/lib/librmi.so
7f7ab04ec000-7f7ab04ed000 r--p 00000000 00:25 13813                      /usr/lib/jvm/java-17-openjdk-amd64/lib/libextnet.so
7f7ab04ed000-7f7ab04ee000 r-xp 00001000 00:25 13813                      /usr/lib/jvm/java-17-openjdk-amd64/lib/libextnet.so
7f7ab04ee000-7f7ab04ef000 r--p 00002000 00:25 13813                      /usr/lib/jvm/java-17-openjdk-amd64/lib/libextnet.so
7f7ab04ef000-7f7ab04f0000 r--p 00002000 00:25 13813                      /usr/lib/jvm/java-17-openjdk-amd64/lib/libextnet.so
7f7ab04f0000-7f7ab04f1000 rw-p 00003000 00:25 13813                      /usr/lib/jvm/java-17-openjdk-amd64/lib/libextnet.so
7f7ab04f1000-7f7ab04f3000 r--p 00000000 00:25 13832                      /usr/lib/jvm/java-17-openjdk-amd64/lib/libmanagement_ext.so
7f7ab04f3000-7f7ab04f6000 r-xp 00002000 00:25 13832                      /usr/lib/jvm/java-17-openjdk-amd64/lib/libmanagement_ext.so
7f7ab04f6000-7f7ab04f7000 r--p 00005000 00:25 13832                      /usr/lib/jvm/java-17-openjdk-amd64/lib/libmanagement_ext.so
7f7ab04f7000-7f7ab04f8000 r--p 00006000 00:25 13832                      /usr/lib/jvm/java-17-openjdk-amd64/lib/libmanagement_ext.so
7f7ab04f8000-7f7ab04f9000 rw-p 00007000 00:25 13832                      /usr/lib/jvm/java-17-openjdk-amd64/lib/libmanagement_ext.so
7f7ab04f9000-7f7ab04fd000 r--p 00000000 00:25 13842                      /usr/lib/jvm/java-17-openjdk-amd64/lib/libverify.so
7f7ab04fd000-7f7ab0504000 r-xp 00004000 00:25 13842                      /usr/lib/jvm/java-17-openjdk-amd64/lib/libverify.so
7f7ab0504000-7f7ab0506000 r--p 0000b000 00:25 13842                      /usr/lib/jvm/java-17-openjdk-amd64/lib/libverify.so
7f7ab0506000-7f7ab0508000 r--p 0000c000 00:25 13842                      /usr/lib/jvm/java-17-openjdk-amd64/lib/libverify.so
7f7ab0508000-7f7ab0509000 rw-p 0000e000 00:25 13842                      /usr/lib/jvm/java-17-openjdk-amd64/lib/libverify.so
7f7ab0509000-7f7ab050a000 ---p 00000000 00:00 0 
7f7ab050a000-7f7ab060a000 rw-p 00000000 00:00 0 
7f7ab060a000-7f7ab060b000 ---p 00000000 00:00 0 
7f7ab060b000-7f7ab070b000 rw-p 00000000 00:00 0 
7f7ab070b000-7f7ab070c000 ---p 00000000 00:00 0 
7f7ab070c000-7f7ab0710000 ---p 00000000 00:00 0 
7f7ab0710000-7f7ab080c000 rw-p 00000000 00:00 0 
7f7ab080c000-7f7ab080d000 ---p 00000000 00:00 0 
7f7ab080d000-7f7ab0811000 ---p 00000000 00:00 0 
7f7ab0811000-7f7ab090d000 rw-p 00000000 00:00 0 
7f7ab090d000-7f7ab090e000 ---p 00000000 00:00 0 
7f7ab090e000-7f7ab0912000 ---p 00000000 00:00 0 
7f7ab0912000-7f7ab0a0e000 rw-p 00000000 00:00 0 
7f7ab0a0e000-7f7ab0a0f000 ---p 00000000 00:00 0 
7f7ab0a0f000-7f7ab0a13000 ---p 00000000 00:00 0 
7f7ab0a13000-7f7ab0b0f000 rw-p 00000000 00:00 0 
7f7ab0b0f000-7f7ab0b10000 ---p 00000000 00:00 0 
7f7ab0b10000-7f7ab0b14000 ---p 00000000 00:00 0 
7f7ab0b14000-7f7ab0c10000 rw-p 00000000 00:00 0 
7f7ab0c10000-7f7ab0c11000 ---p 00000000 00:00 0 
7f7ab0c11000-7f7ab0c15000 ---p 00000000 00:00 0 
7f7ab0c15000-7f7ab3321000 rw-p 00000000 00:00 0 
7f7ab3321000-7f7ab4109000 ---p 00000000 00:00 0 
7f7ab4109000-7f7ab4721000 rw-p 00000000 00:00 0 
7f7ab4721000-7f7ab5509000 ---p 00000000 00:00 0 
7f7ab5509000-7f7ab5511000 rw-p 00000000 00:00 0 
7f7ab5511000-7f7ab7c11000 rwxp 00000000 00:00 0 
7f7ab7c11000-7f7abca49000 ---p 00000000 00:00 0 
7f7abca49000-7f7abccb9000 rwxp 00000000 00:00 0 
7f7abccb9000-7f7abcfd8000 ---p 00000000 00:00 0 
7f7abcfd8000-7f7abda38000 rwxp 00000000 00:00 0 
7f7abda38000-7f7ac4511000 ---p 00000000 00:00 0 
7f7ac4511000-7f7acc000000 r--s 00000000 00:25 13844                      /usr/lib/jvm/java-17-openjdk-amd64/lib/modules
7f7acc000000-7f7acd41d000 rw-p 00000000 00:00 0 
7f7acd41d000-7f7ad0000000 ---p 00000000 00:00 0 
7f7ad0001000-7f7ad0002000 r--p 00000000 00:25 18162                      /usr/lib/x86_64-linux-gnu/libpthread.so.0
7f7ad0002000-7f7ad0003000 r-xp 00001000 00:25 18162                      /usr/lib/x86_64-linux-gnu/libpthread.so.0
7f7ad0003000-7f7ad0004000 r--p 00002000 00:25 18162                      /usr/lib/x86_64-linux-gnu/libpthread.so.0
7f7ad0004000-7f7ad0005000 r--p 00002000 00:25 18162                      /usr/lib/x86_64-linux-gnu/libpthread.so.0
7f7ad0005000-7f7ad0006000 rw-p 00003000 00:25 18162                      /usr/lib/x86_64-linux-gnu/libpthread.so.0
7f7ad0006000-7f7ad000a000 r--p 00000000 00:25 13834                      /usr/lib/jvm/java-17-openjdk-amd64/lib/libnet.so
7f7ad000a000-7f7ad0018000 r-xp 00004000 00:25 13834                      /usr/lib/jvm/java-17-openjdk-amd64/lib/libnet.so
7f7ad0018000-7f7ad001c000 r--p 00012000 00:25 13834                      /usr/lib/jvm/java-17-openjdk-amd64/lib/libnet.so
7f7ad001c000-7f7ad001d000 r--p 00015000 00:25 13834                      /usr/lib/jvm/java-17-openjdk-amd64/lib/libnet.so
7f7ad001d000-7f7ad001e000 rw-p 00016000 00:25 13834                      /usr/lib/jvm/java-17-openjdk-amd64/lib/libnet.so
7f7ad001e000-7f7ad001f000 ---p 00000000 00:00 0 
7f7ad001f000-7f7ad0023000 ---p 00000000 00:00 0 
7f7ad0023000-7f7ad011f000 rw-p 00000000 00:00 0 
7f7ad011f000-7f7ad0120000 ---p 00000000 00:00 0 
7f7ad0120000-7f7ad0124000 ---p 00000000 00:00 0 
7f7ad0124000-7f7ad0220000 rw-p 00000000 00:00 0 
7f7ad0220000-7f7ad0277000 r--p 00000000 00:25 13893                      /usr/lib/locale/C.utf8/LC_CTYPE
7f7ad0277000-7f7ad0278000 ---p 00000000 00:00 0 
7f7ad0278000-7f7ad027c000 ---p 00000000 00:00 0 
7f7ad027c000-7f7ad0378000 rw-p 00000000 00:00 0 
7f7ad0378000-7f7ad0379000 ---p 00000000 00:00 0 
7f7ad0379000-7f7ad037d000 ---p 00000000 00:00 0 
7f7ad037d000-7f7ad0479000 rw-p 00000000 00:00 0 
7f7ad0479000-7f7ad047a000 ---p 00000000 00:00 0 
7f7ad047a000-7f7ad057a000 rw-p 00000000 00:00 0 
7f7ad057a000-7f7ad057f000 r--p 00000000 00:25 13828                      /usr/lib/jvm/java-17-openjdk-amd64/lib/libjsvml.so
7f7ad057f000-7f7ad05c0000 r-xp 00005000 00:25 13828                      /usr/lib/jvm/java-17-openjdk-amd64/lib/libjsvml.so
7f7ad05c0000-7f7ad0649000 r--p 00046000 00:25 13828                      /usr/lib/jvm/java-17-openjdk-amd64/lib/libjsvml.so
7f7ad0649000-7f7ad064a000 r--p 000ce000 00:25 13828                      /usr/lib/jvm/java-17-openjdk-amd64/lib/libjsvml.so
7f7ad064a000-7f7ad064b000 rw-p 000cf000 00:25 13828                      /usr/lib/jvm/java-17-openjdk-amd64/lib/libjsvml.so
7f7ad064b000-7f7ad0727000 rw-p 00000000 00:00 0 
7f7ad076b000-7f7ad076d000 r--p 00000000 00:25 13830                      /usr/lib/jvm/java-17-openjdk-amd64/lib/libmanagement.so
7f7ad076d000-7f7ad076e000 r-xp 00002000 00:25 13830                      /usr/lib/jvm/java-17-openjdk-amd64/lib/libmanagement.so
7f7ad076e000-7f7ad076f000 r--p 00003000 00:25 13830                      /usr/lib/jvm/java-17-openjdk-amd64/lib/libmanagement.so
7f7ad076f000-7f7ad0770000 r--p 00003000 00:25 13830                      /usr/lib/jvm/java-17-openjdk-amd64/lib/libmanagement.so
7f7ad0770000-7f7ad0771000 rw-p 00004000 00:25 13830                      /usr/lib/jvm/java-17-openjdk-amd64/lib/libmanagement.so
7f7ad0771000-7f7ad0778000 r--p 00000000 00:25 13835                      /usr/lib/jvm/java-17-openjdk-amd64/lib/libnio.so
7f7ad0778000-7f7ad0781000 r-xp 00007000 00:25 13835                      /usr/lib/jvm/java-17-openjdk-amd64/lib/libnio.so
7f7ad0781000-7f7ad0785000 r--p 00010000 00:25 13835                      /usr/lib/jvm/java-17-openjdk-amd64/lib/libnio.so
7f7ad0785000-7f7ad0786000 r--p 00014000 00:25 13835                      /usr/lib/jvm/java-17-openjdk-amd64/lib/libnio.so
7f7ad0786000-7f7ad0787000 rw-p 00015000 00:25 13835                      /usr/lib/jvm/java-17-openjdk-amd64/lib/libnio.so
7f7ad0787000-7f7ad0789000 r--p 00000000 00:25 13843                      /usr/lib/jvm/java-17-openjdk-amd64/lib/libzip.so
7f7ad0789000-7f7ad078d000 r-xp 00002000 00:25 13843                      /usr/lib/jvm/java-17-openjdk-amd64/lib/libzip.so
7f7ad078d000-7f7ad078f000 r--p 00006000 00:25 13843                      /usr/lib/jvm/java-17-openjdk-amd64/lib/libzip.so
7f7ad078f000-7f7ad0790000 r--p 00007000 00:25 13843                      /usr/lib/jvm/java-17-openjdk-amd64/lib/libzip.so
7f7ad0790000-7f7ad0791000 rw-p 00008000 00:25 13843                      /usr/lib/jvm/java-17-openjdk-amd64/lib/libzip.so
7f7ad0791000-7f7ad0792000 r--p 00000000 00:25 13899                      /usr/lib/locale/C.utf8/LC_NUMERIC
7f7ad0792000-7f7ad0793000 r--p 00000000 00:25 13902                      /usr/lib/locale/C.utf8/LC_TIME
7f7ad0793000-7f7ad0794000 r--p 00000000 00:25 13892                      /usr/lib/locale/C.utf8/LC_COLLATE
7f7ad0794000-7f7ad0795000 r--p 00000000 00:25 13897                      /usr/lib/locale/C.utf8/LC_MONETARY
7f7ad0795000-7f7ad0796000 r--p 00000000 00:25 13896                      /usr/lib/locale/C.utf8/LC_MESSAGES/SYS_LC_MESSAGES
7f7ad0796000-7f7ad0797000 r--p 00000000 00:25 13900                      /usr/lib/locale/C.utf8/LC_PAPER
7f7ad0797000-7f7ad0798000 r--p 00000000 00:25 13898                      /usr/lib/locale/C.utf8/LC_NAME
7f7ad0798000-7f7ad079f000 r--s 00000000 00:25 17585                      /usr/lib/x86_64-linux-gnu/gconv/gconv-modules.cache
7f7ad079f000-7f7ad07a0000 ---p 00000000 00:00 0 
7f7ad07a0000-7f7ad08a0000 rw-p 00000000 00:00 0 
7f7ad08a0000-7f7ad08a1000 ---p 00000000 00:00 0 
7f7ad08a1000-7f7ad0ba3000 rw-p 00000000 00:00 0 
7f7ad0ba3000-7f7ad0ba4000 ---p 00000000 00:00 0 
7f7ad0ba4000-7f7ad0ca4000 rw-p 00000000 00:00 0 
7f7ad0ca4000-7f7ad0ca5000 ---p 00000000 00:00 0 
7f7ad0ca5000-7f7ad0da5000 rw-p 00000000 00:00 0 
7f7ad0da5000-7f7ad0da6000 ---p 00000000 00:00 0 
7f7ad0da6000-7f7ad0f93000 rw-p 00000000 00:00 0 
7f7ad0f93000-7f7ad1150000 ---p 00000000 00:00 0 
7f7ad1150000-7f7ad1213000 rw-p 00000000 00:00 0 
7f7ad1213000-7f7ad13d0000 ---p 00000000 00:00 0 
7f7ad13d0000-7f7ad1493000 rw-p 00000000 00:00 0 
7f7ad1493000-7f7ad1650000 ---p 00000000 00:00 0 
7f7ad1650000-7f7ad1868000 rw-p 00000000 00:00 0 
7f7ad1868000-7f7ad193e000 ---p 00000000 00:00 0 
7f7ad193e000-7f7ad198c000 rw-p 00000000 00:00 0 
7f7ad198c000-7f7ad1a29000 ---p 00000000 00:00 0 
7f7ad1a29000-7f7ad1a2e000 rw-p 00000000 00:00 0 
7f7ad1a2e000-7f7ad1a35000 ---p 00000000 00:00 0 
7f7ad1a35000-7f7ad1a3d000 rw-s 00000000 fe:00 147913                     /tmp/hsperfdata_root/2359
7f7ad1a3d000-7f7ad1a49000 r--p 00000000 00:25 13820                      /usr/lib/jvm/java-17-openjdk-amd64/lib/libjava.so
7f7ad1a49000-7f7ad1a5a000 r-xp 0000c000 00:25 13820                      /usr/lib/jvm/java-17-openjdk-amd64/lib/libjava.so
7f7ad1a5a000-7f7ad1a60000 r--p 0001d000 00:25 13820                      /usr/lib/jvm/java-17-openjdk-amd64/lib/libjava.so
7f7ad1a60000-7f7ad1a61000 r--p 00022000 00:25 13820                      /usr/lib/jvm/java-17-openjdk-amd64/lib/libjava.so
7f7ad1a61000-7f7ad1a62000 rw-p 00023000 00:25 13820                      /usr/lib/jvm/java-17-openjdk-amd64/lib/libjava.so
7f7ad1a62000-7f7ad1a63000 rw-p 00000000 00:00 0 
7f7ad1a63000-7f7ad1a64000 r--p 00000000 00:25 13815                      /usr/lib/jvm/java-17-openjdk-amd64/lib/libinstrument.so
7f7ad1a64000-7f7ad1a6a000 r-xp 00001000 00:25 13815                      /usr/lib/jvm/java-17-openjdk-amd64/lib/libinstrument.so
7f7ad1a6a000-7f7ad1a6d000 r--p 00007000 00:25 13815                      /usr/lib/jvm/java-17-openjdk-amd64/lib/libinstrument.so
7f7ad1a6d000-7f7ad1a6e000 r--p 00009000 00:25 13815                      /usr/lib/jvm/java-17-openjdk-amd64/lib/libinstrument.so
7f7ad1a6e000-7f7ad1a6f000 rw-p 0000a000 00:25 13815                      /usr/lib/jvm/java-17-openjdk-amd64/lib/libinstrument.so
7f7ad1a6f000-7f7ad1a71000 r--p 00000000 00:25 13824                      /usr/lib/jvm/java-17-openjdk-amd64/lib/libjimage.so
7f7ad1a71000-7f7ad1a74000 r-xp 00002000 00:25 13824                      /usr/lib/jvm/java-17-openjdk-amd64/lib/libjimage.so
7f7ad1a74000-7f7ad1a75000 r--p 00005000 00:25 13824                      /usr/lib/jvm/java-17-openjdk-amd64/lib/libjimage.so
7f7ad1a75000-7f7ad1a76000 r--p 00006000 00:25 13824                      /usr/lib/jvm/java-17-openjdk-amd64/lib/libjimage.so
7f7ad1a76000-7f7ad1a77000 rw-p 00007000 00:25 13824                      /usr/lib/jvm/java-17-openjdk-amd64/lib/libjimage.so
7f7ad1a77000-7f7ad1a7b000 ---p 00000000 00:00 0 
7f7ad1a7b000-7f7ad1b77000 rw-p 00000000 00:00 0 
7f7ad1b77000-7f7ad1b7a000 r--p 00000000 00:25 17971                      /usr/lib/x86_64-linux-gnu/libgcc_s.so.1
7f7ad1b7a000-7f7ad1b91000 r-xp 00003000 00:25 17971                      /usr/lib/x86_64-linux-gnu/libgcc_s.so.1
7f7ad1b91000-7f7ad1b95000 r--p 0001a000 00:25 17971                      /usr/lib/x86_64-linux-gnu/libgcc_s.so.1
7f7ad1b95000-7f7ad1b96000 r--p 0001d000 00:25 17971                      /usr/lib/x86_64-linux-gnu/libgcc_s.so.1
7f7ad1b96000-7f7ad1b97000 rw-p 0001e000 00:25 17971                      /usr/lib/x86_64-linux-gnu/libgcc_s.so.1
7f7ad1b97000-7f7ad1ba7000 r--p 00000000 00:25 18072                      /usr/lib/x86_64-linux-gnu/libm.so.6
7f7ad1ba7000-7f7ad1c1b000 r-xp 00010000 00:25 18072                      /usr/lib/x86_64-linux-gnu/libm.so.6
7f7ad1c1b000-7f7ad1c75000 r--p 00084000 00:25 18072                      /usr/lib/x86_64-linux-gnu/libm.so.6
7f7ad1c75000-7f7ad1c76000 r--p 000dd000 00:25 18072                      /usr/lib/x86_64-linux-gnu/libm.so.6
7f7ad1c76000-7f7ad1c77000 rw-p 000de000 00:25 18072                      /usr/lib/x86_64-linux-gnu/libm.so.6
7f7ad1c77000-7f7ad1d10000 r--p 00000000 00:25 18239                      /usr/lib/x86_64-linux-gnu/libstdc++.so.6.0.30
7f7ad1d10000-7f7ad1e11000 r-xp 00099000 00:25 18239                      /usr/lib/x86_64-linux-gnu/libstdc++.so.6.0.30
7f7ad1e11000-7f7ad1e80000 r--p 0019a000 00:25 18239                      /usr/lib/x86_64-linux-gnu/libstdc++.so.6.0.30
7f7ad1e80000-7f7ad1e8b000 r--p 00209000 00:25 18239                      /usr/lib/x86_64-linux-gnu/libstdc++.so.6.0.30
7f7ad1e8b000-7f7ad1e8e000 rw-p 00214000 00:25 18239                      /usr/lib/x86_64-linux-gnu/libstdc++.so.6.0.30
7f7ad1e8e000-7f7ad1e91000 rw-p 00000000 00:00 0 
7f7ad1e91000-7f7ad20e2000 r--p 00000000 00:25 13856                      /usr/lib/jvm/java-17-openjdk-amd64/lib/server/libjvm.so
7f7ad20e2000-7f7ad2e34000 r-xp 00251000 00:25 13856                      /usr/lib/jvm/java-17-openjdk-amd64/lib/server/libjvm.so
7f7ad2e34000-7f7ad30b6000 r--p 00fa3000 00:25 13856                      /usr/lib/jvm/java-17-openjdk-amd64/lib/server/libjvm.so
7f7ad30b6000-7f7ad316e000 r--p 01225000 00:25 13856                      /usr/lib/jvm/java-17-openjdk-amd64/lib/server/libjvm.so
7f7ad316e000-7f7ad31a3000 rw-p 012dd000 00:25 13856                      /usr/lib/jvm/java-17-openjdk-amd64/lib/server/libjvm.so
7f7ad31a3000-7f7ad31ff000 rw-p 00000000 00:00 0 
7f7ad31ff000-7f7ad3225000 r--p 00000000 00:25 17860                      /usr/lib/x86_64-linux-gnu/libc.so.6
7f7ad3225000-7f7ad337b000 r-xp 00026000 00:25 17860                      /usr/lib/x86_64-linux-gnu/libc.so.6
7f7ad337b000-7f7ad33ce000 r--p 0017c000 00:25 17860                      /usr/lib/x86_64-linux-gnu/libc.so.6
7f7ad33ce000-7f7ad33d2000 r--p 001cf000 00:25 17860                      /usr/lib/x86_64-linux-gnu/libc.so.6
7f7ad33d2000-7f7ad33d4000 rw-p 001d3000 00:25 17860                      /usr/lib/x86_64-linux-gnu/libc.so.6
7f7ad33d4000-7f7ad33e1000 rw-p 00000000 00:00 0 
7f7ad33e1000-7f7ad33e3000 r--p 00000000 00:25 13825                      /usr/lib/jvm/java-17-openjdk-amd64/lib/libjli.so
7f7ad33e3000-7f7ad33ec000 r-xp 00002000 00:25 13825                      /usr/lib/jvm/java-17-openjdk-amd64/lib/libjli.so
7f7ad33ec000-7f7ad33ef000 r--p 0000b000 00:25 13825                      /usr/lib/jvm/java-17-openjdk-amd64/lib/libjli.so
7f7ad33ef000-7f7ad33f0000 r--p 0000d000 00:25 13825                      /usr/lib/jvm/java-17-openjdk-amd64/lib/libjli.so
7f7ad33f0000-7f7ad33f1000 rw-p 0000e000 00:25 13825                      /usr/lib/jvm/java-17-openjdk-amd64/lib/libjli.so
7f7ad33f1000-7f7ad33f4000 r--p 00000000 00:25 1006                       /usr/lib/x86_64-linux-gnu/libz.so.1.2.13
7f7ad33f4000-7f7ad3407000 r-xp 00003000 00:25 1006                       /usr/lib/x86_64-linux-gnu/libz.so.1.2.13
7f7ad3407000-7f7ad340e000 r--p 00016000 00:25 1006                       /usr/lib/x86_64-linux-gnu/libz.so.1.2.13
7f7ad340e000-7f7ad340f000 r--p 0001c000 00:25 1006                       /usr/lib/x86_64-linux-gnu/libz.so.1.2.13
7f7ad340f000-7f7ad3410000 rw-p 0001d000 00:25 1006                       /usr/lib/x86_64-linux-gnu/libz.so.1.2.13
7f7ad3410000-7f7ad3411000 r--p 00000000 00:25 13891                      /usr/lib/locale/C.utf8/LC_ADDRESS
7f7ad3411000-7f7ad3412000 r--p 00000000 00:25 13901                      /usr/lib/locale/C.utf8/LC_TELEPHONE
7f7ad3412000-7f7ad3413000 r--p 00000000 00:25 13895                      /usr/lib/locale/C.utf8/LC_MEASUREMENT
7f7ad3413000-7f7ad3414000 r--p 00000000 00:25 13894                      /usr/lib/locale/C.utf8/LC_IDENTIFICATION
7f7ad3414000-7f7ad3415000 ---p 00000000 00:00 0 
7f7ad3415000-7f7ad3416000 r--p 00000000 00:00 0 
7f7ad3416000-7f7ad3417000 ---p 00000000 00:00 0 
7f7ad3417000-7f7ad3419000 rw-p 00000000 00:00 0 
7f7ad3419000-7f7ad341a000 r--p 00000000 00:25 17646                      /usr/lib/x86_64-linux-gnu/ld-linux-x86-64.so.2
7f7ad341a000-7f7ad3440000 r-xp 00001000 00:25 17646                      /usr/lib/x86_64-linux-gnu/ld-linux-x86-64.so.2
7f7ad3440000-7f7ad344a000 r--p 00027000 00:25 17646                      /usr/lib/x86_64-linux-gnu/ld-linux-x86-64.so.2
7f7ad344a000-7f7ad344c000 r--p 00031000 00:25 17646                      /usr/lib/x86_64-linux-gnu/ld-linux-x86-64.so.2
7f7ad344c000-7f7ad344e000 rw-p 00033000 00:25 17646                      /usr/lib/x86_64-linux-gnu/ld-linux-x86-64.so.2
7fffac1ac000-7fffac1cd000 rw-p 00000000 00:00 0                          [stack]
7fffac1f9000-7fffac1fc000 r--p 00000000 00:00 0                          [vvar]
7fffac1fc000-7fffac1fe000 r-xp 00000000 00:00 0                          [vdso]
ffffffffff600000-ffffffffff601000 r-xp 00000000 00:00 0                  [vsyscall]


VM Arguments:
jvm_args: --add-opens=java.base/java.lang=ALL-UNNAMED --add-opens=java.base/java.lang.invoke=ALL-UNNAMED --add-opens=java.base/java.util=ALL-UNNAMED --add-opens=java.prefs/java.util.prefs=ALL-UNNAMED --add-exports=jdk.compiler/com.sun.tools.javac.api=ALL-UNNAMED --add-exports=jdk.compiler/com.sun.tools.javac.util=ALL-UNNAMED --add-opens=java.base/java.util=ALL-UNNAMED --add-opens=java.prefs/java.util.prefs=ALL-UNNAMED --add-opens=java.base/java.nio.charset=ALL-UNNAMED --add-opens=java.base/java.net=ALL-UNNAMED --add-opens=java.base/java.util.concurrent.atomic=ALL-UNNAMED --add-opens=java.xml/javax.xml.namespace=ALL-UNNAMED -XX:MaxMetaspaceSize=768m -Xmx1280m -Dfile.encoding=UTF-8 -Duser.country -Duser.language=en -Duser.variant -javaagent:/root/.gradle/wrapper/dists/gradle-8.11.1-bin/bpt9gzteqjrbo1mjrsomdt32c/gradle-8.11.1/lib/agents/gradle-instrumentation-agent-8.11.1.jar 
java_command: org.gradle.launcher.daemon.bootstrap.GradleDaemon 8.11.1
java_class_path (initial): /root/.gradle/wrapper/dists/gradle-8.11.1-bin/bpt9gzteqjrbo1mjrsomdt32c/gradle-8.11.1/lib/gradle-daemon-main-8.11.1.jar
Launcher Type: SUN_STANDARD

[Global flags]
     intx CICompilerCount                          = 2                                         {product} {ergonomic}
   size_t CompressedClassSpaceSize                 = 654311424                                 {product} {ergonomic}
     uint ConcGCThreads                            = 1                                         {product} {ergonomic}
     uint G1ConcRefinementThreads                  = 2                                         {product} {ergonomic}
   size_t G1HeapRegionSize                         = 1048576                                   {product} {ergonomic}
    uintx GCDrainStackTargetSize                   = 64                                        {product} {ergonomic}
   size_t InitialHeapSize                          = 33554432                                  {product} {ergonomic}
   size_t MarkStackSize                            = 4194304                                   {product} {ergonomic}
   size_t MaxHeapSize                              = 1342177280                                {product} {command line}
   size_t MaxMetaspaceSize                         = 805306368                                 {product} {command line}
   size_t MaxNewSize                               = 805306368                                 {product} {ergonomic}
   size_t MinHeapDeltaBytes                        = 1048576                                   {product} {ergonomic}
   size_t MinHeapSize                              = 8388608                                   {product} {ergonomic}
    uintx NonNMethodCodeHeapSize                   = 5826188                                {pd product} {ergonomic}
    uintx NonProfiledCodeHeapSize                  = 122916026                              {pd product} {ergonomic}
    uintx ProfiledCodeHeapSize                     = 122916026                              {pd product} {ergonomic}
    uintx ReservedCodeCacheSize                    = 251658240                              {pd product} {ergonomic}
     bool SegmentedCodeCache                       = true                                      {product} {ergonomic}
   size_t SoftMaxHeapSize                          = 1342177280                             {manageable} {ergonomic}
     bool UseCompressedClassPointers               = true                           {product lp64_product} {ergonomic}
     bool UseCompressedOops                        = true                           {product lp64_product} {ergonomic}
     bool UseG1GC                                  = true                                      {product} {ergonomic}

Logging:
Log output configuration:
 #0: stdout all=warning uptime,level,tags
 #1: stderr all=off uptime,level,tags

Environment Variables:
PATH=/usr/local/sbin:/usr/local/bin:/usr/sbin:/usr/bin:/sbin:/bin
SHELL=/bin/bash
LANG=C.UTF-8
LC_ALL=C.UTF-8
TERM=tmux-256color

Active Locale:
LC_ALL=C.UTF-8
LC_COLLATE=C.UTF-8
LC_CTYPE=C.UTF-8
LC_MESSAGES=C.UTF-8
LC_MONETARY=C.UTF-8
LC_NUMERIC=C.UTF-8
LC_TIME=C.UTF-8

Signal Handlers:
   SIGSEGV: crash_handler in libjvm.so, mask=11100100010111111101111111111110, flags=SA_RESTART|SA_SIGINFO, unblocked
    SIGBUS: crash_handler in libjvm.so, mask=11100100010111111101111111111110, flags=SA_RESTART|SA_SIGINFO, unblocked
    SIGFPE: crash_handler in libjvm.so, mask=11100100010111111101111111111110, flags=SA_RESTART|SA_SIGINFO, unblocked
   SIGPIPE: javaSignalHandler in libjvm.so, mask=11100100010111111101111111111110, flags=SA_RESTART|SA_SIGINFO, unblocked
   SIGXFSZ: javaSignalHandler in libjvm.so, mask=11100100010111111101111111111110, flags=SA_RESTART|SA_SIGINFO, unblocked
    SIGILL: crash_handler in libjvm.so, mask=11100100010111111101111111111110, flags=SA_RESTART|SA_SIGINFO, unblocked
   SIGUSR2: SR_handler in libjvm.so, mask=00100000000000000000000000000000, flags=SA_RESTART|SA_SIGINFO, unblocked
    SIGHUP: UserHandler in libjvm.so, mask=11100100010111111101111111111110, flags=SA_RESTART|SA_SIGINFO, unblocked
    SIGINT: UserHandler in libjvm.so, mask=11100100010111111101111111111110, flags=SA_RESTART|SA_SIGINFO, unblocked
   SIGTERM: UserHandler in libjvm.so, mask=11100100010111111101111111111110, flags=SA_RESTART|SA_SIGINFO, unblocked
   SIGQUIT: UserHandler in libjvm.so, mask=11100100010111111101111111111110, flags=SA_RESTART|SA_SIGINFO, unblocked
   SIGTRAP: crash_handler in libjvm.so, mask=11100100010111111101111111111110, flags=SA_RESTART|SA_SIGINFO, unblocked


Periodic native trim disabled


---------------  S Y S T E M  ---------------

OS:
PRETTY_NAME="Debian GNU/Linux 12 (bookworm)"
NAME="Debian GNU/Linux"
VERSION_ID="12"
VERSION="12 (bookworm)"
VERSION_CODENAME=bookworm
ID=debian
HOME_URL="https://www.debian.org/"
SUPPORT_URL="https://www.debian.org/support"
BUG_REPORT_URL="https://bugs.debian.org/"
uname: Linux 4.19.91-c8dfc93.al7.x86_64 #1 SMP Tue Sep 26 10:25:51 UTC 2023 x86_64
OS uptime: 0 days 0:12 hours
libc: glibc 2.36 NPTL 2.36 
rlimit (soft/hard): STACK 8192k/infinity , CORE 0k/0k , NPROC 100000/100000 , NOFILE 100000/100000 , AS infinity/infinity , CPU infinity/infinity , DATA infinity/infinity , FSIZE infinity/infinity , MEMLOCK 64k/64k
load average: 2.50 1.99 1.08

/proc/meminfo:
MemTotal:        2152516 kB
MemFree:           31200 kB
MemAvailable:      81252 kB
Buffers:            2384 kB
Cached:            97252 kB
SwapCached:            0 kB
Active:          1982644 kB
Inactive:          50388 kB
Active(anon):    1933556 kB
Inactive(anon):       16 kB
Active(file):      49088 kB
Inactive(file):    50372 kB
Unevictable:           0 kB
Mlocked:               0 kB
SwapTotal:             0 kB
SwapFree:              0 kB
Dirty:              2292 kB
Writeback:             0 kB
AnonPages:       1933540 kB
Mapped:            17224 kB
Shmem:                32 kB
Slab:              37820 kB
SReclaimable:      24700 kB
SUnreclaim:        13120 kB
KernelStack:        3152 kB
PageTables:         5516 kB
NFS_Unstable:          0 kB
Bounce:                0 kB
WritebackTmp:          0 kB
CommitLimit:     1076256 kB
Committed_AS:    2275128 kB
VmallocTotal:   34359738367 kB
VmallocUsed:           0 kB
VmallocChunk:          0 kB
Percpu:              400 kB
AnonHugePages:    503808 kB
ShmemHugePages:        0 kB
ShmemPmdMapped:        0 kB
HugePages_Total:       0
HugePages_Free:        0
HugePages_Rsvd:        0
HugePages_Surp:        0
Hugepagesize:       2048 kB
Hugetlb:               0 kB
DirectMap4k:        8192 kB
DirectMap2M:     2523136 kB
DirectMap1G:           0 kB

/sys/kernel/mm/transparent_hugepage/enabled: [always] madvise never
/sys/kernel/mm/transparent_hugepage/hpage_pmd_size: 2097152
/sys/kernel/mm/transparent_hugepage/defrag (defrag/compaction efforts parameter): always defer defer+madvise madvise [never]

Process Memory:
Virtual Size: 3456396K (peak: 3645528K)
Resident Set Size: 783296K (peak: 783296K) (anon: 769576K, file: 13720K, shmem: 0K)
Swapped out: 0K
C-Heap outstanding allocations: 120954K, retained: 66457K
glibc malloc tunables: (default)

/proc/sys/kernel/threads-max (system-wide limit on the number of threads): 1129
/proc/sys/vm/max_map_count (maximum number of memory map areas a process may have): 65530
/proc/sys/vm/swappiness (control to define how aggressively the kernel swaps out anonymous memory): 60
/proc/sys/kernel/pid_max (system-wide limit on number of process identifiers): 32768

container (cgroup) information:
container_type: cgroupv1
cpu_cpuset_cpus: 0-1
cpu_memory_nodes: 0
active_processor_count: 2
cpu_quota: no quota
cpu_period: 100000
cpu_shares: 12288
memory_limit_in_bytes: 2097152 k
memory_and_swap_limit_in_bytes: unlimited
memory_soft_limit_in_bytes: unlimited
memory_usage_in_bytes: 2060228 k
memory_max_usage_in_bytes: 2064992 k
rss_usage_in_bytes: 1927000 k
cache_usage_in_bytes: 99128 k
kernel_memory_limit_in_bytes: unlimited
kernel_memory_usage_in_bytes: 33772 k
kernel_memory_max_usage_in_bytes: 91412 k
maximum number of tasks: unlimited
current number of tasks: 123

KVM virtualization detected
Steal ticks since vm start: 15551
Steal ticks percentage since vm start:  0.455

CPU: total 2 (initial active 2) (2 cores per cpu, 1 threads per core) family 6 model 85 stepping 7 microcode 0x1, cx8, cmov, fxsr, mmx, 3dnowpref, sse, sse2, sse3, ssse3, sse4.1, sse4.2, popcnt, lzcnt, tsc, tscinvbit, avx, avx2, aes, erms, clmul, bmi1, bmi2, adx, avx512f, avx512dq, avx512cd, avx512bw, avx512vl, fma, vzeroupper, avx512_vnni, clflush, clflushopt, clwb, hv
CPU Model and flags from /proc/cpuinfo:
model name	: Intel(R) Xeon(R) Processor @ 2.50GHz
flags		: fpu vme de pse tsc msr pae mce cx8 apic sep mtrr pge mca cmov pat pse36 clflush mmx fxsr sse sse2 ss ht syscall nx pdpe1gb rdtscp lm constant_tsc rep_good nopl xtopology nonstop_tsc cpuid tsc_known_freq pni pclmulqdq ssse3 fma cx16 pcid sse4_1 sse4_2 x2apic movbe popcnt tsc_deadline_timer aes xsave avx f16c rdrand hypervisor lahf_lm abm 3dnowprefetch cpuid_fault invpcid_single ssbd ibrs ibpb stibp ibrs_enhanced fsgsbase tsc_adjust bmi1 avx2 smep bmi2 erms invpcid mpx avx512f avx512dq rdseed adx smap clflushopt clwb avx512cd avx512bw avx512vl xsaveopt xsavec xgetbv1 xsaves umip avx512_vnni md_clear arch_capabilities

Online cpus: 0-1
Offline cpus: 
BIOS frequency limitation: <Not Available>
Frequency switch latency (ns): <Not Available>
Available cpu frequencies: <Not Available>
Current governor: <Not Available>
Core performance/turbo boost: <Not Available>

Memory: 4k page, physical 2097152k(36924k free), swap 0k(0k free)
Page Sizes: 4k

vm_info: OpenJDK 64-Bit Server VM (17.0.20+8-1-deb12u1-Debian) for linux-amd64 JRE (17.0.20+8-1-deb12u1-Debian), built on Jul 28 2026 07:08:51 by "buildd" with gcc 12.2.0

END.
