#
# There is insufficient memory for the Java Runtime Environment to continue.
# Native memory allocation (mmap) failed to map 145752064 bytes. Error detail: committing reserved memory.
# Possible reasons:
#   The system is out of physical RAM or swap space
#   This process is running with CompressedOops enabled, and the Java Heap may be blocking the growth of the native heap
# Possible solutions:
#   Reduce memory load on the system
#   Increase physical memory or swap space
#   Check if swap backing store is full
#   Decrease Java heap size (-Xmx/-Xms)
#   Decrease number of Java threads
#   Decrease Java thread stack sizes (-Xss)
#   Set larger code cache with -XX:ReservedCodeCacheSize=
#   JVM is running with Unscaled Compressed Oops mode in which the Java heap is
#     placed in the first 4GB address space. The Java Heap base address is the
#     maximum limit for the native heap growth. Please use -XX:HeapBaseMinAddress
#     to set the Java Heap base and to place the Java Heap above 4GB virtual address.
# This output file may be truncated or incomplete.
#
#  Out of Memory Error (os_linux.cpp:2834), pid=3615, tid=3625
#
# JRE version: OpenJDK Runtime Environment (17.0.20+8) (build 17.0.20+8-1-deb12u1-Debian)
# Java VM: OpenJDK 64-Bit Server VM (17.0.20+8-1-deb12u1-Debian, mixed mode, sharing, tiered, compressed oops, compressed class ptrs, g1 gc, linux-amd64)
# No core dump will be written. Core dumps have been disabled. To enable core dumping, try "ulimit -c unlimited" before starting Java again
#

---------------  S U M M A R Y ------------

Command Line: --add-opens=java.base/java.lang=ALL-UNNAMED --add-opens=java.base/java.lang.invoke=ALL-UNNAMED --add-opens=java.base/java.util=ALL-UNNAMED --add-opens=java.prefs/java.util.prefs=ALL-UNNAMED --add-exports=jdk.compiler/com.sun.tools.javac.api=ALL-UNNAMED --add-exports=jdk.compiler/com.sun.tools.javac.util=ALL-UNNAMED --add-opens=java.base/java.util=ALL-UNNAMED --add-opens=java.prefs/java.util.prefs=ALL-UNNAMED --add-opens=java.base/java.nio.charset=ALL-UNNAMED --add-opens=java.base/java.net=ALL-UNNAMED --add-opens=java.base/java.util.concurrent.atomic=ALL-UNNAMED --add-opens=java.xml/javax.xml.namespace=ALL-UNNAMED -XX:MaxMetaspaceSize=512m -Xmx1024m -Dfile.encoding=UTF-8 -Duser.country -Duser.language=en -Duser.variant -javaagent:/root/.gradle/wrapper/dists/gradle-8.11.1-bin/bpt9gzteqjrbo1mjrsomdt32c/gradle-8.11.1/lib/agents/gradle-instrumentation-agent-8.11.1.jar org.gradle.launcher.daemon.bootstrap.GradleDaemon 8.11.1

Host: Intel(R) Xeon(R) Processor @ 2.50GHz, 2 cores, 2G, Debian GNU/Linux 12 (bookworm)
Time: Mon Oct  5 13:47:54 2026 UTC elapsed time: 42.906210 seconds (0d 0h 0m 42s)

---------------  T H R E A D  ---------------

Current thread (0x00007f12f40a7420):  VMThread "VM Thread" [stack: 0x00007f12dc0eb000,0x00007f12dc1eb000] [id=3625]

Stack: [0x00007f12dc0eb000,0x00007f12dc1eb000],  sp=0x00007f12dc1e8d70,  free space=1015k
Native frames: (J=compiled Java code, j=interpreted, Vv=VM code, C=native code)
V  [libjvm.so+0xf21211]  VMError::report_and_die(int, char const*, char const*, __va_list_tag*, Thread*, unsigned char*, void*, void*, char const*, int, unsigned long)+0x171
V  [libjvm.so+0xf21d7d]  VMError::report_and_die(Thread*, char const*, int, unsigned long, VMErrorType, char const*, __va_list_tag*)+0x2d
V  [libjvm.so+0x60378c]  report_vm_out_of_memory(char const*, int, unsigned long, VMErrorType, char const*, ...)+0xdc
V  [libjvm.so+0xc2a14b]  os::pd_commit_memory_or_exit(char*, unsigned long, unsigned long, bool, char const*)+0xeb
V  [libjvm.so+0xc23ffb]  os::commit_memory_or_exit(char*, unsigned long, unsigned long, bool, char const*)+0x1b
V  [libjvm.so+0x733436]  G1PageBasedVirtualSpace::commit(unsigned long, unsigned long)+0x66
V  [libjvm.so+0x7473e0]  G1RegionsLargerThanCommitSizeMapper::commit_regions(unsigned int, unsigned long, WorkGang*)+0x110
V  [libjvm.so+0x7dadc8]  HeapRegionManager::commit_regions(unsigned int, unsigned long, WorkGang*)+0x88
V  [libjvm.so+0x7dcc0b]  HeapRegionManager::expand(unsigned int, unsigned int, WorkGang*)+0x2b
V  [libjvm.so+0x7dce27]  HeapRegionManager::expand_by(unsigned int, WorkGang*)+0x77
V  [libjvm.so+0x6ebed8]  G1CollectedHeap::expand(unsigned long, WorkGang*, double*)+0xe8
V  [libjvm.so+0x6efb29]  G1CollectedHeap::do_collection_pause_at_safepoint_helper(double)+0x8a9
V  [libjvm.so+0x6efb8f]  G1CollectedHeap::do_collection_pause_at_safepoint(double)+0x2f
V  [libjvm.so+0x76b9d7]  VM_G1CollectForAllocation::doit()+0x47
V  [libjvm.so+0xf26715]  VM_Operation::evaluate()+0xe5
V  [libjvm.so+0xf28005]  VMThread::evaluate_operation(VM_Operation*)+0x105
V  [libjvm.so+0xf2857f]  VMThread::inner_execute(VM_Operation*)+0x28f
V  [libjvm.so+0xf2878f]  VMThread::run()+0xbf
V  [libjvm.so+0xea40a5]  Thread::call_run()+0xa5
V  [libjvm.so+0xc2c8f3]  thread_native_entry(Thread*)+0xe3

VM_Operation (0x00007f12a47f08a0): G1CollectForAllocation, mode: safepoint, requested by thread 0x00007f12c93f19f0


---------------  P R O C E S S  ---------------

Threads class SMR info:
_java_thread_list=0x00007f12d00684c0, length=55, elements={
0x00007f12f401ad80, 0x00007f12f40ab520, 0x00007f12f40ac900, 0x00007f12f40b35e0,
0x00007f12f40b4990, 0x00007f12f40b5da0, 0x00007f12f40b7750, 0x00007f12f40b8c80,
0x00007f12f40ba0f0, 0x00007f12f40c5480, 0x00007f12f419f960, 0x00007f12f530f500,
0x00007f12f5378d30, 0x00007f12f53b06a0, 0x00007f1290017740, 0x00007f12980044c0,
0x00007f1298007460, 0x00007f12980096b0, 0x00007f12c8007550, 0x00007f12c8009b50,
0x00007f12c800b8d0, 0x00007f12c819be30, 0x00007f12c81a3630, 0x00007f12c81dc360,
0x00007f12c882ea10, 0x00007f12c88fe200, 0x00007f12c8902cc0, 0x00007f12c8408b10,
0x00007f12c8774e10, 0x00007f12c8717480, 0x00007f12c93de7a0, 0x00007f12c93f19f0,
0x00007f12c93f9c60, 0x00007f12c9824390, 0x00007f12c9be8cf0, 0x00007f12ca78cc20,
0x00007f12d0006700, 0x00007f12d001dd80, 0x00007f12d80a68b0, 0x00007f12d80ac2c0,
0x00007f12d8065670, 0x00007f12d00518f0, 0x00007f12d0033160, 0x00007f12d80afad0,
0x00007f12d80b23c0, 0x00007f12d80b30d0, 0x00007f12d00609c0, 0x00007f12d0053a30,
0x00007f12d0064610, 0x00007f12d0069cb0, 0x00007f12d006abb0, 0x00007f12d80b7f80,
0x00007f12d80c4c60, 0x00007f12d005df70, 0x00007f12d005ec90
}

Java Threads: ( => current thread )
  0x00007f12f401ad80 JavaThread "main" [_thread_blocked, id=3616, stack(0x00007f12fa080000,0x00007f12fa180000)]
  0x00007f12f40ab520 JavaThread "Reference Handler" daemon [_thread_blocked, id=3626, stack(0x00007f12cdf00000,0x00007f12ce000000)]
  0x00007f12f40ac900 JavaThread "Finalizer" daemon [_thread_blocked, id=3627, stack(0x00007f12cddff000,0x00007f12cdeff000)]
  0x00007f12f40b35e0 JavaThread "Signal Dispatcher" daemon [_thread_blocked, id=3628, stack(0x00007f12cdcfe000,0x00007f12cddfe000)]
  0x00007f12f40b4990 JavaThread "Service Thread" daemon [_thread_blocked, id=3629, stack(0x00007f12cdbfd000,0x00007f12cdcfd000)]
  0x00007f12f40b5da0 JavaThread "Monitor Deflation Thread" daemon [_thread_blocked, id=3630, stack(0x00007f12cdafc000,0x00007f12cdbfc000)]
  0x00007f12f40b7750 JavaThread "C2 CompilerThread0" daemon [_thread_blocked, id=3631, stack(0x00007f12cd9fb000,0x00007f12cdafb000)]
  0x00007f12f40b8c80 JavaThread "C1 CompilerThread0" daemon [_thread_blocked, id=3632, stack(0x00007f12cd8fa000,0x00007f12cd9fa000)]
  0x00007f12f40ba0f0 JavaThread "Sweeper thread" daemon [_thread_blocked, id=3633, stack(0x00007f12cd7f9000,0x00007f12cd8f9000)]
  0x00007f12f40c5480 JavaThread "Common-Cleaner" daemon [_thread_blocked, id=3634, stack(0x00007f12cd6f8000,0x00007f12cd7f8000)]
  0x00007f12f419f960 JavaThread "Notification Thread" daemon [_thread_blocked, id=3635, stack(0x00007f12cd5f7000,0x00007f12cd6f7000)]
  0x00007f12f530f500 JavaThread "Daemon health stats" [_thread_blocked, id=3644, stack(0x00007f12ccf00000,0x00007f12cd000000)]
  0x00007f12f5378d30 JavaThread "Incoming local TCP Connector on port 41439" [_thread_in_native, id=3645, stack(0x00007f12ccb00000,0x00007f12ccc00000)]
  0x00007f12f53b06a0 JavaThread "Daemon periodic checks" [_thread_blocked, id=3646, stack(0x00007f12cc9ff000,0x00007f12ccaff000)]
  0x00007f1290017740 JavaThread "Daemon" [_thread_blocked, id=3648, stack(0x00007f12cc8fe000,0x00007f12cc9fe000)]
  0x00007f12980044c0 JavaThread "Handler for socket connection from /127.0.0.1:41439 to /127.0.0.1:57722" [_thread_in_native, id=3649, stack(0x00007f12cc7fd000,0x00007f12cc8fd000)]
  0x00007f1298007460 JavaThread "Cancel handler" [_thread_blocked, id=3651, stack(0x00007f12cc6fc000,0x00007f12cc7fc000)]
  0x00007f12980096b0 JavaThread "Daemon worker" [_thread_blocked, id=3652, stack(0x00007f12cc5fb000,0x00007f12cc6fb000)]
  0x00007f12c8007550 JavaThread "Asynchronous log dispatcher for DefaultDaemonConnection: socket connection from /127.0.0.1:41439 to /127.0.0.1:57722" [_thread_blocked, id=3653, stack(0x00007f12cc4fa000,0x00007f12cc5fa000)]
  0x00007f12c8009b50 JavaThread "Stdin handler" [_thread_blocked, id=3654, stack(0x00007f12cc3f9000,0x00007f12cc4f9000)]
  0x00007f12c800b8d0 JavaThread "Daemon client event forwarder" [_thread_blocked, id=3655, stack(0x00007f12cc2f8000,0x00007f12cc3f8000)]
  0x00007f12c819be30 JavaThread "Cache worker for journal cache (/root/.gradle/caches/journal-1)" [_thread_blocked, id=3657, stack(0x00007f12cc1f7000,0x00007f12cc2f7000)]
  0x00007f12c81a3630 JavaThread "File lock request listener" [_thread_in_native, id=3658, stack(0x00007f12cc0f6000,0x00007f12cc1f6000)]
  0x00007f12c81dc360 JavaThread "Cache worker for file hash cache (/root/.gradle/caches/8.11.1/fileHashes)" [_thread_blocked, id=3659, stack(0x00007f12a4f00000,0x00007f12a5000000)]
  0x00007f12c882ea10 JavaThread "Cache worker for file content cache (/root/.gradle/caches/8.11.1/fileContent)" [_thread_blocked, id=3662, stack(0x00007f12a4dff000,0x00007f12a4eff000)]
  0x00007f12c88fe200 JavaThread "Cache worker for file hash cache (/workspace/.gradle/8.11.1/fileHashes)" [_thread_blocked, id=3664, stack(0x00007f12a4cfe000,0x00007f12a4dfe000)]
  0x00007f12c8902cc0 JavaThread "Cache worker for Build Output Cleanup Cache (/workspace/.gradle/buildOutputCleanup)" [_thread_blocked, id=3665, stack(0x00007f12a4bfd000,0x00007f12a4cfd000)]
  0x00007f12c8408b10 JavaThread "Cache worker for checksums cache (/workspace/.gradle/8.11.1/checksums)" [_thread_blocked, id=3667, stack(0x00007f12a4afc000,0x00007f12a4bfc000)]
  0x00007f12c8774e10 JavaThread "Cache worker for cache directory md-rule (/root/.gradle/caches/8.11.1/md-rule)" [_thread_blocked, id=3669, stack(0x00007f12a49fb000,0x00007f12a4afb000)]
  0x00007f12c8717480 JavaThread "Cache worker for cache directory md-supplier (/root/.gradle/caches/8.11.1/md-supplier)" [_thread_blocked, id=3671, stack(0x00007f12a48fa000,0x00007f12a49fa000)]
  0x00007f12c93de7a0 JavaThread "Unconstrained build operations" [_thread_blocked, id=3685, stack(0x00007f12a47f9000,0x00007f12a48f9000)]
  0x00007f12c93f19f0 JavaThread "Unconstrained build operations Thread 2" [_thread_blocked, id=3687, stack(0x00007f12a46f8000,0x00007f12a47f8000)]
  0x00007f12c93f9c60 JavaThread "Unconstrained build operations Thread 3" [_thread_blocked, id=3689, stack(0x00007f12a45f7000,0x00007f12a46f7000)]
  0x00007f12c9824390 JavaThread "Memory manager" [_thread_blocked, id=3698, stack(0x00007f12a44f6000,0x00007f12a45f6000)]
  0x00007f12c9be8cf0 JavaThread "build event listener" [_thread_blocked, id=3704, stack(0x00007f12a43f5000,0x00007f12a44f5000)]
  0x00007f12ca78cc20 JavaThread "included builds" [_thread_blocked, id=3721, stack(0x00007f12a42f4000,0x00007f12a43f4000)]
  0x00007f12d0006700 JavaThread "Execution worker" [_thread_blocked, id=3722, stack(0x00007f12a41f3000,0x00007f12a42f3000)]
  0x00007f12d001dd80 JavaThread "Cache worker for execution history cache (/workspace/.gradle/8.11.1/executionHistory)" [_thread_blocked, id=3723, stack(0x00007f12a40f2000,0x00007f12a41f2000)]
  0x00007f12d80a68b0 JavaThread "Unconstrained build operations Thread 4" [_thread_blocked, id=3726, stack(0x00007f127bf00000,0x00007f127c000000)]
  0x00007f12d80ac2c0 JavaThread "Unconstrained build operations Thread 5" [_thread_blocked, id=3728, stack(0x00007f127bdff000,0x00007f127beff000)]
  0x00007f12d8065670 JavaThread "Unconstrained build operations Thread 6" [_thread_blocked, id=3729, stack(0x00007f127bcfe000,0x00007f127bdfe000)]
  0x00007f12d00518f0 JavaThread "Unconstrained build operations Thread 7" [_thread_blocked, id=3730, stack(0x00007f127bbfd000,0x00007f127bcfd000)]
  0x00007f12d0033160 JavaThread "Unconstrained build operations Thread 8" [_thread_blocked, id=3732, stack(0x00007f127bafc000,0x00007f127bbfc000)]
  0x00007f12d80afad0 JavaThread "Unconstrained build operations Thread 9" [_thread_blocked, id=3733, stack(0x00007f127b9fb000,0x00007f127bafb000)]
  0x00007f12d80b23c0 JavaThread "Unconstrained build operations Thread 10" [_thread_blocked, id=3734, stack(0x00007f127b8fa000,0x00007f127b9fa000)]
  0x00007f12d80b30d0 JavaThread "Unconstrained build operations Thread 11" [_thread_blocked, id=3735, stack(0x00007f127b7f9000,0x00007f127b8f9000)]
  0x00007f12d00609c0 JavaThread "Unconstrained build operations Thread 12" [_thread_blocked, id=3737, stack(0x00007f127b6f8000,0x00007f127b7f8000)]
  0x00007f12d0053a30 JavaThread "Unconstrained build operations Thread 13" [_thread_blocked, id=3738, stack(0x00007f127b5f7000,0x00007f127b6f7000)]
  0x00007f12d0064610 JavaThread "Unconstrained build operations Thread 14" [_thread_blocked, id=3740, stack(0x00007f127b4f6000,0x00007f127b5f6000)]
  0x00007f12d0069cb0 JavaThread "Unconstrained build operations Thread 15" [_thread_blocked, id=3741, stack(0x00007f127b3f5000,0x00007f127b4f5000)]
  0x00007f12d006abb0 JavaThread "Unconstrained build operations Thread 16" [_thread_blocked, id=3742, stack(0x00007f127b2f4000,0x00007f127b3f4000)]
  0x00007f12d80b7f80 JavaThread "Unconstrained build operations Thread 17" [_thread_blocked, id=3743, stack(0x00007f127b1f3000,0x00007f127b2f3000)]
  0x00007f12d80c4c60 JavaThread "Unconstrained build operations Thread 18" [_thread_blocked, id=3744, stack(0x00007f127b0f2000,0x00007f127b1f2000)]
  0x00007f12d005df70 JavaThread "Unconstrained build operations Thread 19" [_thread_blocked, id=3745, stack(0x00007f127aff1000,0x00007f127b0f1000)]
  0x00007f12d005ec90 JavaThread "Unconstrained build operations Thread 20" [_thread_blocked, id=3747, stack(0x00007f127aef0000,0x00007f127aff0000)]

Other Threads:
=>0x00007f12f40a7420 VMThread "VM Thread" [stack: 0x00007f12dc0eb000,0x00007f12dc1eb000] [id=3625]
  0x00007f12f401d0f0 WatcherThread [stack: 0x00007f12cd4f6000,0x00007f12cd5f6000] [id=3636]
  0x00007f12f4057340 GCTaskThread "GC Thread#0" [stack: 0x00007f12f8537000,0x00007f12f8637000] [id=3620]
  0x00007f12a0004990 GCTaskThread "GC Thread#1" [stack: 0x00007f12cd3f5000,0x00007f12cd4f5000] [id=3637]
  0x00007f12f4060920 ConcurrentGCThread "G1 Main Marker" [stack: 0x00007f12f8436000,0x00007f12f8536000] [id=3621]
  0x00007f12f4061890 ConcurrentGCThread "G1 Conc#0" [stack: 0x00007f12f8335000,0x00007f12f8435000] [id=3622]
  0x00007f12f40804c0 ConcurrentGCThread "G1 Refine#0" [stack: 0x00007f12f8032000,0x00007f12f8132000] [id=3623]
  0x00007f12c8000ea0 ConcurrentGCThread "G1 Refine#1" [stack: 0x00007f12cd2f4000,0x00007f12cd3f4000] [id=3638]
  0x00007f12f40813c0 ConcurrentGCThread "G1 Service" [stack: 0x00007f12dc411000,0x00007f12dc511000] [id=3624]

Threads with active compile tasks:
C2 CompilerThread0  42924 14307 %     4       com.android.tools.r8.internal.vd::a @ 3112 (6886 bytes)

VM state: at safepoint (normal execution)

VM Mutex/Monitor currently owned by a thread:  ([mutex/lock_event])
[0x00007f12f4017b70] Threads_lock - owner thread: 0x00007f12f40a7420
[0x00007f12f4018320] Heap_lock - owner thread: 0x00007f12c93f19f0

Heap address: 0x00000000c0000000, size: 1024 MB, Compressed Oops mode: 32-bit

CDS archive(s) mapped at: [0x00007f12a5000000-0x00007f12a5bca000-0x00007f12a5bca000), size 12361728, SharedBaseAddress: 0x00007f12a5000000, ArchiveRelocationMode: 1.
Compressed class space mapped at: 0x00007f12a6000000-0x00007f12c0000000, reserved size: 436207616
Narrow klass base: 0x00007f12a5000000, Narrow klass shift: 0, Narrow klass range: 0x100000000

GC Precious Log:
 CPUs: 2 total, 2 available
 Memory: 2048M
 Large Page Support: Disabled
 NUMA Support: Disabled
 Compressed Oops: Enabled (32-bit)
 Heap Region Size: 1M
 Heap Min Capacity: 8M
 Heap Initial Capacity: 32M
 Heap Max Capacity: 1G
 Pre-touch: Disabled
 Parallel Workers: 2
 Concurrent Workers: 1
 Concurrent Refinement Workers: 2
 Periodic GC: Disabled

Heap:
 garbage-first heap   total 587776K, used 362932K [0x00000000c0000000, 0x0000000100000000)
  region size 1024K, 17 young (17408K), 17 survivors (17408K)
 Metaspace       used 102920K, committed 103808K, reserved 557056K
  class space    used 14516K, committed 14976K, reserved 425984K

Heap Regions: E=young(eden), S=young(survivor), O=old, HS=humongous(starts), HC=humongous(continues), CS=collection set, F=free, OA=open archive, CA=closed archive, TAMS=top-at-mark-start (previous, next)
|   0|0x00000000c0000000, 0x00000000c0100000, 0x00000000c0100000|100%|HS|  |TAMS 0x00000000c0100000, 0x00000000c0000000| Complete 
|   1|0x00000000c0100000, 0x00000000c0200000, 0x00000000c0200000|100%|HC|  |TAMS 0x00000000c0200000, 0x00000000c0100000| Complete 
|   2|0x00000000c0200000, 0x00000000c0300000, 0x00000000c0300000|100%|HC|  |TAMS 0x00000000c0300000, 0x00000000c0200000| Complete 
|   3|0x00000000c0300000, 0x00000000c0400000, 0x00000000c0400000|100%| O|  |TAMS 0x00000000c0400000, 0x00000000c0300000| Untracked 
|   4|0x00000000c0400000, 0x00000000c0500000, 0x00000000c0500000|100%| O|  |TAMS 0x00000000c0500000, 0x00000000c0400000| Untracked 
|   5|0x00000000c0500000, 0x00000000c0600000, 0x00000000c0600000|100%| O|  |TAMS 0x00000000c0600000, 0x00000000c0500000| Untracked 
|   6|0x00000000c0600000, 0x00000000c0700000, 0x00000000c0700000|100%| O|  |TAMS 0x00000000c0700000, 0x00000000c0600000| Untracked 
|   7|0x00000000c0700000, 0x00000000c0800000, 0x00000000c0800000|100%| O|  |TAMS 0x00000000c0800000, 0x00000000c0700000| Untracked 
|   8|0x00000000c0800000, 0x00000000c0900000, 0x00000000c0900000|100%| O|  |TAMS 0x00000000c0900000, 0x00000000c0800000| Untracked 
|   9|0x00000000c0900000, 0x00000000c0a00000, 0x00000000c0a00000|100%| O|  |TAMS 0x00000000c0a00000, 0x00000000c0900000| Untracked 
|  10|0x00000000c0a00000, 0x00000000c0b00000, 0x00000000c0b00000|100%|HS|  |TAMS 0x00000000c0b00000, 0x00000000c0a00000| Complete 
|  11|0x00000000c0b00000, 0x00000000c0c00000, 0x00000000c0c00000|100%| O|  |TAMS 0x00000000c0c00000, 0x00000000c0b00000| Untracked 
|  12|0x00000000c0c00000, 0x00000000c0d00000, 0x00000000c0d00000|100%| O|  |TAMS 0x00000000c0d00000, 0x00000000c0c00000| Untracked 
|  13|0x00000000c0d00000, 0x00000000c0e00000, 0x00000000c0e00000|100%| O|  |TAMS 0x00000000c0e00000, 0x00000000c0d00000| Untracked 
|  14|0x00000000c0e00000, 0x00000000c0f00000, 0x00000000c0f00000|100%| O|  |TAMS 0x00000000c0f00000, 0x00000000c0e00000| Untracked 
|  15|0x00000000c0f00000, 0x00000000c1000000, 0x00000000c1000000|100%| O|  |TAMS 0x00000000c1000000, 0x00000000c0f00000| Untracked 
|  16|0x00000000c1000000, 0x00000000c1100000, 0x00000000c1100000|100%| O|  |TAMS 0x00000000c1100000, 0x00000000c1000000| Untracked 
|  17|0x00000000c1100000, 0x00000000c1200000, 0x00000000c1200000|100%| O|  |TAMS 0x00000000c1200000, 0x00000000c1100000| Untracked 
|  18|0x00000000c1200000, 0x00000000c1300000, 0x00000000c1300000|100%| O|  |TAMS 0x00000000c1300000, 0x00000000c1200000| Untracked 
|  19|0x00000000c1300000, 0x00000000c1400000, 0x00000000c1400000|100%| O|  |TAMS 0x00000000c1400000, 0x00000000c1300000| Untracked 
|  20|0x00000000c1400000, 0x00000000c1500000, 0x00000000c1500000|100%| O|  |TAMS 0x00000000c1500000, 0x00000000c1400000| Untracked 
|  21|0x00000000c1500000, 0x00000000c1600000, 0x00000000c1600000|100%| O|  |TAMS 0x00000000c1600000, 0x00000000c1500000| Untracked 
|  22|0x00000000c1600000, 0x00000000c1700000, 0x00000000c1700000|100%| O|  |TAMS 0x00000000c1700000, 0x00000000c1600000| Untracked 
|  23|0x00000000c1700000, 0x00000000c1800000, 0x00000000c1800000|100%|HS|  |TAMS 0x00000000c1800000, 0x00000000c1700000| Complete 
|  24|0x00000000c1800000, 0x00000000c1900000, 0x00000000c1900000|100%| O|  |TAMS 0x00000000c1900000, 0x00000000c1800000| Untracked 
|  25|0x00000000c1900000, 0x00000000c1a00000, 0x00000000c1a00000|100%| O|  |TAMS 0x00000000c1a00000, 0x00000000c1900000| Untracked 
|  26|0x00000000c1a00000, 0x00000000c1b00000, 0x00000000c1b00000|100%| O|  |TAMS 0x00000000c1b00000, 0x00000000c1a00000| Untracked 
|  27|0x00000000c1b00000, 0x00000000c1c00000, 0x00000000c1c00000|100%| O|  |TAMS 0x00000000c1c00000, 0x00000000c1b00000| Untracked 
|  28|0x00000000c1c00000, 0x00000000c1d00000, 0x00000000c1d00000|100%| O|  |TAMS 0x00000000c1d00000, 0x00000000c1c00000| Untracked 
|  29|0x00000000c1d00000, 0x00000000c1e00000, 0x00000000c1e00000|100%| O|  |TAMS 0x00000000c1e00000, 0x00000000c1d00000| Untracked 
|  30|0x00000000c1e00000, 0x00000000c1f00000, 0x00000000c1f00000|100%| O|  |TAMS 0x00000000c1f00000, 0x00000000c1e00000| Untracked 
|  31|0x00000000c1f00000, 0x00000000c2000000, 0x00000000c2000000|100%| O|  |TAMS 0x00000000c2000000, 0x00000000c1f00000| Untracked 
|  32|0x00000000c2000000, 0x00000000c2100000, 0x00000000c2100000|100%|HS|  |TAMS 0x00000000c2100000, 0x00000000c2000000| Complete 
|  33|0x00000000c2100000, 0x00000000c2200000, 0x00000000c2200000|100%|HS|  |TAMS 0x00000000c2200000, 0x00000000c2100000| Complete 
|  34|0x00000000c2200000, 0x00000000c2300000, 0x00000000c2300000|100%|HC|  |TAMS 0x00000000c2300000, 0x00000000c2200000| Complete 
|  35|0x00000000c2300000, 0x00000000c2400000, 0x00000000c2400000|100%| O|  |TAMS 0x00000000c2400000, 0x00000000c2300000| Untracked 
|  36|0x00000000c2400000, 0x00000000c2500000, 0x00000000c2500000|100%| O|  |TAMS 0x00000000c2500000, 0x00000000c2400000| Untracked 
|  37|0x00000000c2500000, 0x00000000c2600000, 0x00000000c2600000|100%|HS|  |TAMS 0x00000000c2600000, 0x00000000c2500000| Complete 
|  38|0x00000000c2600000, 0x00000000c2700000, 0x00000000c2700000|100%|HC|  |TAMS 0x00000000c2700000, 0x00000000c2600000| Complete 
|  39|0x00000000c2700000, 0x00000000c2800000, 0x00000000c2800000|100%|HS|  |TAMS 0x00000000c2800000, 0x00000000c2700000| Complete 
|  40|0x00000000c2800000, 0x00000000c2900000, 0x00000000c2900000|100%|HS|  |TAMS 0x00000000c2900000, 0x00000000c2800000| Complete 
|  41|0x00000000c2900000, 0x00000000c2a00000, 0x00000000c2a00000|100%| O|  |TAMS 0x00000000c2a00000, 0x00000000c2900000| Untracked 
|  42|0x00000000c2a00000, 0x00000000c2b00000, 0x00000000c2b00000|100%|HS|  |TAMS 0x00000000c2b00000, 0x00000000c2a00000| Complete 
|  43|0x00000000c2b00000, 0x00000000c2c00000, 0x00000000c2c00000|100%|HS|  |TAMS 0x00000000c2c00000, 0x00000000c2b00000| Complete 
|  44|0x00000000c2c00000, 0x00000000c2d00000, 0x00000000c2d00000|100%| O|  |TAMS 0x00000000c2d00000, 0x00000000c2c00000| Untracked 
|  45|0x00000000c2d00000, 0x00000000c2e00000, 0x00000000c2e00000|100%| O|  |TAMS 0x00000000c2e00000, 0x00000000c2d00000| Untracked 
|  46|0x00000000c2e00000, 0x00000000c2f00000, 0x00000000c2f00000|100%| O|  |TAMS 0x00000000c2f00000, 0x00000000c2e00000| Untracked 
|  47|0x00000000c2f00000, 0x00000000c3000000, 0x00000000c3000000|100%| O|  |TAMS 0x00000000c3000000, 0x00000000c2f00000| Untracked 
|  48|0x00000000c3000000, 0x00000000c3100000, 0x00000000c3100000|100%| O|  |TAMS 0x00000000c3100000, 0x00000000c3000000| Untracked 
|  49|0x00000000c3100000, 0x00000000c3200000, 0x00000000c3200000|100%| O|  |TAMS 0x00000000c3200000, 0x00000000c3100000| Untracked 
|  50|0x00000000c3200000, 0x00000000c3300000, 0x00000000c3300000|100%| O|  |TAMS 0x00000000c3300000, 0x00000000c3200000| Untracked 
|  51|0x00000000c3300000, 0x00000000c3400000, 0x00000000c3400000|100%| O|  |TAMS 0x00000000c3400000, 0x00000000c3300000| Untracked 
|  52|0x00000000c3400000, 0x00000000c3500000, 0x00000000c3500000|100%| O|  |TAMS 0x00000000c3500000, 0x00000000c3400000| Untracked 
|  53|0x00000000c3500000, 0x00000000c3600000, 0x00000000c3600000|100%| O|  |TAMS 0x00000000c3600000, 0x00000000c3500000| Untracked 
|  54|0x00000000c3600000, 0x00000000c3700000, 0x00000000c3700000|100%| O|  |TAMS 0x00000000c3700000, 0x00000000c3600000| Untracked 
|  55|0x00000000c3700000, 0x00000000c3800000, 0x00000000c3800000|100%| O|  |TAMS 0x00000000c3800000, 0x00000000c3700000| Untracked 
|  56|0x00000000c3800000, 0x00000000c3900000, 0x00000000c3900000|100%| O|  |TAMS 0x00000000c3900000, 0x00000000c3800000| Untracked 
|  57|0x00000000c3900000, 0x00000000c3a00000, 0x00000000c3a00000|100%| O|  |TAMS 0x00000000c3a00000, 0x00000000c3900000| Untracked 
|  58|0x00000000c3a00000, 0x00000000c3b00000, 0x00000000c3b00000|100%| O|  |TAMS 0x00000000c3b00000, 0x00000000c3a00000| Untracked 
|  59|0x00000000c3b00000, 0x00000000c3c00000, 0x00000000c3c00000|100%| O|  |TAMS 0x00000000c3c00000, 0x00000000c3b00000| Untracked 
|  60|0x00000000c3c00000, 0x00000000c3d00000, 0x00000000c3d00000|100%| O|  |TAMS 0x00000000c3d00000, 0x00000000c3c00000| Untracked 
|  61|0x00000000c3d00000, 0x00000000c3e00000, 0x00000000c3e00000|100%| O|  |TAMS 0x00000000c3e00000, 0x00000000c3d00000| Untracked 
|  62|0x00000000c3e00000, 0x00000000c3f00000, 0x00000000c3f00000|100%| O|  |TAMS 0x00000000c3f00000, 0x00000000c3e00000| Untracked 
|  63|0x00000000c3f00000, 0x00000000c4000000, 0x00000000c4000000|100%|HS|  |TAMS 0x00000000c4000000, 0x00000000c3f00000| Complete 
|  64|0x00000000c4000000, 0x00000000c4100000, 0x00000000c4100000|100%| O|  |TAMS 0x00000000c4100000, 0x00000000c4000000| Untracked 
|  65|0x00000000c4100000, 0x00000000c4200000, 0x00000000c4200000|100%| O|  |TAMS 0x00000000c4200000, 0x00000000c4100000| Untracked 
|  66|0x00000000c4200000, 0x00000000c4300000, 0x00000000c4300000|100%| O|  |TAMS 0x00000000c4300000, 0x00000000c4200000| Untracked 
|  67|0x00000000c4300000, 0x00000000c4400000, 0x00000000c4400000|100%| O|  |TAMS 0x00000000c4400000, 0x00000000c4300000| Untracked 
|  68|0x00000000c4400000, 0x00000000c4500000, 0x00000000c4500000|100%| O|  |TAMS 0x00000000c4500000, 0x00000000c4400000| Untracked 
|  69|0x00000000c4500000, 0x00000000c4600000, 0x00000000c4600000|100%| O|  |TAMS 0x00000000c4600000, 0x00000000c4500000| Untracked 
|  70|0x00000000c4600000, 0x00000000c4700000, 0x00000000c4700000|100%| O|  |TAMS 0x00000000c4700000, 0x00000000c4600000| Untracked 
|  71|0x00000000c4700000, 0x00000000c4800000, 0x00000000c4800000|100%| O|  |TAMS 0x00000000c4800000, 0x00000000c4700000| Untracked 
|  72|0x00000000c4800000, 0x00000000c4900000, 0x00000000c4900000|100%| O|  |TAMS 0x00000000c4900000, 0x00000000c4800000| Untracked 
|  73|0x00000000c4900000, 0x00000000c4a00000, 0x00000000c4a00000|100%| O|  |TAMS 0x00000000c4a00000, 0x00000000c4900000| Untracked 
|  74|0x00000000c4a00000, 0x00000000c4b00000, 0x00000000c4b00000|100%| O|  |TAMS 0x00000000c4b00000, 0x00000000c4a00000| Untracked 
|  75|0x00000000c4b00000, 0x00000000c4c00000, 0x00000000c4c00000|100%| O|  |TAMS 0x00000000c4c00000, 0x00000000c4b00000| Untracked 
|  76|0x00000000c4c00000, 0x00000000c4d00000, 0x00000000c4d00000|100%| O|  |TAMS 0x00000000c4d00000, 0x00000000c4c00000| Untracked 
|  77|0x00000000c4d00000, 0x00000000c4e00000, 0x00000000c4e00000|100%| O|  |TAMS 0x00000000c4e00000, 0x00000000c4d00000| Untracked 
|  78|0x00000000c4e00000, 0x00000000c4f00000, 0x00000000c4f00000|100%| O|  |TAMS 0x00000000c4f00000, 0x00000000c4e00000| Untracked 
|  79|0x00000000c4f00000, 0x00000000c5000000, 0x00000000c5000000|100%| O|  |TAMS 0x00000000c5000000, 0x00000000c4f00000| Untracked 
|  80|0x00000000c5000000, 0x00000000c5100000, 0x00000000c5100000|100%| O|  |TAMS 0x00000000c5100000, 0x00000000c5000000| Untracked 
|  81|0x00000000c5100000, 0x00000000c5200000, 0x00000000c5200000|100%| O|  |TAMS 0x00000000c5200000, 0x00000000c5100000| Untracked 
|  82|0x00000000c5200000, 0x00000000c5300000, 0x00000000c5300000|100%| O|  |TAMS 0x00000000c5300000, 0x00000000c5200000| Untracked 
|  83|0x00000000c5300000, 0x00000000c5400000, 0x00000000c5400000|100%| O|  |TAMS 0x00000000c5400000, 0x00000000c5300000| Untracked 
|  84|0x00000000c5400000, 0x00000000c5500000, 0x00000000c5500000|100%| O|  |TAMS 0x00000000c5500000, 0x00000000c5400000| Untracked 
|  85|0x00000000c5500000, 0x00000000c5600000, 0x00000000c5600000|100%| O|  |TAMS 0x00000000c5600000, 0x00000000c5500000| Untracked 
|  86|0x00000000c5600000, 0x00000000c5700000, 0x00000000c5700000|100%| O|  |TAMS 0x00000000c5700000, 0x00000000c5600000| Untracked 
|  87|0x00000000c5700000, 0x00000000c5800000, 0x00000000c5800000|100%| O|  |TAMS 0x00000000c5800000, 0x00000000c5700000| Untracked 
|  88|0x00000000c5800000, 0x00000000c5900000, 0x00000000c5900000|100%|HS|  |TAMS 0x00000000c5900000, 0x00000000c5800000| Complete 
|  89|0x00000000c5900000, 0x00000000c5a00000, 0x00000000c5a00000|100%|HC|  |TAMS 0x00000000c5a00000, 0x00000000c5900000| Complete 
|  90|0x00000000c5a00000, 0x00000000c5b00000, 0x00000000c5b00000|100%| O|  |TAMS 0x00000000c5b00000, 0x00000000c5a00000| Untracked 
|  91|0x00000000c5b00000, 0x00000000c5c00000, 0x00000000c5c00000|100%| O|  |TAMS 0x00000000c5c00000, 0x00000000c5b00000| Untracked 
|  92|0x00000000c5c00000, 0x00000000c5d00000, 0x00000000c5d00000|100%| O|  |TAMS 0x00000000c5d00000, 0x00000000c5c00000| Untracked 
|  93|0x00000000c5d00000, 0x00000000c5e00000, 0x00000000c5e00000|100%| O|  |TAMS 0x00000000c5e00000, 0x00000000c5d00000| Untracked 
|  94|0x00000000c5e00000, 0x00000000c5f00000, 0x00000000c5f00000|100%| O|  |TAMS 0x00000000c5f00000, 0x00000000c5e00000| Untracked 
|  95|0x00000000c5f00000, 0x00000000c6000000, 0x00000000c6000000|100%| O|  |TAMS 0x00000000c6000000, 0x00000000c5f00000| Untracked 
|  96|0x00000000c6000000, 0x00000000c6100000, 0x00000000c6100000|100%| O|  |TAMS 0x00000000c6100000, 0x00000000c6000000| Untracked 
|  97|0x00000000c6100000, 0x00000000c6200000, 0x00000000c6200000|100%| O|  |TAMS 0x00000000c6200000, 0x00000000c6100000| Untracked 
|  98|0x00000000c6200000, 0x00000000c6300000, 0x00000000c6300000|100%| O|  |TAMS 0x00000000c6300000, 0x00000000c6200000| Untracked 
|  99|0x00000000c6300000, 0x00000000c6400000, 0x00000000c6400000|100%| O|  |TAMS 0x00000000c6400000, 0x00000000c6300000| Untracked 
| 100|0x00000000c6400000, 0x00000000c6500000, 0x00000000c6500000|100%| O|  |TAMS 0x00000000c6500000, 0x00000000c6400000| Untracked 
| 101|0x00000000c6500000, 0x00000000c6600000, 0x00000000c6600000|100%| O|  |TAMS 0x00000000c6600000, 0x00000000c6500000| Untracked 
| 102|0x00000000c6600000, 0x00000000c6700000, 0x00000000c6700000|100%| O|  |TAMS 0x00000000c6700000, 0x00000000c6600000| Untracked 
| 103|0x00000000c6700000, 0x00000000c6800000, 0x00000000c6800000|100%| O|  |TAMS 0x00000000c6800000, 0x00000000c6700000| Untracked 
| 104|0x00000000c6800000, 0x00000000c6900000, 0x00000000c6900000|100%| O|  |TAMS 0x00000000c6900000, 0x00000000c6800000| Untracked 
| 105|0x00000000c6900000, 0x00000000c6a00000, 0x00000000c6a00000|100%| O|  |TAMS 0x00000000c6a00000, 0x00000000c6900000| Untracked 
| 106|0x00000000c6a00000, 0x00000000c6b00000, 0x00000000c6b00000|100%| O|  |TAMS 0x00000000c6b00000, 0x00000000c6a00000| Untracked 
| 107|0x00000000c6b00000, 0x00000000c6c00000, 0x00000000c6c00000|100%| O|  |TAMS 0x00000000c6c00000, 0x00000000c6b00000| Untracked 
| 108|0x00000000c6c00000, 0x00000000c6d00000, 0x00000000c6d00000|100%| O|  |TAMS 0x00000000c6d00000, 0x00000000c6c00000| Untracked 
| 109|0x00000000c6d00000, 0x00000000c6e00000, 0x00000000c6e00000|100%| O|  |TAMS 0x00000000c6e00000, 0x00000000c6d00000| Untracked 
| 110|0x00000000c6e00000, 0x00000000c6f00000, 0x00000000c6f00000|100%| O|  |TAMS 0x00000000c6e00000, 0x00000000c6e00000| Untracked 
| 111|0x00000000c6f00000, 0x00000000c7000000, 0x00000000c7000000|100%| O|  |TAMS 0x00000000c7000000, 0x00000000c6f00000| Untracked 
| 112|0x00000000c7000000, 0x00000000c7100000, 0x00000000c7100000|100%| O|  |TAMS 0x00000000c7100000, 0x00000000c7000000| Untracked 
| 113|0x00000000c7100000, 0x00000000c7200000, 0x00000000c7200000|100%| O|  |TAMS 0x00000000c7200000, 0x00000000c7100000| Untracked 
| 114|0x00000000c7200000, 0x00000000c7300000, 0x00000000c7300000|100%| O|  |TAMS 0x00000000c7300000, 0x00000000c7200000| Untracked 
| 115|0x00000000c7300000, 0x00000000c7400000, 0x00000000c7400000|100%| O|  |TAMS 0x00000000c7400000, 0x00000000c7300000| Untracked 
| 116|0x00000000c7400000, 0x00000000c7500000, 0x00000000c7500000|100%| O|  |TAMS 0x00000000c7500000, 0x00000000c7400000| Untracked 
| 117|0x00000000c7500000, 0x00000000c7600000, 0x00000000c7600000|100%| O|  |TAMS 0x00000000c7600000, 0x00000000c7500000| Untracked 
| 118|0x00000000c7600000, 0x00000000c7700000, 0x00000000c7700000|100%| O|  |TAMS 0x00000000c7700000, 0x00000000c7600000| Untracked 
| 119|0x00000000c7700000, 0x00000000c7800000, 0x00000000c7800000|100%| O|  |TAMS 0x00000000c7800000, 0x00000000c7700000| Untracked 
| 120|0x00000000c7800000, 0x00000000c7900000, 0x00000000c7900000|100%| O|  |TAMS 0x00000000c7900000, 0x00000000c7800000| Untracked 
| 121|0x00000000c7900000, 0x00000000c7a00000, 0x00000000c7a00000|100%| O|  |TAMS 0x00000000c7a00000, 0x00000000c7900000| Untracked 
| 122|0x00000000c7a00000, 0x00000000c7b00000, 0x00000000c7b00000|100%| O|  |TAMS 0x00000000c7b00000, 0x00000000c7a00000| Untracked 
| 123|0x00000000c7b00000, 0x00000000c7c00000, 0x00000000c7c00000|100%| O|  |TAMS 0x00000000c7c00000, 0x00000000c7b00000| Untracked 
| 124|0x00000000c7c00000, 0x00000000c7d00000, 0x00000000c7d00000|100%| O|  |TAMS 0x00000000c7d00000, 0x00000000c7c00000| Untracked 
| 125|0x00000000c7d00000, 0x00000000c7e00000, 0x00000000c7e00000|100%| O|  |TAMS 0x00000000c7e00000, 0x00000000c7d00000| Untracked 
| 126|0x00000000c7e00000, 0x00000000c7f00000, 0x00000000c7f00000|100%| O|  |TAMS 0x00000000c7f00000, 0x00000000c7e00000| Untracked 
| 127|0x00000000c7f00000, 0x00000000c8000000, 0x00000000c8000000|100%| O|  |TAMS 0x00000000c7f00000, 0x00000000c7f00000| Untracked 
| 128|0x00000000c8000000, 0x00000000c8100000, 0x00000000c8100000|100%| O|  |TAMS 0x00000000c8100000, 0x00000000c8000000| Untracked 
| 129|0x00000000c8100000, 0x00000000c8200000, 0x00000000c8200000|100%| O|  |TAMS 0x00000000c8200000, 0x00000000c8100000| Untracked 
| 130|0x00000000c8200000, 0x00000000c8300000, 0x00000000c8300000|100%| O|  |TAMS 0x00000000c8300000, 0x00000000c8200000| Untracked 
| 131|0x00000000c8300000, 0x00000000c8400000, 0x00000000c8400000|100%| O|  |TAMS 0x00000000c8400000, 0x00000000c8300000| Untracked 
| 132|0x00000000c8400000, 0x00000000c8500000, 0x00000000c8500000|100%| O|  |TAMS 0x00000000c8500000, 0x00000000c8400000| Untracked 
| 133|0x00000000c8500000, 0x00000000c8600000, 0x00000000c8600000|100%| O|  |TAMS 0x00000000c8600000, 0x00000000c8500000| Untracked 
| 134|0x00000000c8600000, 0x00000000c8700000, 0x00000000c8700000|100%| O|  |TAMS 0x00000000c8700000, 0x00000000c8600000| Untracked 
| 135|0x00000000c8700000, 0x00000000c8800000, 0x00000000c8800000|100%| O|  |TAMS 0x00000000c8800000, 0x00000000c8700000| Untracked 
| 136|0x00000000c8800000, 0x00000000c8900000, 0x00000000c8900000|100%| O|  |TAMS 0x00000000c8900000, 0x00000000c8800000| Untracked 
| 137|0x00000000c8900000, 0x00000000c8a00000, 0x00000000c8a00000|100%| O|  |TAMS 0x00000000c8a00000, 0x00000000c8900000| Untracked 
| 138|0x00000000c8a00000, 0x00000000c8b00000, 0x00000000c8b00000|100%| O|  |TAMS 0x00000000c8b00000, 0x00000000c8a00000| Untracked 
| 139|0x00000000c8b00000, 0x00000000c8c00000, 0x00000000c8c00000|100%| O|  |TAMS 0x00000000c8c00000, 0x00000000c8b00000| Untracked 
| 140|0x00000000c8c00000, 0x00000000c8d00000, 0x00000000c8d00000|100%| O|  |TAMS 0x00000000c8d00000, 0x00000000c8c00000| Untracked 
| 141|0x00000000c8d00000, 0x00000000c8e00000, 0x00000000c8e00000|100%| O|  |TAMS 0x00000000c8e00000, 0x00000000c8d00000| Untracked 
| 142|0x00000000c8e00000, 0x00000000c8f00000, 0x00000000c8f00000|100%| O|  |TAMS 0x00000000c8f00000, 0x00000000c8e00000| Untracked 
| 143|0x00000000c8f00000, 0x00000000c9000000, 0x00000000c9000000|100%| O|  |TAMS 0x00000000c9000000, 0x00000000c8f00000| Untracked 
| 144|0x00000000c9000000, 0x00000000c9100000, 0x00000000c9100000|100%| O|  |TAMS 0x00000000c9100000, 0x00000000c9000000| Untracked 
| 145|0x00000000c9100000, 0x00000000c9200000, 0x00000000c9200000|100%| O|  |TAMS 0x00000000c9200000, 0x00000000c9100000| Untracked 
| 146|0x00000000c9200000, 0x00000000c9300000, 0x00000000c9300000|100%| O|  |TAMS 0x00000000c9300000, 0x00000000c9200000| Untracked 
| 147|0x00000000c9300000, 0x00000000c9400000, 0x00000000c9400000|100%| O|  |TAMS 0x00000000c9400000, 0x00000000c9300000| Untracked 
| 148|0x00000000c9400000, 0x00000000c9500000, 0x00000000c9500000|100%| O|  |TAMS 0x00000000c9500000, 0x00000000c9400000| Untracked 
| 149|0x00000000c9500000, 0x00000000c9600000, 0x00000000c9600000|100%| O|  |TAMS 0x00000000c9600000, 0x00000000c9500000| Untracked 
| 150|0x00000000c9600000, 0x00000000c9700000, 0x00000000c9700000|100%| O|  |TAMS 0x00000000c9700000, 0x00000000c9600000| Untracked 
| 151|0x00000000c9700000, 0x00000000c9800000, 0x00000000c9800000|100%| O|  |TAMS 0x00000000c9800000, 0x00000000c9700000| Untracked 
| 152|0x00000000c9800000, 0x00000000c9900000, 0x00000000c9900000|100%| O|  |TAMS 0x00000000c9900000, 0x00000000c9800000| Untracked 
| 153|0x00000000c9900000, 0x00000000c9a00000, 0x00000000c9a00000|100%| O|  |TAMS 0x00000000c9a00000, 0x00000000c9900000| Untracked 
| 154|0x00000000c9a00000, 0x00000000c9b00000, 0x00000000c9b00000|100%| O|  |TAMS 0x00000000c9b00000, 0x00000000c9a00000| Untracked 
| 155|0x00000000c9b00000, 0x00000000c9c00000, 0x00000000c9c00000|100%| O|  |TAMS 0x00000000c9c00000, 0x00000000c9b00000| Untracked 
| 156|0x00000000c9c00000, 0x00000000c9d00000, 0x00000000c9d00000|100%| O|  |TAMS 0x00000000c9d00000, 0x00000000c9c00000| Untracked 
| 157|0x00000000c9d00000, 0x00000000c9e00000, 0x00000000c9e00000|100%| O|  |TAMS 0x00000000c9e00000, 0x00000000c9d00000| Untracked 
| 158|0x00000000c9e00000, 0x00000000c9f00000, 0x00000000c9f00000|100%| O|  |TAMS 0x00000000c9f00000, 0x00000000c9e00000| Untracked 
| 159|0x00000000c9f00000, 0x00000000ca000000, 0x00000000ca000000|100%| O|  |TAMS 0x00000000ca000000, 0x00000000c9f00000| Untracked 
| 160|0x00000000ca000000, 0x00000000ca100000, 0x00000000ca100000|100%| O|  |TAMS 0x00000000ca100000, 0x00000000ca000000| Untracked 
| 161|0x00000000ca100000, 0x00000000ca200000, 0x00000000ca200000|100%| O|  |TAMS 0x00000000ca200000, 0x00000000ca100000| Untracked 
| 162|0x00000000ca200000, 0x00000000ca300000, 0x00000000ca300000|100%| O|  |TAMS 0x00000000ca300000, 0x00000000ca200000| Untracked 
| 163|0x00000000ca300000, 0x00000000ca400000, 0x00000000ca400000|100%| O|  |TAMS 0x00000000ca400000, 0x00000000ca300000| Untracked 
| 164|0x00000000ca400000, 0x00000000ca500000, 0x00000000ca500000|100%| O|  |TAMS 0x00000000ca500000, 0x00000000ca400000| Untracked 
| 165|0x00000000ca500000, 0x00000000ca600000, 0x00000000ca600000|100%| O|  |TAMS 0x00000000ca600000, 0x00000000ca500000| Untracked 
| 166|0x00000000ca600000, 0x00000000ca700000, 0x00000000ca700000|100%| O|  |TAMS 0x00000000ca700000, 0x00000000ca600000| Untracked 
| 167|0x00000000ca700000, 0x00000000ca800000, 0x00000000ca800000|100%| O|  |TAMS 0x00000000ca800000, 0x00000000ca700000| Untracked 
| 168|0x00000000ca800000, 0x00000000ca900000, 0x00000000ca900000|100%| O|  |TAMS 0x00000000ca900000, 0x00000000ca800000| Untracked 
| 169|0x00000000ca900000, 0x00000000caa00000, 0x00000000caa00000|100%| O|  |TAMS 0x00000000caa00000, 0x00000000ca900000| Untracked 
| 170|0x00000000caa00000, 0x00000000cab00000, 0x00000000cab00000|100%| O|  |TAMS 0x00000000cab00000, 0x00000000caa00000| Untracked 
| 171|0x00000000cab00000, 0x00000000cac00000, 0x00000000cac00000|100%| O|  |TAMS 0x00000000cac00000, 0x00000000cab00000| Untracked 
| 172|0x00000000cac00000, 0x00000000cad00000, 0x00000000cad00000|100%| O|  |TAMS 0x00000000cad00000, 0x00000000cac00000| Untracked 
| 173|0x00000000cad00000, 0x00000000cae00000, 0x00000000cae00000|100%| O|  |TAMS 0x00000000cae00000, 0x00000000cad00000| Untracked 
| 174|0x00000000cae00000, 0x00000000caf00000, 0x00000000caf00000|100%| O|  |TAMS 0x00000000caf00000, 0x00000000cae00000| Untracked 
| 175|0x00000000caf00000, 0x00000000cb000000, 0x00000000cb000000|100%| O|  |TAMS 0x00000000cb000000, 0x00000000caf00000| Untracked 
| 176|0x00000000cb000000, 0x00000000cb100000, 0x00000000cb100000|100%| O|  |TAMS 0x00000000cb100000, 0x00000000cb000000| Untracked 
| 177|0x00000000cb100000, 0x00000000cb200000, 0x00000000cb200000|100%| O|  |TAMS 0x00000000cb200000, 0x00000000cb100000| Untracked 
| 178|0x00000000cb200000, 0x00000000cb300000, 0x00000000cb300000|100%| O|  |TAMS 0x00000000cb300000, 0x00000000cb200000| Untracked 
| 179|0x00000000cb300000, 0x00000000cb400000, 0x00000000cb400000|100%| O|  |TAMS 0x00000000cb400000, 0x00000000cb300000| Untracked 
| 180|0x00000000cb400000, 0x00000000cb500000, 0x00000000cb500000|100%| O|  |TAMS 0x00000000cb500000, 0x00000000cb400000| Untracked 
| 181|0x00000000cb500000, 0x00000000cb600000, 0x00000000cb600000|100%| O|  |TAMS 0x00000000cb600000, 0x00000000cb500000| Untracked 
| 182|0x00000000cb600000, 0x00000000cb700000, 0x00000000cb700000|100%| O|  |TAMS 0x00000000cb700000, 0x00000000cb600000| Untracked 
| 183|0x00000000cb700000, 0x00000000cb800000, 0x00000000cb800000|100%| O|  |TAMS 0x00000000cb800000, 0x00000000cb700000| Untracked 
| 184|0x00000000cb800000, 0x00000000cb900000, 0x00000000cb900000|100%| O|  |TAMS 0x00000000cb900000, 0x00000000cb800000| Untracked 
| 185|0x00000000cb900000, 0x00000000cba00000, 0x00000000cba00000|100%| O|  |TAMS 0x00000000cba00000, 0x00000000cb900000| Untracked 
| 186|0x00000000cba00000, 0x00000000cbb00000, 0x00000000cbb00000|100%| O|  |TAMS 0x00000000cbb00000, 0x00000000cba00000| Untracked 
| 187|0x00000000cbb00000, 0x00000000cbc00000, 0x00000000cbc00000|100%| O|  |TAMS 0x00000000cbc00000, 0x00000000cbb00000| Untracked 
| 188|0x00000000cbc00000, 0x00000000cbd00000, 0x00000000cbd00000|100%| O|  |TAMS 0x00000000cbd00000, 0x00000000cbc00000| Untracked 
| 189|0x00000000cbd00000, 0x00000000cbe00000, 0x00000000cbe00000|100%| O|  |TAMS 0x00000000cbe00000, 0x00000000cbd00000| Untracked 
| 190|0x00000000cbe00000, 0x00000000cbf00000, 0x00000000cbf00000|100%| O|  |TAMS 0x00000000cbf00000, 0x00000000cbe00000| Untracked 
| 191|0x00000000cbf00000, 0x00000000cc000000, 0x00000000cc000000|100%| O|  |TAMS 0x00000000cc000000, 0x00000000cbf00000| Untracked 
| 192|0x00000000cc000000, 0x00000000cc100000, 0x00000000cc100000|100%| O|  |TAMS 0x00000000cc100000, 0x00000000cc000000| Untracked 
| 193|0x00000000cc100000, 0x00000000cc200000, 0x00000000cc200000|100%| O|  |TAMS 0x00000000cc200000, 0x00000000cc100000| Untracked 
| 194|0x00000000cc200000, 0x00000000cc300000, 0x00000000cc300000|100%| O|  |TAMS 0x00000000cc300000, 0x00000000cc200000| Untracked 
| 195|0x00000000cc300000, 0x00000000cc400000, 0x00000000cc400000|100%| O|  |TAMS 0x00000000cc400000, 0x00000000cc300000| Untracked 
| 196|0x00000000cc400000, 0x00000000cc500000, 0x00000000cc500000|100%| O|  |TAMS 0x00000000cc500000, 0x00000000cc400000| Untracked 
| 197|0x00000000cc500000, 0x00000000cc600000, 0x00000000cc600000|100%| O|  |TAMS 0x00000000cc600000, 0x00000000cc500000| Untracked 
| 198|0x00000000cc600000, 0x00000000cc700000, 0x00000000cc700000|100%| O|  |TAMS 0x00000000cc700000, 0x00000000cc600000| Untracked 
| 199|0x00000000cc700000, 0x00000000cc800000, 0x00000000cc800000|100%| O|  |TAMS 0x00000000cc800000, 0x00000000cc700000| Untracked 
| 200|0x00000000cc800000, 0x00000000cc900000, 0x00000000cc900000|100%| O|  |TAMS 0x00000000cc900000, 0x00000000cc800000| Untracked 
| 201|0x00000000cc900000, 0x00000000cca00000, 0x00000000cca00000|100%| O|  |TAMS 0x00000000cca00000, 0x00000000cc900000| Untracked 
| 202|0x00000000cca00000, 0x00000000ccb00000, 0x00000000ccb00000|100%| O|  |TAMS 0x00000000ccb00000, 0x00000000cca00000| Untracked 
| 203|0x00000000ccb00000, 0x00000000ccc00000, 0x00000000ccc00000|100%| O|  |TAMS 0x00000000ccc00000, 0x00000000ccb00000| Untracked 
| 204|0x00000000ccc00000, 0x00000000ccd00000, 0x00000000ccd00000|100%| O|  |TAMS 0x00000000ccd00000, 0x00000000ccc00000| Untracked 
| 205|0x00000000ccd00000, 0x00000000cce00000, 0x00000000cce00000|100%| O|  |TAMS 0x00000000cce00000, 0x00000000ccd00000| Untracked 
| 206|0x00000000cce00000, 0x00000000ccf00000, 0x00000000ccf00000|100%| O|  |TAMS 0x00000000ccf00000, 0x00000000cce00000| Untracked 
| 207|0x00000000ccf00000, 0x00000000cd000000, 0x00000000cd000000|100%| O|  |TAMS 0x00000000cd000000, 0x00000000ccf00000| Untracked 
| 208|0x00000000cd000000, 0x00000000cd100000, 0x00000000cd100000|100%| O|  |TAMS 0x00000000cd100000, 0x00000000cd000000| Untracked 
| 209|0x00000000cd100000, 0x00000000cd200000, 0x00000000cd200000|100%| O|  |TAMS 0x00000000cd200000, 0x00000000cd100000| Untracked 
| 210|0x00000000cd200000, 0x00000000cd300000, 0x00000000cd300000|100%| O|  |TAMS 0x00000000cd300000, 0x00000000cd200000| Untracked 
| 211|0x00000000cd300000, 0x00000000cd400000, 0x00000000cd400000|100%| O|  |TAMS 0x00000000cd400000, 0x00000000cd300000| Untracked 
| 212|0x00000000cd400000, 0x00000000cd500000, 0x00000000cd500000|100%| O|  |TAMS 0x00000000cd500000, 0x00000000cd400000| Untracked 
| 213|0x00000000cd500000, 0x00000000cd600000, 0x00000000cd600000|100%| O|  |TAMS 0x00000000cd600000, 0x00000000cd500000| Untracked 
| 214|0x00000000cd600000, 0x00000000cd700000, 0x00000000cd700000|100%| O|  |TAMS 0x00000000cd700000, 0x00000000cd600000| Untracked 
| 215|0x00000000cd700000, 0x00000000cd800000, 0x00000000cd800000|100%| O|  |TAMS 0x00000000cd800000, 0x00000000cd700000| Untracked 
| 216|0x00000000cd800000, 0x00000000cd900000, 0x00000000cd900000|100%| O|  |TAMS 0x00000000cd900000, 0x00000000cd800000| Untracked 
| 217|0x00000000cd900000, 0x00000000cda00000, 0x00000000cda00000|100%| O|  |TAMS 0x00000000cda00000, 0x00000000cd900000| Untracked 
| 218|0x00000000cda00000, 0x00000000cdb00000, 0x00000000cdb00000|100%| O|  |TAMS 0x00000000cdb00000, 0x00000000cda00000| Untracked 
| 219|0x00000000cdb00000, 0x00000000cdc00000, 0x00000000cdc00000|100%| O|  |TAMS 0x00000000cdc00000, 0x00000000cdb00000| Untracked 
| 220|0x00000000cdc00000, 0x00000000cdd00000, 0x00000000cdd00000|100%| O|  |TAMS 0x00000000cdd00000, 0x00000000cdc00000| Untracked 
| 221|0x00000000cdd00000, 0x00000000cde00000, 0x00000000cde00000|100%| O|  |TAMS 0x00000000cde00000, 0x00000000cdd00000| Untracked 
| 222|0x00000000cde00000, 0x00000000cdf00000, 0x00000000cdf00000|100%| O|  |TAMS 0x00000000cdf00000, 0x00000000cde00000| Untracked 
| 223|0x00000000cdf00000, 0x00000000ce000000, 0x00000000ce000000|100%| O|  |TAMS 0x00000000ce000000, 0x00000000cdf00000| Untracked 
| 224|0x00000000ce000000, 0x00000000ce100000, 0x00000000ce100000|100%| O|  |TAMS 0x00000000ce100000, 0x00000000ce000000| Untracked 
| 225|0x00000000ce100000, 0x00000000ce200000, 0x00000000ce200000|100%| O|  |TAMS 0x00000000ce200000, 0x00000000ce100000| Untracked 
| 226|0x00000000ce200000, 0x00000000ce300000, 0x00000000ce300000|100%| O|  |TAMS 0x00000000ce300000, 0x00000000ce200000| Untracked 
| 227|0x00000000ce300000, 0x00000000ce400000, 0x00000000ce400000|100%| O|  |TAMS 0x00000000ce400000, 0x00000000ce300000| Untracked 
| 228|0x00000000ce400000, 0x00000000ce500000, 0x00000000ce500000|100%| O|  |TAMS 0x00000000ce500000, 0x00000000ce400000| Untracked 
| 229|0x00000000ce500000, 0x00000000ce600000, 0x00000000ce600000|100%| O|  |TAMS 0x00000000ce600000, 0x00000000ce500000| Untracked 
| 230|0x00000000ce600000, 0x00000000ce700000, 0x00000000ce700000|100%| O|  |TAMS 0x00000000ce700000, 0x00000000ce600000| Untracked 
| 231|0x00000000ce700000, 0x00000000ce800000, 0x00000000ce800000|100%| O|  |TAMS 0x00000000ce800000, 0x00000000ce700000| Untracked 
| 232|0x00000000ce800000, 0x00000000ce900000, 0x00000000ce900000|100%| O|  |TAMS 0x00000000ce900000, 0x00000000ce800000| Untracked 
| 233|0x00000000ce900000, 0x00000000cea00000, 0x00000000cea00000|100%| O|  |TAMS 0x00000000cea00000, 0x00000000ce900000| Untracked 
| 234|0x00000000cea00000, 0x00000000ceb00000, 0x00000000ceb00000|100%| O|  |TAMS 0x00000000ceb00000, 0x00000000cea00000| Untracked 
| 235|0x00000000ceb00000, 0x00000000cec00000, 0x00000000cec00000|100%| O|  |TAMS 0x00000000cec00000, 0x00000000ceb00000| Untracked 
| 236|0x00000000cec00000, 0x00000000ced00000, 0x00000000ced00000|100%| O|  |TAMS 0x00000000ced00000, 0x00000000cec00000| Untracked 
| 237|0x00000000ced00000, 0x00000000cee00000, 0x00000000cee00000|100%| O|  |TAMS 0x00000000cee00000, 0x00000000ced00000| Untracked 
| 238|0x00000000cee00000, 0x00000000cef00000, 0x00000000cef00000|100%| O|  |TAMS 0x00000000cef00000, 0x00000000cee00000| Untracked 
| 239|0x00000000cef00000, 0x00000000cf000000, 0x00000000cf000000|100%| O|  |TAMS 0x00000000cf000000, 0x00000000cef00000| Untracked 
| 240|0x00000000cf000000, 0x00000000cf100000, 0x00000000cf100000|100%| O|  |TAMS 0x00000000cf100000, 0x00000000cf000000| Untracked 
| 241|0x00000000cf100000, 0x00000000cf200000, 0x00000000cf200000|100%| O|  |TAMS 0x00000000cf200000, 0x00000000cf100000| Untracked 
| 242|0x00000000cf200000, 0x00000000cf300000, 0x00000000cf300000|100%| O|  |TAMS 0x00000000cf300000, 0x00000000cf200000| Untracked 
| 243|0x00000000cf300000, 0x00000000cf400000, 0x00000000cf400000|100%| O|  |TAMS 0x00000000cf300000, 0x00000000cf300000| Untracked 
| 244|0x00000000cf400000, 0x00000000cf500000, 0x00000000cf500000|100%| O|  |TAMS 0x00000000cf400000, 0x00000000cf400000| Untracked 
| 245|0x00000000cf500000, 0x00000000cf600000, 0x00000000cf600000|100%| O|  |TAMS 0x00000000cf500000, 0x00000000cf500000| Untracked 
| 246|0x00000000cf600000, 0x00000000cf700000, 0x00000000cf700000|100%| O|  |TAMS 0x00000000cf600000, 0x00000000cf600000| Untracked 
| 247|0x00000000cf700000, 0x00000000cf800000, 0x00000000cf800000|100%| O|  |TAMS 0x00000000cf700000, 0x00000000cf700000| Untracked 
| 248|0x00000000cf800000, 0x00000000cf900000, 0x00000000cf900000|100%| O|  |TAMS 0x00000000cf800000, 0x00000000cf800000| Untracked 
| 249|0x00000000cf900000, 0x00000000cfa00000, 0x00000000cfa00000|100%| O|  |TAMS 0x00000000cf900000, 0x00000000cf900000| Untracked 
| 250|0x00000000cfa00000, 0x00000000cfb00000, 0x00000000cfb00000|100%| O|  |TAMS 0x00000000cfa00000, 0x00000000cfa00000| Untracked 
| 251|0x00000000cfb00000, 0x00000000cfc00000, 0x00000000cfc00000|100%| O|  |TAMS 0x00000000cfb00000, 0x00000000cfb00000| Untracked 
| 252|0x00000000cfc00000, 0x00000000cfd00000, 0x00000000cfd00000|100%| O|  |TAMS 0x00000000cfc00000, 0x00000000cfc00000| Untracked 
| 253|0x00000000cfd00000, 0x00000000cfe00000, 0x00000000cfe00000|100%| O|  |TAMS 0x00000000cfd00000, 0x00000000cfd00000| Untracked 
| 254|0x00000000cfe00000, 0x00000000cff00000, 0x00000000cff00000|100%| O|  |TAMS 0x00000000cfe00000, 0x00000000cfe00000| Untracked 
| 255|0x00000000cff00000, 0x00000000d0000000, 0x00000000d0000000|100%| O|  |TAMS 0x00000000cff00000, 0x00000000cff00000| Untracked 
| 256|0x00000000d0000000, 0x00000000d0100000, 0x00000000d0100000|100%| O|  |TAMS 0x00000000d0000000, 0x00000000d0000000| Untracked 
| 257|0x00000000d0100000, 0x00000000d0200000, 0x00000000d0200000|100%| O|  |TAMS 0x00000000d0100000, 0x00000000d0100000| Untracked 
| 258|0x00000000d0200000, 0x00000000d0300000, 0x00000000d0300000|100%| O|  |TAMS 0x00000000d0200000, 0x00000000d0200000| Untracked 
| 259|0x00000000d0300000, 0x00000000d0400000, 0x00000000d0400000|100%| O|  |TAMS 0x00000000d0300000, 0x00000000d0300000| Untracked 
| 260|0x00000000d0400000, 0x00000000d0500000, 0x00000000d0500000|100%| O|  |TAMS 0x00000000d0400000, 0x00000000d0400000| Untracked 
| 261|0x00000000d0500000, 0x00000000d0600000, 0x00000000d0600000|100%| O|  |TAMS 0x00000000d0500000, 0x00000000d0500000| Untracked 
| 262|0x00000000d0600000, 0x00000000d0700000, 0x00000000d0700000|100%| O|  |TAMS 0x00000000d0600000, 0x00000000d0600000| Untracked 
| 263|0x00000000d0700000, 0x00000000d0800000, 0x00000000d0800000|100%| O|  |TAMS 0x00000000d0700000, 0x00000000d0700000| Untracked 
| 264|0x00000000d0800000, 0x00000000d0900000, 0x00000000d0900000|100%| O|  |TAMS 0x00000000d0800000, 0x00000000d0800000| Untracked 
| 265|0x00000000d0900000, 0x00000000d0a00000, 0x00000000d0a00000|100%| O|  |TAMS 0x00000000d0900000, 0x00000000d0900000| Untracked 
| 266|0x00000000d0a00000, 0x00000000d0b00000, 0x00000000d0b00000|100%| O|  |TAMS 0x00000000d0a00000, 0x00000000d0a00000| Untracked 
| 267|0x00000000d0b00000, 0x00000000d0c00000, 0x00000000d0c00000|100%| O|  |TAMS 0x00000000d0b00000, 0x00000000d0b00000| Untracked 
| 268|0x00000000d0c00000, 0x00000000d0d00000, 0x00000000d0d00000|100%| O|  |TAMS 0x00000000d0c00000, 0x00000000d0c00000| Untracked 
| 269|0x00000000d0d00000, 0x00000000d0e00000, 0x00000000d0e00000|100%| O|  |TAMS 0x00000000d0d00000, 0x00000000d0d00000| Untracked 
| 270|0x00000000d0e00000, 0x00000000d0f00000, 0x00000000d0f00000|100%| O|  |TAMS 0x00000000d0e00000, 0x00000000d0e00000| Untracked 
| 271|0x00000000d0f00000, 0x00000000d1000000, 0x00000000d1000000|100%| O|  |TAMS 0x00000000d0f00000, 0x00000000d0f00000| Untracked 
| 272|0x00000000d1000000, 0x00000000d1100000, 0x00000000d1100000|100%| O|  |TAMS 0x00000000d1000000, 0x00000000d1000000| Untracked 
| 273|0x00000000d1100000, 0x00000000d1200000, 0x00000000d1200000|100%| O|  |TAMS 0x00000000d1100000, 0x00000000d1100000| Untracked 
| 274|0x00000000d1200000, 0x00000000d1300000, 0x00000000d1300000|100%| O|  |TAMS 0x00000000d1200000, 0x00000000d1200000| Untracked 
| 275|0x00000000d1300000, 0x00000000d1400000, 0x00000000d1400000|100%| O|  |TAMS 0x00000000d1300000, 0x00000000d1300000| Untracked 
| 276|0x00000000d1400000, 0x00000000d1500000, 0x00000000d1500000|100%| O|  |TAMS 0x00000000d1400000, 0x00000000d1400000| Untracked 
| 277|0x00000000d1500000, 0x00000000d1600000, 0x00000000d1600000|100%| O|  |TAMS 0x00000000d1500000, 0x00000000d1500000| Untracked 
| 278|0x00000000d1600000, 0x00000000d1700000, 0x00000000d1700000|100%| O|  |TAMS 0x00000000d1600000, 0x00000000d1600000| Untracked 
| 279|0x00000000d1700000, 0x00000000d1800000, 0x00000000d1800000|100%| O|  |TAMS 0x00000000d1700000, 0x00000000d1700000| Untracked 
| 280|0x00000000d1800000, 0x00000000d1900000, 0x00000000d1900000|100%| O|  |TAMS 0x00000000d1800000, 0x00000000d1800000| Untracked 
| 281|0x00000000d1900000, 0x00000000d1a00000, 0x00000000d1a00000|100%| O|  |TAMS 0x00000000d1900000, 0x00000000d1900000| Untracked 
| 282|0x00000000d1a00000, 0x00000000d1b00000, 0x00000000d1b00000|100%| O|  |TAMS 0x00000000d1a00000, 0x00000000d1a00000| Untracked 
| 283|0x00000000d1b00000, 0x00000000d1c00000, 0x00000000d1c00000|100%| O|  |TAMS 0x00000000d1b00000, 0x00000000d1b00000| Untracked 
| 284|0x00000000d1c00000, 0x00000000d1d00000, 0x00000000d1d00000|100%| O|  |TAMS 0x00000000d1c00000, 0x00000000d1c00000| Untracked 
| 285|0x00000000d1d00000, 0x00000000d1e00000, 0x00000000d1e00000|100%| O|  |TAMS 0x00000000d1d00000, 0x00000000d1d00000| Untracked 
| 286|0x00000000d1e00000, 0x00000000d1f00000, 0x00000000d1f00000|100%| O|  |TAMS 0x00000000d1e00000, 0x00000000d1e00000| Untracked 
| 287|0x00000000d1f00000, 0x00000000d2000000, 0x00000000d2000000|100%| O|  |TAMS 0x00000000d1f00000, 0x00000000d1f00000| Untracked 
| 288|0x00000000d2000000, 0x00000000d2100000, 0x00000000d2100000|100%| O|  |TAMS 0x00000000d2000000, 0x00000000d2000000| Untracked 
| 289|0x00000000d2100000, 0x00000000d2200000, 0x00000000d2200000|100%| O|  |TAMS 0x00000000d2100000, 0x00000000d2100000| Untracked 
| 290|0x00000000d2200000, 0x00000000d2300000, 0x00000000d2300000|100%| O|  |TAMS 0x00000000d2200000, 0x00000000d2200000| Untracked 
| 291|0x00000000d2300000, 0x00000000d2400000, 0x00000000d2400000|100%| O|  |TAMS 0x00000000d2300000, 0x00000000d2300000| Untracked 
| 292|0x00000000d2400000, 0x00000000d2500000, 0x00000000d2500000|100%| O|  |TAMS 0x00000000d2400000, 0x00000000d2400000| Untracked 
| 293|0x00000000d2500000, 0x00000000d2600000, 0x00000000d2600000|100%| O|  |TAMS 0x00000000d2500000, 0x00000000d2500000| Untracked 
| 294|0x00000000d2600000, 0x00000000d2700000, 0x00000000d2700000|100%| O|  |TAMS 0x00000000d2600000, 0x00000000d2600000| Untracked 
| 295|0x00000000d2700000, 0x00000000d2800000, 0x00000000d2800000|100%| O|  |TAMS 0x00000000d2700000, 0x00000000d2700000| Untracked 
| 296|0x00000000d2800000, 0x00000000d2900000, 0x00000000d2900000|100%| O|  |TAMS 0x00000000d2800000, 0x00000000d2800000| Untracked 
| 297|0x00000000d2900000, 0x00000000d2a00000, 0x00000000d2a00000|100%| O|  |TAMS 0x00000000d2900000, 0x00000000d2900000| Untracked 
| 298|0x00000000d2a00000, 0x00000000d2b00000, 0x00000000d2b00000|100%| O|  |TAMS 0x00000000d2a00000, 0x00000000d2a00000| Untracked 
| 299|0x00000000d2b00000, 0x00000000d2c00000, 0x00000000d2c00000|100%| O|  |TAMS 0x00000000d2b00000, 0x00000000d2b00000| Untracked 
| 300|0x00000000d2c00000, 0x00000000d2d00000, 0x00000000d2d00000|100%| O|  |TAMS 0x00000000d2c00000, 0x00000000d2c00000| Untracked 
| 301|0x00000000d2d00000, 0x00000000d2e00000, 0x00000000d2e00000|100%| O|  |TAMS 0x00000000d2d00000, 0x00000000d2d00000| Untracked 
| 302|0x00000000d2e00000, 0x00000000d2f00000, 0x00000000d2f00000|100%| O|  |TAMS 0x00000000d2e00000, 0x00000000d2e00000| Untracked 
| 303|0x00000000d2f00000, 0x00000000d3000000, 0x00000000d3000000|100%| O|  |TAMS 0x00000000d2f00000, 0x00000000d2f00000| Untracked 
| 304|0x00000000d3000000, 0x00000000d3100000, 0x00000000d3100000|100%| O|  |TAMS 0x00000000d3000000, 0x00000000d3000000| Untracked 
| 305|0x00000000d3100000, 0x00000000d3200000, 0x00000000d3200000|100%| O|  |TAMS 0x00000000d3100000, 0x00000000d3100000| Untracked 
| 306|0x00000000d3200000, 0x00000000d3300000, 0x00000000d3300000|100%| O|  |TAMS 0x00000000d3200000, 0x00000000d3200000| Untracked 
| 307|0x00000000d3300000, 0x00000000d3400000, 0x00000000d3400000|100%| O|  |TAMS 0x00000000d3300000, 0x00000000d3300000| Untracked 
| 308|0x00000000d3400000, 0x00000000d3500000, 0x00000000d3500000|100%| O|  |TAMS 0x00000000d3400000, 0x00000000d3400000| Untracked 
| 309|0x00000000d3500000, 0x00000000d3600000, 0x00000000d3600000|100%| O|  |TAMS 0x00000000d3500000, 0x00000000d3500000| Untracked 
| 310|0x00000000d3600000, 0x00000000d3700000, 0x00000000d3700000|100%| O|  |TAMS 0x00000000d3600000, 0x00000000d3600000| Untracked 
| 311|0x00000000d3700000, 0x00000000d3800000, 0x00000000d3800000|100%| O|  |TAMS 0x00000000d3700000, 0x00000000d3700000| Untracked 
| 312|0x00000000d3800000, 0x00000000d3900000, 0x00000000d3900000|100%| O|  |TAMS 0x00000000d3800000, 0x00000000d3800000| Untracked 
| 313|0x00000000d3900000, 0x00000000d3a00000, 0x00000000d3a00000|100%| O|  |TAMS 0x00000000d3900000, 0x00000000d3900000| Untracked 
| 314|0x00000000d3a00000, 0x00000000d3b00000, 0x00000000d3b00000|100%| O|  |TAMS 0x00000000d3a00000, 0x00000000d3a00000| Untracked 
| 315|0x00000000d3b00000, 0x00000000d3c00000, 0x00000000d3c00000|100%| O|  |TAMS 0x00000000d3b00000, 0x00000000d3b00000| Untracked 
| 316|0x00000000d3c00000, 0x00000000d3d00000, 0x00000000d3d00000|100%| O|  |TAMS 0x00000000d3c00000, 0x00000000d3c00000| Untracked 
| 317|0x00000000d3d00000, 0x00000000d3e00000, 0x00000000d3e00000|100%| O|  |TAMS 0x00000000d3d00000, 0x00000000d3d00000| Untracked 
| 318|0x00000000d3e00000, 0x00000000d3f00000, 0x00000000d3f00000|100%| O|  |TAMS 0x00000000d3e00000, 0x00000000d3e00000| Untracked 
| 319|0x00000000d3f00000, 0x00000000d4000000, 0x00000000d4000000|100%| O|  |TAMS 0x00000000d3f00000, 0x00000000d3f00000| Untracked 
| 320|0x00000000d4000000, 0x00000000d4100000, 0x00000000d4100000|100%| O|  |TAMS 0x00000000d4000000, 0x00000000d4000000| Untracked 
| 321|0x00000000d4100000, 0x00000000d4200000, 0x00000000d4200000|100%| O|  |TAMS 0x00000000d4100000, 0x00000000d4100000| Untracked 
| 322|0x00000000d4200000, 0x00000000d4300000, 0x00000000d4300000|100%| O|  |TAMS 0x00000000d4200000, 0x00000000d4200000| Untracked 
| 323|0x00000000d4300000, 0x00000000d4400000, 0x00000000d4400000|100%| O|  |TAMS 0x00000000d4300000, 0x00000000d4300000| Untracked 
| 324|0x00000000d4400000, 0x00000000d4500000, 0x00000000d4500000|100%| O|  |TAMS 0x00000000d4400000, 0x00000000d4400000| Untracked 
| 325|0x00000000d4500000, 0x00000000d4600000, 0x00000000d4600000|100%| O|  |TAMS 0x00000000d4500000, 0x00000000d4500000| Untracked 
| 326|0x00000000d4600000, 0x00000000d4700000, 0x00000000d4700000|100%| O|  |TAMS 0x00000000d4600000, 0x00000000d4600000| Untracked 
| 327|0x00000000d4700000, 0x00000000d4800000, 0x00000000d4800000|100%| O|  |TAMS 0x00000000d4700000, 0x00000000d4700000| Untracked 
| 328|0x00000000d4800000, 0x00000000d4900000, 0x00000000d4900000|100%| O|  |TAMS 0x00000000d4800000, 0x00000000d4800000| Untracked 
| 329|0x00000000d4900000, 0x00000000d4a00000, 0x00000000d4a00000|100%| O|  |TAMS 0x00000000d4900000, 0x00000000d4900000| Untracked 
| 330|0x00000000d4a00000, 0x00000000d4b00000, 0x00000000d4b00000|100%| O|  |TAMS 0x00000000d4a00000, 0x00000000d4a00000| Untracked 
| 331|0x00000000d4b00000, 0x00000000d4c00000, 0x00000000d4c00000|100%| O|  |TAMS 0x00000000d4b00000, 0x00000000d4b00000| Untracked 
| 332|0x00000000d4c00000, 0x00000000d4d00000, 0x00000000d4d00000|100%| O|  |TAMS 0x00000000d4c00000, 0x00000000d4c00000| Untracked 
| 333|0x00000000d4d00000, 0x00000000d4e00000, 0x00000000d4e00000|100%| O|  |TAMS 0x00000000d4d00000, 0x00000000d4d00000| Untracked 
| 334|0x00000000d4e00000, 0x00000000d4f00000, 0x00000000d4f00000|100%| O|  |TAMS 0x00000000d4e00000, 0x00000000d4e00000| Untracked 
| 335|0x00000000d4f00000, 0x00000000d5000000, 0x00000000d5000000|100%| O|  |TAMS 0x00000000d4f00000, 0x00000000d4f00000| Untracked 
| 336|0x00000000d5000000, 0x00000000d5080000, 0x00000000d5100000| 50%| O|  |TAMS 0x00000000d5000000, 0x00000000d5000000| Untracked 
| 337|0x00000000d5100000, 0x00000000d5100000, 0x00000000d5200000|  0%| F|  |TAMS 0x00000000d5100000, 0x00000000d5100000| Untracked 
| 338|0x00000000d5200000, 0x00000000d5200000, 0x00000000d5300000|  0%| F|  |TAMS 0x00000000d5200000, 0x00000000d5200000| Untracked 
| 339|0x00000000d5300000, 0x00000000d5300000, 0x00000000d5400000|  0%| F|  |TAMS 0x00000000d5300000, 0x00000000d5300000| Untracked 
| 340|0x00000000d5400000, 0x00000000d5400000, 0x00000000d5500000|  0%| F|  |TAMS 0x00000000d5400000, 0x00000000d5400000| Untracked 
| 341|0x00000000d5500000, 0x00000000d5500000, 0x00000000d5600000|  0%| F|  |TAMS 0x00000000d5500000, 0x00000000d5500000| Untracked 
| 342|0x00000000d5600000, 0x00000000d5600000, 0x00000000d5700000|  0%| F|  |TAMS 0x00000000d5600000, 0x00000000d5600000| Untracked 
| 343|0x00000000d5700000, 0x00000000d5700000, 0x00000000d5800000|  0%| F|  |TAMS 0x00000000d5700000, 0x00000000d5700000| Untracked 
| 344|0x00000000d5800000, 0x00000000d5800000, 0x00000000d5900000|  0%| F|  |TAMS 0x00000000d5800000, 0x00000000d5800000| Untracked 
| 345|0x00000000d5900000, 0x00000000d5900000, 0x00000000d5a00000|  0%| F|  |TAMS 0x00000000d5900000, 0x00000000d5900000| Untracked 
| 346|0x00000000d5a00000, 0x00000000d5a00000, 0x00000000d5b00000|  0%| F|  |TAMS 0x00000000d5a00000, 0x00000000d5a00000| Untracked 
| 347|0x00000000d5b00000, 0x00000000d5b00000, 0x00000000d5c00000|  0%| F|  |TAMS 0x00000000d5b00000, 0x00000000d5b00000| Untracked 
| 348|0x00000000d5c00000, 0x00000000d5c00000, 0x00000000d5d00000|  0%| F|  |TAMS 0x00000000d5c00000, 0x00000000d5c00000| Untracked 
| 349|0x00000000d5d00000, 0x00000000d5d00000, 0x00000000d5e00000|  0%| F|  |TAMS 0x00000000d5d00000, 0x00000000d5d00000| Untracked 
| 350|0x00000000d5e00000, 0x00000000d5e00000, 0x00000000d5f00000|  0%| F|  |TAMS 0x00000000d5e00000, 0x00000000d5e00000| Untracked 
| 351|0x00000000d5f00000, 0x00000000d5f00000, 0x00000000d6000000|  0%| F|  |TAMS 0x00000000d5f00000, 0x00000000d5f00000| Untracked 
| 352|0x00000000d6000000, 0x00000000d6000000, 0x00000000d6100000|  0%| F|  |TAMS 0x00000000d6000000, 0x00000000d6000000| Untracked 
| 353|0x00000000d6100000, 0x00000000d6100000, 0x00000000d6200000|  0%| F|  |TAMS 0x00000000d6100000, 0x00000000d6100000| Untracked 
| 354|0x00000000d6200000, 0x00000000d6200000, 0x00000000d6300000|  0%| F|  |TAMS 0x00000000d6200000, 0x00000000d6200000| Untracked 
| 355|0x00000000d6300000, 0x00000000d6300000, 0x00000000d6400000|  0%| F|  |TAMS 0x00000000d6300000, 0x00000000d6300000| Untracked 
| 356|0x00000000d6400000, 0x00000000d6400000, 0x00000000d6500000|  0%| F|  |TAMS 0x00000000d6400000, 0x00000000d6400000| Untracked 
| 357|0x00000000d6500000, 0x00000000d6500000, 0x00000000d6600000|  0%| F|  |TAMS 0x00000000d6500000, 0x00000000d6500000| Untracked 
| 358|0x00000000d6600000, 0x00000000d6600000, 0x00000000d6700000|  0%| F|  |TAMS 0x00000000d6600000, 0x00000000d6600000| Untracked 
| 359|0x00000000d6700000, 0x00000000d6700000, 0x00000000d6800000|  0%| F|  |TAMS 0x00000000d6700000, 0x00000000d6700000| Untracked 
| 360|0x00000000d6800000, 0x00000000d6800000, 0x00000000d6900000|  0%| F|  |TAMS 0x00000000d6800000, 0x00000000d6800000| Untracked 
| 361|0x00000000d6900000, 0x00000000d6900000, 0x00000000d6a00000|  0%| F|  |TAMS 0x00000000d6900000, 0x00000000d6900000| Untracked 
| 362|0x00000000d6a00000, 0x00000000d6a00000, 0x00000000d6b00000|  0%| F|  |TAMS 0x00000000d6a00000, 0x00000000d6a00000| Untracked 
| 363|0x00000000d6b00000, 0x00000000d6b00000, 0x00000000d6c00000|  0%| F|  |TAMS 0x00000000d6b00000, 0x00000000d6b00000| Untracked 
| 364|0x00000000d6c00000, 0x00000000d6c00000, 0x00000000d6d00000|  0%| F|  |TAMS 0x00000000d6c00000, 0x00000000d6c00000| Untracked 
| 365|0x00000000d6d00000, 0x00000000d6d00000, 0x00000000d6e00000|  0%| F|  |TAMS 0x00000000d6d00000, 0x00000000d6d00000| Untracked 
| 366|0x00000000d6e00000, 0x00000000d6e00000, 0x00000000d6f00000|  0%| F|  |TAMS 0x00000000d6e00000, 0x00000000d6e00000| Untracked 
| 367|0x00000000d6f00000, 0x00000000d6f00000, 0x00000000d7000000|  0%| F|  |TAMS 0x00000000d6f00000, 0x00000000d6f00000| Untracked 
| 368|0x00000000d7000000, 0x00000000d7000000, 0x00000000d7100000|  0%| F|  |TAMS 0x00000000d7000000, 0x00000000d7000000| Untracked 
| 369|0x00000000d7100000, 0x00000000d7100000, 0x00000000d7200000|  0%| F|  |TAMS 0x00000000d7100000, 0x00000000d7100000| Untracked 
| 370|0x00000000d7200000, 0x00000000d7200000, 0x00000000d7300000|  0%| F|  |TAMS 0x00000000d7200000, 0x00000000d7200000| Untracked 
| 371|0x00000000d7300000, 0x00000000d7300000, 0x00000000d7400000|  0%| F|  |TAMS 0x00000000d7300000, 0x00000000d7300000| Untracked 
| 372|0x00000000d7400000, 0x00000000d7400000, 0x00000000d7500000|  0%| F|  |TAMS 0x00000000d7400000, 0x00000000d7400000| Untracked 
| 373|0x00000000d7500000, 0x00000000d7500000, 0x00000000d7600000|  0%| F|  |TAMS 0x00000000d7500000, 0x00000000d7500000| Untracked 
| 374|0x00000000d7600000, 0x00000000d7600000, 0x00000000d7700000|  0%| F|  |TAMS 0x00000000d7600000, 0x00000000d7600000| Untracked 
| 375|0x00000000d7700000, 0x00000000d7700000, 0x00000000d7800000|  0%| F|  |TAMS 0x00000000d7700000, 0x00000000d7700000| Untracked 
| 376|0x00000000d7800000, 0x00000000d7800000, 0x00000000d7900000|  0%| F|  |TAMS 0x00000000d7800000, 0x00000000d7800000| Untracked 
| 377|0x00000000d7900000, 0x00000000d7900000, 0x00000000d7a00000|  0%| F|  |TAMS 0x00000000d7900000, 0x00000000d7900000| Untracked 
| 378|0x00000000d7a00000, 0x00000000d7a00000, 0x00000000d7b00000|  0%| F|  |TAMS 0x00000000d7a00000, 0x00000000d7a00000| Untracked 
| 379|0x00000000d7b00000, 0x00000000d7b00000, 0x00000000d7c00000|  0%| F|  |TAMS 0x00000000d7b00000, 0x00000000d7b00000| Untracked 
| 380|0x00000000d7c00000, 0x00000000d7c00000, 0x00000000d7d00000|  0%| F|  |TAMS 0x00000000d7c00000, 0x00000000d7c00000| Untracked 
| 381|0x00000000d7d00000, 0x00000000d7d00000, 0x00000000d7e00000|  0%| F|  |TAMS 0x00000000d7d00000, 0x00000000d7d00000| Untracked 
| 382|0x00000000d7e00000, 0x00000000d7e00000, 0x00000000d7f00000|  0%| F|  |TAMS 0x00000000d7e00000, 0x00000000d7e00000| Untracked 
| 383|0x00000000d7f00000, 0x00000000d7f00000, 0x00000000d8000000|  0%| F|  |TAMS 0x00000000d7f00000, 0x00000000d7f00000| Untracked 
| 384|0x00000000d8000000, 0x00000000d8000000, 0x00000000d8100000|  0%| F|  |TAMS 0x00000000d8000000, 0x00000000d8000000| Untracked 
| 385|0x00000000d8100000, 0x00000000d8100000, 0x00000000d8200000|  0%| F|  |TAMS 0x00000000d8100000, 0x00000000d8100000| Untracked 
| 386|0x00000000d8200000, 0x00000000d8200000, 0x00000000d8300000|  0%| F|  |TAMS 0x00000000d8200000, 0x00000000d8200000| Untracked 
| 387|0x00000000d8300000, 0x00000000d8300000, 0x00000000d8400000|  0%| F|  |TAMS 0x00000000d8300000, 0x00000000d8300000| Untracked 
| 388|0x00000000d8400000, 0x00000000d8400000, 0x00000000d8500000|  0%| F|  |TAMS 0x00000000d8400000, 0x00000000d8400000| Untracked 
| 389|0x00000000d8500000, 0x00000000d8500000, 0x00000000d8600000|  0%| F|  |TAMS 0x00000000d8500000, 0x00000000d8500000| Untracked 
| 390|0x00000000d8600000, 0x00000000d8600000, 0x00000000d8700000|  0%| F|  |TAMS 0x00000000d8600000, 0x00000000d8600000| Untracked 
| 391|0x00000000d8700000, 0x00000000d8700000, 0x00000000d8800000|  0%| F|  |TAMS 0x00000000d8700000, 0x00000000d8700000| Untracked 
| 392|0x00000000d8800000, 0x00000000d8800000, 0x00000000d8900000|  0%| F|  |TAMS 0x00000000d8800000, 0x00000000d8800000| Untracked 
| 393|0x00000000d8900000, 0x00000000d8900000, 0x00000000d8a00000|  0%| F|  |TAMS 0x00000000d8900000, 0x00000000d8900000| Untracked 
| 394|0x00000000d8a00000, 0x00000000d8a00000, 0x00000000d8b00000|  0%| F|  |TAMS 0x00000000d8a00000, 0x00000000d8a00000| Untracked 
| 395|0x00000000d8b00000, 0x00000000d8b00000, 0x00000000d8c00000|  0%| F|  |TAMS 0x00000000d8b00000, 0x00000000d8b00000| Untracked 
| 396|0x00000000d8c00000, 0x00000000d8c00000, 0x00000000d8d00000|  0%| F|  |TAMS 0x00000000d8c00000, 0x00000000d8c00000| Untracked 
| 397|0x00000000d8d00000, 0x00000000d8d00000, 0x00000000d8e00000|  0%| F|  |TAMS 0x00000000d8d00000, 0x00000000d8d00000| Untracked 
| 398|0x00000000d8e00000, 0x00000000d8e00000, 0x00000000d8f00000|  0%| F|  |TAMS 0x00000000d8e00000, 0x00000000d8e00000| Untracked 
| 399|0x00000000d8f00000, 0x00000000d8f00000, 0x00000000d9000000|  0%| F|  |TAMS 0x00000000d8f00000, 0x00000000d8f00000| Untracked 
| 400|0x00000000d9000000, 0x00000000d9000000, 0x00000000d9100000|  0%| F|  |TAMS 0x00000000d9000000, 0x00000000d9000000| Untracked 
| 401|0x00000000d9100000, 0x00000000d9100000, 0x00000000d9200000|  0%| F|  |TAMS 0x00000000d9100000, 0x00000000d9100000| Untracked 
| 402|0x00000000d9200000, 0x00000000d9200000, 0x00000000d9300000|  0%| F|  |TAMS 0x00000000d9200000, 0x00000000d9200000| Untracked 
| 403|0x00000000d9300000, 0x00000000d9300000, 0x00000000d9400000|  0%| F|  |TAMS 0x00000000d9300000, 0x00000000d9300000| Untracked 
| 404|0x00000000d9400000, 0x00000000d9400000, 0x00000000d9500000|  0%| F|  |TAMS 0x00000000d9400000, 0x00000000d9400000| Untracked 
| 405|0x00000000d9500000, 0x00000000d9500000, 0x00000000d9600000|  0%| F|  |TAMS 0x00000000d9500000, 0x00000000d9500000| Untracked 
| 406|0x00000000d9600000, 0x00000000d9600000, 0x00000000d9700000|  0%| F|  |TAMS 0x00000000d9600000, 0x00000000d9600000| Untracked 
| 407|0x00000000d9700000, 0x00000000d9700000, 0x00000000d9800000|  0%| F|  |TAMS 0x00000000d9700000, 0x00000000d9700000| Untracked 
| 408|0x00000000d9800000, 0x00000000d9800000, 0x00000000d9900000|  0%| F|  |TAMS 0x00000000d9800000, 0x00000000d9800000| Untracked 
| 409|0x00000000d9900000, 0x00000000d9900000, 0x00000000d9a00000|  0%| F|  |TAMS 0x00000000d9900000, 0x00000000d9900000| Untracked 
| 410|0x00000000d9a00000, 0x00000000d9a00000, 0x00000000d9b00000|  0%| F|  |TAMS 0x00000000d9a00000, 0x00000000d9a00000| Untracked 
| 411|0x00000000d9b00000, 0x00000000d9b00000, 0x00000000d9c00000|  0%| F|  |TAMS 0x00000000d9b00000, 0x00000000d9b00000| Untracked 
| 412|0x00000000d9c00000, 0x00000000d9c00000, 0x00000000d9d00000|  0%| F|  |TAMS 0x00000000d9c00000, 0x00000000d9c00000| Untracked 
| 413|0x00000000d9d00000, 0x00000000d9d00000, 0x00000000d9e00000|  0%| F|  |TAMS 0x00000000d9d00000, 0x00000000d9d00000| Untracked 
| 414|0x00000000d9e00000, 0x00000000d9e00000, 0x00000000d9f00000|  0%| F|  |TAMS 0x00000000d9e00000, 0x00000000d9e00000| Untracked 
| 415|0x00000000d9f00000, 0x00000000d9f00000, 0x00000000da000000|  0%| F|  |TAMS 0x00000000d9f00000, 0x00000000d9f00000| Untracked 
| 416|0x00000000da000000, 0x00000000da000000, 0x00000000da100000|  0%| F|  |TAMS 0x00000000da000000, 0x00000000da000000| Untracked 
| 417|0x00000000da100000, 0x00000000da100000, 0x00000000da200000|  0%| F|  |TAMS 0x00000000da100000, 0x00000000da100000| Untracked 
| 418|0x00000000da200000, 0x00000000da200000, 0x00000000da300000|  0%| F|  |TAMS 0x00000000da200000, 0x00000000da200000| Untracked 
| 419|0x00000000da300000, 0x00000000da300000, 0x00000000da400000|  0%| F|  |TAMS 0x00000000da300000, 0x00000000da300000| Untracked 
| 420|0x00000000da400000, 0x00000000da400000, 0x00000000da500000|  0%| F|  |TAMS 0x00000000da400000, 0x00000000da400000| Untracked 
| 421|0x00000000da500000, 0x00000000da600000, 0x00000000da600000|100%| S|CS|TAMS 0x00000000da500000, 0x00000000da500000| Complete 
| 422|0x00000000da600000, 0x00000000da700000, 0x00000000da700000|100%| S|CS|TAMS 0x00000000da600000, 0x00000000da600000| Complete 
| 423|0x00000000da700000, 0x00000000da800000, 0x00000000da800000|100%| S|CS|TAMS 0x00000000da700000, 0x00000000da700000| Complete 
| 424|0x00000000da800000, 0x00000000da900000, 0x00000000da900000|100%| S|CS|TAMS 0x00000000da800000, 0x00000000da800000| Complete 
| 425|0x00000000da900000, 0x00000000daa00000, 0x00000000daa00000|100%| S|CS|TAMS 0x00000000da900000, 0x00000000da900000| Complete 
| 426|0x00000000daa00000, 0x00000000dab00000, 0x00000000dab00000|100%| S|CS|TAMS 0x00000000daa00000, 0x00000000daa00000| Complete 
| 427|0x00000000dab00000, 0x00000000dac00000, 0x00000000dac00000|100%| S|CS|TAMS 0x00000000dab00000, 0x00000000dab00000| Complete 
| 428|0x00000000dac00000, 0x00000000dad00000, 0x00000000dad00000|100%| S|CS|TAMS 0x00000000dac00000, 0x00000000dac00000| Complete 
| 429|0x00000000dad00000, 0x00000000dae00000, 0x00000000dae00000|100%| S|CS|TAMS 0x00000000dad00000, 0x00000000dad00000| Complete 
| 430|0x00000000dae00000, 0x00000000daf00000, 0x00000000daf00000|100%| S|CS|TAMS 0x00000000dae00000, 0x00000000dae00000| Complete 
| 431|0x00000000daf00000, 0x00000000db000000, 0x00000000db000000|100%| S|CS|TAMS 0x00000000daf00000, 0x00000000daf00000| Complete 
| 432|0x00000000db000000, 0x00000000db100000, 0x00000000db100000|100%| S|CS|TAMS 0x00000000db000000, 0x00000000db000000| Complete 
| 433|0x00000000db100000, 0x00000000db200000, 0x00000000db200000|100%| S|CS|TAMS 0x00000000db100000, 0x00000000db100000| Complete 
| 434|0x00000000db200000, 0x00000000db300000, 0x00000000db300000|100%| S|CS|TAMS 0x00000000db200000, 0x00000000db200000| Complete 
| 435|0x00000000db300000, 0x00000000db400000, 0x00000000db400000|100%| S|CS|TAMS 0x00000000db300000, 0x00000000db300000| Complete 
| 436|0x00000000db400000, 0x00000000db500000, 0x00000000db500000|100%| S|CS|TAMS 0x00000000db400000, 0x00000000db400000| Complete 
| 437|0x00000000db500000, 0x00000000db600000, 0x00000000db600000|100%| S|CS|TAMS 0x00000000db500000, 0x00000000db500000| Complete 
| 438|0x00000000db600000, 0x00000000db600000, 0x00000000db700000|  0%| F|  |TAMS 0x00000000db600000, 0x00000000db600000| Untracked 
| 439|0x00000000db700000, 0x00000000db700000, 0x00000000db800000|  0%| F|  |TAMS 0x00000000db700000, 0x00000000db700000| Untracked 
| 440|0x00000000db800000, 0x00000000db800000, 0x00000000db900000|  0%| F|  |TAMS 0x00000000db800000, 0x00000000db800000| Untracked 
| 441|0x00000000db900000, 0x00000000db900000, 0x00000000dba00000|  0%| F|  |TAMS 0x00000000db900000, 0x00000000db900000| Untracked 
| 442|0x00000000dba00000, 0x00000000dba00000, 0x00000000dbb00000|  0%| F|  |TAMS 0x00000000dba00000, 0x00000000dba00000| Untracked 
| 443|0x00000000dbb00000, 0x00000000dbb00000, 0x00000000dbc00000|  0%| F|  |TAMS 0x00000000dbb00000, 0x00000000dbb00000| Untracked 
| 444|0x00000000dbc00000, 0x00000000dbc00000, 0x00000000dbd00000|  0%| F|  |TAMS 0x00000000dbc00000, 0x00000000dbc00000| Untracked 
| 445|0x00000000dbd00000, 0x00000000dbd00000, 0x00000000dbe00000|  0%| F|  |TAMS 0x00000000dbd00000, 0x00000000dbd00000| Untracked 
| 446|0x00000000dbe00000, 0x00000000dbe00000, 0x00000000dbf00000|  0%| F|  |TAMS 0x00000000dbe00000, 0x00000000dbe00000| Untracked 
| 447|0x00000000dbf00000, 0x00000000dbf00000, 0x00000000dc000000|  0%| F|  |TAMS 0x00000000dbf00000, 0x00000000dbf00000| Untracked 
| 448|0x00000000dc000000, 0x00000000dc000000, 0x00000000dc100000|  0%| F|  |TAMS 0x00000000dc000000, 0x00000000dc000000| Untracked 
| 449|0x00000000dc100000, 0x00000000dc100000, 0x00000000dc200000|  0%| F|  |TAMS 0x00000000dc100000, 0x00000000dc100000| Untracked 
| 450|0x00000000dc200000, 0x00000000dc200000, 0x00000000dc300000|  0%| F|  |TAMS 0x00000000dc200000, 0x00000000dc200000| Untracked 
| 451|0x00000000dc300000, 0x00000000dc300000, 0x00000000dc400000|  0%| F|  |TAMS 0x00000000dc300000, 0x00000000dc300000| Untracked 
| 452|0x00000000dc400000, 0x00000000dc400000, 0x00000000dc500000|  0%| F|  |TAMS 0x00000000dc400000, 0x00000000dc400000| Untracked 
| 453|0x00000000dc500000, 0x00000000dc500000, 0x00000000dc600000|  0%| F|  |TAMS 0x00000000dc500000, 0x00000000dc500000| Untracked 
| 454|0x00000000dc600000, 0x00000000dc600000, 0x00000000dc700000|  0%| F|  |TAMS 0x00000000dc600000, 0x00000000dc600000| Untracked 
| 455|0x00000000dc700000, 0x00000000dc700000, 0x00000000dc800000|  0%| F|  |TAMS 0x00000000dc700000, 0x00000000dc700000| Untracked 
| 456|0x00000000dc800000, 0x00000000dc800000, 0x00000000dc900000|  0%| F|  |TAMS 0x00000000dc800000, 0x00000000dc800000| Untracked 
| 457|0x00000000dc900000, 0x00000000dc900000, 0x00000000dca00000|  0%| F|  |TAMS 0x00000000dc900000, 0x00000000dc900000| Untracked 
| 458|0x00000000dca00000, 0x00000000dca00000, 0x00000000dcb00000|  0%| F|  |TAMS 0x00000000dca00000, 0x00000000dca00000| Untracked 
| 459|0x00000000dcb00000, 0x00000000dcb00000, 0x00000000dcc00000|  0%| F|  |TAMS 0x00000000dcb00000, 0x00000000dcb00000| Untracked 
| 460|0x00000000dcc00000, 0x00000000dcc00000, 0x00000000dcd00000|  0%| F|  |TAMS 0x00000000dcc00000, 0x00000000dcc00000| Untracked 
| 461|0x00000000dcd00000, 0x00000000dcd00000, 0x00000000dce00000|  0%| F|  |TAMS 0x00000000dcd00000, 0x00000000dcd00000| Untracked 
| 462|0x00000000dce00000, 0x00000000dce00000, 0x00000000dcf00000|  0%| F|  |TAMS 0x00000000dce00000, 0x00000000dce00000| Untracked 
| 463|0x00000000dcf00000, 0x00000000dcf00000, 0x00000000dd000000|  0%| F|  |TAMS 0x00000000dcf00000, 0x00000000dcf00000| Untracked 
| 464|0x00000000dd000000, 0x00000000dd000000, 0x00000000dd100000|  0%| F|  |TAMS 0x00000000dd000000, 0x00000000dd000000| Untracked 
| 465|0x00000000dd100000, 0x00000000dd100000, 0x00000000dd200000|  0%| F|  |TAMS 0x00000000dd100000, 0x00000000dd100000| Untracked 
| 466|0x00000000dd200000, 0x00000000dd200000, 0x00000000dd300000|  0%| F|  |TAMS 0x00000000dd200000, 0x00000000dd200000| Untracked 
| 467|0x00000000dd300000, 0x00000000dd300000, 0x00000000dd400000|  0%| F|  |TAMS 0x00000000dd300000, 0x00000000dd300000| Untracked 
| 468|0x00000000dd400000, 0x00000000dd400000, 0x00000000dd500000|  0%| F|  |TAMS 0x00000000dd400000, 0x00000000dd400000| Untracked 
| 469|0x00000000dd500000, 0x00000000dd500000, 0x00000000dd600000|  0%| F|  |TAMS 0x00000000dd500000, 0x00000000dd500000| Untracked 
| 470|0x00000000dd600000, 0x00000000dd600000, 0x00000000dd700000|  0%| F|  |TAMS 0x00000000dd600000, 0x00000000dd600000| Untracked 
| 471|0x00000000dd700000, 0x00000000dd700000, 0x00000000dd800000|  0%| F|  |TAMS 0x00000000dd700000, 0x00000000dd700000| Untracked 
| 472|0x00000000dd800000, 0x00000000dd800000, 0x00000000dd900000|  0%| F|  |TAMS 0x00000000dd800000, 0x00000000dd800000| Untracked 
| 473|0x00000000dd900000, 0x00000000dd900000, 0x00000000dda00000|  0%| F|  |TAMS 0x00000000dd900000, 0x00000000dd900000| Untracked 
| 474|0x00000000dda00000, 0x00000000dda00000, 0x00000000ddb00000|  0%| F|  |TAMS 0x00000000dda00000, 0x00000000dda00000| Untracked 
| 475|0x00000000ddb00000, 0x00000000ddb00000, 0x00000000ddc00000|  0%| F|  |TAMS 0x00000000ddb00000, 0x00000000ddb00000| Untracked 
| 476|0x00000000ddc00000, 0x00000000ddc00000, 0x00000000ddd00000|  0%| F|  |TAMS 0x00000000ddc00000, 0x00000000ddc00000| Untracked 
| 477|0x00000000ddd00000, 0x00000000ddd00000, 0x00000000dde00000|  0%| F|  |TAMS 0x00000000ddd00000, 0x00000000ddd00000| Untracked 
| 478|0x00000000dde00000, 0x00000000dde00000, 0x00000000ddf00000|  0%| F|  |TAMS 0x00000000dde00000, 0x00000000dde00000| Untracked 
| 479|0x00000000ddf00000, 0x00000000ddf00000, 0x00000000de000000|  0%| F|  |TAMS 0x00000000ddf00000, 0x00000000ddf00000| Untracked 
| 480|0x00000000de000000, 0x00000000de000000, 0x00000000de100000|  0%| F|  |TAMS 0x00000000de000000, 0x00000000de000000| Untracked 
| 481|0x00000000de100000, 0x00000000de100000, 0x00000000de200000|  0%| F|  |TAMS 0x00000000de100000, 0x00000000de100000| Untracked 
| 482|0x00000000de200000, 0x00000000de200000, 0x00000000de300000|  0%| F|  |TAMS 0x00000000de200000, 0x00000000de200000| Untracked 
| 483|0x00000000de300000, 0x00000000de300000, 0x00000000de400000|  0%| F|  |TAMS 0x00000000de300000, 0x00000000de300000| Untracked 
| 484|0x00000000de400000, 0x00000000de400000, 0x00000000de500000|  0%| F|  |TAMS 0x00000000de400000, 0x00000000de400000| Untracked 
| 485|0x00000000de500000, 0x00000000de500000, 0x00000000de600000|  0%| F|  |TAMS 0x00000000de500000, 0x00000000de500000| Untracked 
| 486|0x00000000de600000, 0x00000000de600000, 0x00000000de700000|  0%| F|  |TAMS 0x00000000de600000, 0x00000000de600000| Untracked 
| 487|0x00000000de700000, 0x00000000de700000, 0x00000000de800000|  0%| F|  |TAMS 0x00000000de700000, 0x00000000de700000| Untracked 
| 488|0x00000000de800000, 0x00000000de800000, 0x00000000de900000|  0%| F|  |TAMS 0x00000000de800000, 0x00000000de800000| Untracked 
| 489|0x00000000de900000, 0x00000000de900000, 0x00000000dea00000|  0%| F|  |TAMS 0x00000000de900000, 0x00000000de900000| Untracked 
| 490|0x00000000dea00000, 0x00000000dea00000, 0x00000000deb00000|  0%| F|  |TAMS 0x00000000dea00000, 0x00000000dea00000| Untracked 
| 491|0x00000000deb00000, 0x00000000deb00000, 0x00000000dec00000|  0%| F|  |TAMS 0x00000000deb00000, 0x00000000deb00000| Untracked 
| 492|0x00000000dec00000, 0x00000000dec00000, 0x00000000ded00000|  0%| F|  |TAMS 0x00000000dec00000, 0x00000000dec00000| Untracked 
| 493|0x00000000ded00000, 0x00000000ded00000, 0x00000000dee00000|  0%| F|  |TAMS 0x00000000ded00000, 0x00000000ded00000| Untracked 
| 494|0x00000000dee00000, 0x00000000dee00000, 0x00000000def00000|  0%| F|  |TAMS 0x00000000dee00000, 0x00000000dee00000| Untracked 
| 495|0x00000000def00000, 0x00000000def00000, 0x00000000df000000|  0%| F|  |TAMS 0x00000000def00000, 0x00000000def00000| Untracked 
| 496|0x00000000df000000, 0x00000000df000000, 0x00000000df100000|  0%| F|  |TAMS 0x00000000df000000, 0x00000000df000000| Untracked 
| 497|0x00000000df100000, 0x00000000df100000, 0x00000000df200000|  0%| F|  |TAMS 0x00000000df100000, 0x00000000df100000| Untracked 
| 498|0x00000000df200000, 0x00000000df200000, 0x00000000df300000|  0%| F|  |TAMS 0x00000000df200000, 0x00000000df200000| Untracked 
| 499|0x00000000df300000, 0x00000000df300000, 0x00000000df400000|  0%| F|  |TAMS 0x00000000df300000, 0x00000000df300000| Untracked 
| 500|0x00000000df400000, 0x00000000df400000, 0x00000000df500000|  0%| F|  |TAMS 0x00000000df400000, 0x00000000df400000| Untracked 
| 501|0x00000000df500000, 0x00000000df500000, 0x00000000df600000|  0%| F|  |TAMS 0x00000000df500000, 0x00000000df500000| Untracked 
| 502|0x00000000df600000, 0x00000000df600000, 0x00000000df700000|  0%| F|  |TAMS 0x00000000df600000, 0x00000000df600000| Untracked 
| 503|0x00000000df700000, 0x00000000df700000, 0x00000000df800000|  0%| F|  |TAMS 0x00000000df700000, 0x00000000df700000| Untracked 
| 504|0x00000000df800000, 0x00000000df800000, 0x00000000df900000|  0%| F|  |TAMS 0x00000000df800000, 0x00000000df800000| Untracked 
| 505|0x00000000df900000, 0x00000000df900000, 0x00000000dfa00000|  0%| F|  |TAMS 0x00000000df900000, 0x00000000df900000| Untracked 
| 506|0x00000000dfa00000, 0x00000000dfa00000, 0x00000000dfb00000|  0%| F|  |TAMS 0x00000000dfa00000, 0x00000000dfa00000| Untracked 
| 507|0x00000000dfb00000, 0x00000000dfb00000, 0x00000000dfc00000|  0%| F|  |TAMS 0x00000000dfb00000, 0x00000000dfb00000| Untracked 
| 508|0x00000000dfc00000, 0x00000000dfc00000, 0x00000000dfd00000|  0%| F|  |TAMS 0x00000000dfc00000, 0x00000000dfc00000| Untracked 
| 509|0x00000000dfd00000, 0x00000000dfd00000, 0x00000000dfe00000|  0%| F|  |TAMS 0x00000000dfd00000, 0x00000000dfd00000| Untracked 
| 510|0x00000000dfe00000, 0x00000000dfe00000, 0x00000000dff00000|  0%| F|  |TAMS 0x00000000dfe00000, 0x00000000dfe00000| Untracked 
| 511|0x00000000dff00000, 0x00000000dff00000, 0x00000000e0000000|  0%| F|  |TAMS 0x00000000dff00000, 0x00000000dff00000| Untracked 
| 512|0x00000000e0000000, 0x00000000e0000000, 0x00000000e0100000|  0%| F|  |TAMS 0x00000000e0000000, 0x00000000e0000000| Untracked 
| 513|0x00000000e0100000, 0x00000000e0100000, 0x00000000e0200000|  0%| F|  |TAMS 0x00000000e0100000, 0x00000000e0100000| Untracked 
| 514|0x00000000e0200000, 0x00000000e0200000, 0x00000000e0300000|  0%| F|  |TAMS 0x00000000e0200000, 0x00000000e0200000| Untracked 
| 515|0x00000000e0300000, 0x00000000e0300000, 0x00000000e0400000|  0%| F|  |TAMS 0x00000000e0300000, 0x00000000e0300000| Untracked 
| 516|0x00000000e0400000, 0x00000000e0400000, 0x00000000e0500000|  0%| F|  |TAMS 0x00000000e0400000, 0x00000000e0400000| Untracked 
| 517|0x00000000e0500000, 0x00000000e0500000, 0x00000000e0600000|  0%| F|  |TAMS 0x00000000e0500000, 0x00000000e0500000| Untracked 
| 518|0x00000000e0600000, 0x00000000e0600000, 0x00000000e0700000|  0%| F|  |TAMS 0x00000000e0600000, 0x00000000e0600000| Untracked 
| 519|0x00000000e0700000, 0x00000000e0700000, 0x00000000e0800000|  0%| F|  |TAMS 0x00000000e0700000, 0x00000000e0700000| Untracked 
| 520|0x00000000e0800000, 0x00000000e0800000, 0x00000000e0900000|  0%| F|  |TAMS 0x00000000e0800000, 0x00000000e0800000| Untracked 
| 521|0x00000000e0900000, 0x00000000e0900000, 0x00000000e0a00000|  0%| F|  |TAMS 0x00000000e0900000, 0x00000000e0900000| Untracked 
| 522|0x00000000e0a00000, 0x00000000e0a00000, 0x00000000e0b00000|  0%| F|  |TAMS 0x00000000e0a00000, 0x00000000e0a00000| Untracked 
| 523|0x00000000e0b00000, 0x00000000e0b00000, 0x00000000e0c00000|  0%| F|  |TAMS 0x00000000e0b00000, 0x00000000e0b00000| Untracked 
| 524|0x00000000e0c00000, 0x00000000e0c00000, 0x00000000e0d00000|  0%| F|  |TAMS 0x00000000e0c00000, 0x00000000e0c00000| Untracked 
| 525|0x00000000e0d00000, 0x00000000e0d00000, 0x00000000e0e00000|  0%| F|  |TAMS 0x00000000e0d00000, 0x00000000e0d00000| Untracked 
| 526|0x00000000e0e00000, 0x00000000e0e00000, 0x00000000e0f00000|  0%| F|  |TAMS 0x00000000e0e00000, 0x00000000e0e00000| Untracked 
| 527|0x00000000e0f00000, 0x00000000e0f00000, 0x00000000e1000000|  0%| F|  |TAMS 0x00000000e0f00000, 0x00000000e0f00000| Untracked 
| 528|0x00000000e1000000, 0x00000000e1000000, 0x00000000e1100000|  0%| F|  |TAMS 0x00000000e1000000, 0x00000000e1000000| Untracked 
| 529|0x00000000e1100000, 0x00000000e1100000, 0x00000000e1200000|  0%| F|  |TAMS 0x00000000e1100000, 0x00000000e1100000| Untracked 
| 530|0x00000000e1200000, 0x00000000e1200000, 0x00000000e1300000|  0%| F|  |TAMS 0x00000000e1200000, 0x00000000e1200000| Untracked 
| 531|0x00000000e1300000, 0x00000000e1300000, 0x00000000e1400000|  0%| F|  |TAMS 0x00000000e1300000, 0x00000000e1300000| Untracked 
| 532|0x00000000e1400000, 0x00000000e1400000, 0x00000000e1500000|  0%| F|  |TAMS 0x00000000e1400000, 0x00000000e1400000| Untracked 
| 533|0x00000000e1500000, 0x00000000e1500000, 0x00000000e1600000|  0%| F|  |TAMS 0x00000000e1500000, 0x00000000e1500000| Untracked 
| 534|0x00000000e1600000, 0x00000000e1600000, 0x00000000e1700000|  0%| F|  |TAMS 0x00000000e1600000, 0x00000000e1600000| Untracked 
| 535|0x00000000e1700000, 0x00000000e1700000, 0x00000000e1800000|  0%| F|  |TAMS 0x00000000e1700000, 0x00000000e1700000| Untracked 
| 536|0x00000000e1800000, 0x00000000e1800000, 0x00000000e1900000|  0%| F|  |TAMS 0x00000000e1800000, 0x00000000e1800000| Untracked 
| 537|0x00000000e1900000, 0x00000000e1900000, 0x00000000e1a00000|  0%| F|  |TAMS 0x00000000e1900000, 0x00000000e1900000| Untracked 
| 538|0x00000000e1a00000, 0x00000000e1a00000, 0x00000000e1b00000|  0%| F|  |TAMS 0x00000000e1a00000, 0x00000000e1a00000| Untracked 
| 539|0x00000000e1b00000, 0x00000000e1b00000, 0x00000000e1c00000|  0%| F|  |TAMS 0x00000000e1b00000, 0x00000000e1b00000| Untracked 
| 540|0x00000000e1c00000, 0x00000000e1c00000, 0x00000000e1d00000|  0%| F|  |TAMS 0x00000000e1c00000, 0x00000000e1c00000| Untracked 
| 541|0x00000000e1d00000, 0x00000000e1d00000, 0x00000000e1e00000|  0%| F|  |TAMS 0x00000000e1d00000, 0x00000000e1d00000| Untracked 
| 542|0x00000000e1e00000, 0x00000000e1e00000, 0x00000000e1f00000|  0%| F|  |TAMS 0x00000000e1e00000, 0x00000000e1e00000| Untracked 
| 543|0x00000000e1f00000, 0x00000000e1f00000, 0x00000000e2000000|  0%| F|  |TAMS 0x00000000e1f00000, 0x00000000e1f00000| Untracked 
| 544|0x00000000e2000000, 0x00000000e2000000, 0x00000000e2100000|  0%| F|  |TAMS 0x00000000e2000000, 0x00000000e2000000| Untracked 
| 545|0x00000000e2100000, 0x00000000e2100000, 0x00000000e2200000|  0%| F|  |TAMS 0x00000000e2100000, 0x00000000e2100000| Untracked 
| 546|0x00000000e2200000, 0x00000000e2200000, 0x00000000e2300000|  0%| F|  |TAMS 0x00000000e2200000, 0x00000000e2200000| Untracked 
| 547|0x00000000e2300000, 0x00000000e2300000, 0x00000000e2400000|  0%| F|  |TAMS 0x00000000e2300000, 0x00000000e2300000| Untracked 
| 548|0x00000000e2400000, 0x00000000e2400000, 0x00000000e2500000|  0%| F|  |TAMS 0x00000000e2400000, 0x00000000e2400000| Untracked 
| 549|0x00000000e2500000, 0x00000000e2500000, 0x00000000e2600000|  0%| F|  |TAMS 0x00000000e2500000, 0x00000000e2500000| Untracked 
| 550|0x00000000e2600000, 0x00000000e2600000, 0x00000000e2700000|  0%| F|  |TAMS 0x00000000e2600000, 0x00000000e2600000| Untracked 
| 551|0x00000000e2700000, 0x00000000e2700000, 0x00000000e2800000|  0%| F|  |TAMS 0x00000000e2700000, 0x00000000e2700000| Untracked 
| 552|0x00000000e2800000, 0x00000000e2800000, 0x00000000e2900000|  0%| F|  |TAMS 0x00000000e2800000, 0x00000000e2800000| Untracked 
| 553|0x00000000e2900000, 0x00000000e2900000, 0x00000000e2a00000|  0%| F|  |TAMS 0x00000000e2900000, 0x00000000e2900000| Untracked 
| 554|0x00000000e2a00000, 0x00000000e2a00000, 0x00000000e2b00000|  0%| F|  |TAMS 0x00000000e2a00000, 0x00000000e2a00000| Untracked 
| 555|0x00000000e2b00000, 0x00000000e2b00000, 0x00000000e2c00000|  0%| F|  |TAMS 0x00000000e2b00000, 0x00000000e2b00000| Untracked 
| 556|0x00000000e2c00000, 0x00000000e2c00000, 0x00000000e2d00000|  0%| F|  |TAMS 0x00000000e2c00000, 0x00000000e2c00000| Untracked 
| 557|0x00000000e2d00000, 0x00000000e2d00000, 0x00000000e2e00000|  0%| F|  |TAMS 0x00000000e2d00000, 0x00000000e2d00000| Untracked 
| 558|0x00000000e2e00000, 0x00000000e2e00000, 0x00000000e2f00000|  0%| F|  |TAMS 0x00000000e2e00000, 0x00000000e2e00000| Untracked 
| 559|0x00000000e2f00000, 0x00000000e2f00000, 0x00000000e3000000|  0%| F|  |TAMS 0x00000000e2f00000, 0x00000000e2f00000| Untracked 
| 560|0x00000000e3000000, 0x00000000e3000000, 0x00000000e3100000|  0%| F|  |TAMS 0x00000000e3000000, 0x00000000e3000000| Untracked 
| 561|0x00000000e3100000, 0x00000000e3100000, 0x00000000e3200000|  0%| F|  |TAMS 0x00000000e3100000, 0x00000000e3100000| Untracked 
| 562|0x00000000e3200000, 0x00000000e3200000, 0x00000000e3300000|  0%| F|  |TAMS 0x00000000e3200000, 0x00000000e3200000| Untracked 
| 563|0x00000000e3300000, 0x00000000e3300000, 0x00000000e3400000|  0%| F|  |TAMS 0x00000000e3300000, 0x00000000e3300000| Untracked 
| 564|0x00000000e3400000, 0x00000000e3400000, 0x00000000e3500000|  0%| F|  |TAMS 0x00000000e3400000, 0x00000000e3400000| Untracked 
| 565|0x00000000e3500000, 0x00000000e3500000, 0x00000000e3600000|  0%| F|  |TAMS 0x00000000e3500000, 0x00000000e3500000| Untracked 
| 566|0x00000000e3600000, 0x00000000e3600000, 0x00000000e3700000|  0%| F|  |TAMS 0x00000000e3600000, 0x00000000e3600000| Untracked 
| 567|0x00000000e3700000, 0x00000000e3700000, 0x00000000e3800000|  0%| F|  |TAMS 0x00000000e3700000, 0x00000000e3700000| Untracked 
| 568|0x00000000e3800000, 0x00000000e3800000, 0x00000000e3900000|  0%| F|  |TAMS 0x00000000e3800000, 0x00000000e3800000| Untracked 
| 569|0x00000000e3900000, 0x00000000e3900000, 0x00000000e3a00000|  0%| F|  |TAMS 0x00000000e3900000, 0x00000000e3900000| Untracked 
| 570|0x00000000e3a00000, 0x00000000e3a00000, 0x00000000e3b00000|  0%| F|  |TAMS 0x00000000e3a00000, 0x00000000e3a00000| Untracked 
| 571|0x00000000e3b00000, 0x00000000e3b00000, 0x00000000e3c00000|  0%| F|  |TAMS 0x00000000e3b00000, 0x00000000e3b00000| Untracked 
|1022|0x00000000ffe00000, 0x00000000ffe75000, 0x00000000fff00000| 45%|OA|  |TAMS 0x00000000ffe75000, 0x00000000ffe00000| Untracked 
|1023|0x00000000fff00000, 0x00000000fff78000, 0x0000000100000000| 46%|CA|  |TAMS 0x00000000fff78000, 0x00000000fff00000| Untracked 

Card table byte_map: [0x00007f12f985a000,0x00007f12f9a5a000] _byte_map_base: 0x00007f12f925a000

Marking Bits (Prev, Next): (CMBitMap*) 0x00007f12f4057e10, (CMBitMap*) 0x00007f12f4057dd0
 Prev Bits: [0x00007f12dc511000, 0x00007f12dd511000)
 Next Bits: [0x00007f12f865a000, 0x00007f12f965a000)

Polling page: 0x00007f12fba1d000

Metaspace:

Usage:
  Non-class:     86.33 MB used.
      Class:     14.18 MB used.
       Both:    100.51 MB used.

Virtual space:
  Non-class space:      128.00 MB reserved,      86.75 MB ( 68%) committed,  2 nodes.
      Class space:      416.00 MB reserved,      14.62 MB (  4%) committed,  1 nodes.
             Both:      544.00 MB reserved,     101.38 MB ( 19%) committed. 

Chunk freelists:
   Non-Class:  8.84 MB
       Class:  1.23 MB
        Both:  10.08 MB

MaxMetaspaceSize: 512.00 MB
CompressedClassSpaceSize: 416.00 MB
Initial GC threshold: 21.00 MB
Current GC threshold: 165.56 MB
CDS: on
MetaspaceReclaimPolicy: balanced
 - commit_granule_bytes: 65536.
 - commit_granule_words: 8192.
 - virtual_space_node_default_size: 8388608.
 - enlarge_chunks_in_place: 1.
 - new_chunks_are_fully_committed: 0.
 - uncommit_free_chunks: 1.
 - use_allocation_guard: 0.
 - handle_deallocations: 1.


Internal statistics:

num_allocs_failed_limit: 12.
num_arena_births: 1182.
num_arena_deaths: 0.
num_vsnodes_births: 3.
num_vsnodes_deaths: 0.
num_space_committed: 1622.
num_space_uncommitted: 0.
num_chunks_returned_to_freelist: 12.
num_chunks_taken_from_freelist: 5576.
num_chunk_merges: 6.
num_chunk_splits: 3692.
num_chunks_enlarged: 2489.
num_inconsistent_stats: 0.

CodeHeap 'non-profiled nmethods': size=120036Kb used=4732Kb max_used=5238Kb free=115303Kb
 bounds [0x00007f12e4fd8000, 0x00007f12e5518000, 0x00007f12ec511000]
CodeHeap 'profiled nmethods': size=120032Kb used=20964Kb max_used=22956Kb free=99067Kb
 bounds [0x00007f12dd511000, 0x00007f12deb81000, 0x00007f12e4a49000]
CodeHeap 'non-nmethods': size=5692Kb used=1722Kb max_used=1819Kb free=3969Kb
 bounds [0x00007f12e4a49000, 0x00007f12e4cb9000, 0x00007f12e4fd8000]
 total_blobs=12002 nmethods=11193 adapters=721
 compilation: enabled
              stopped_count=0, restarted_count=0
 full_count=0

Compilation events (20 events):
Event: 42.678 Thread 0x00007f12f40b8c80 14409       2       com.android.tools.r8.internal.KY::b (56 bytes)
Event: 42.678 Thread 0x00007f12f40b8c80 nmethod 14409 0x00007f12dd82ef10 code [0x00007f12dd82f100, 0x00007f12dd82f4f0]
Event: 42.679 Thread 0x00007f12f40b8c80 14410       2       com.android.tools.r8.internal.KY$$Lambda$2062/0x00007f12a6ebaa38::<init> (20 bytes)
Event: 42.679 Thread 0x00007f12f40b8c80 nmethod 14410 0x00007f12ddc2a410 code [0x00007f12ddc2a5c0, 0x00007f12ddc2a7d0]
Event: 42.679 Thread 0x00007f12f40b8c80 14411       2       com.android.tools.r8.internal.wX::a (31 bytes)
Event: 42.679 Thread 0x00007f12f40b8c80 nmethod 14411 0x00007f12dd75c110 code [0x00007f12dd75c300, 0x00007f12dd75c6b0]
Event: 42.679 Thread 0x00007f12f40b8c80 14412       2       com.android.tools.r8.internal.wX$$Lambda$2063/0x00007f12a6ebac70::<init> (26 bytes)
Event: 42.679 Thread 0x00007f12f40b8c80 nmethod 14412 0x00007f12ddbd3c10 code [0x00007f12ddbd3dc0, 0x00007f12ddbd4030]
Event: 42.679 Thread 0x00007f12f40b8c80 14413       2       com.android.tools.r8.internal.KY$$Lambda$2064/0x00007f12a6ebaea8::<init> (20 bytes)
Event: 42.679 Thread 0x00007f12f40b8c80 nmethod 14413 0x00007f12ddc97e90 code [0x00007f12ddc98040, 0x00007f12ddc98250]
Event: 42.679 Thread 0x00007f12f40b8c80 14414       2       com.android.tools.r8.internal.KY$$Lambda$2064/0x00007f12a6ebaea8::accept (20 bytes)
Event: 42.679 Thread 0x00007f12f40b8c80 nmethod 14414 0x00007f12dde0fe10 code [0x00007f12dde0ffc0, 0x00007f12dde10160]
Event: 42.679 Thread 0x00007f12f40b8c80 14415       2       com.android.tools.r8.internal.KY::b (10 bytes)
Event: 42.679 Thread 0x00007f12f40b8c80 nmethod 14415 0x00007f12dda5e110 code [0x00007f12dda5e2c0, 0x00007f12dda5e3c0]
Event: 42.680 Thread 0x00007f12f40b8c80 14416       2       com.android.tools.r8.internal.KY::a (36 bytes)
Event: 42.681 Thread 0x00007f12f40b8c80 nmethod 14416 0x00007f12ddaf5690 code [0x00007f12ddaf5880, 0x00007f12ddaf5d20]
Event: 42.708 Thread 0x00007f12f40b8c80 14418       2       java.io.ObjectOutputStream$BlockDataOutputStream::write (152 bytes)
Event: 42.709 Thread 0x00007f12f40b8c80 nmethod 14418 0x00007f12dddca610 code [0x00007f12dddca800, 0x00007f12dddcac70]
Event: 42.788 Thread 0x00007f12f40b8c80 14419       1       java.lang.invoke.MethodHandle::isInvokeSpecial (2 bytes)
Event: 42.788 Thread 0x00007f12f40b8c80 nmethod 14419 0x00007f12e54ae790 code [0x00007f12e54ae920, 0x00007f12e54ae9f0]

GC Heap History (20 events):
Event: 36.179 GC heap after
{Heap after GC invocations=48 (full 0):
 garbage-first heap   total 421888K, used 212916K [0x00000000c0000000, 0x0000000100000000)
  region size 1024K, 17 young (17408K), 17 survivors (17408K)
 Metaspace       used 98539K, committed 99392K, reserved 557056K
  class space    used 13835K, committed 14272K, reserved 425984K
}
Event: 36.695 GC heap before
{Heap before GC invocations=48 (full 0):
 garbage-first heap   total 421888K, used 313268K [0x00000000c0000000, 0x0000000100000000)
  region size 1024K, 115 young (117760K), 17 survivors (17408K)
 Metaspace       used 98684K, committed 99520K, reserved 557056K
  class space    used 13849K, committed 14272K, reserved 425984K
}
Event: 36.796 GC heap after
{Heap after GC invocations=49 (full 0):
 garbage-first heap   total 421888K, used 234420K [0x00000000c0000000, 0x0000000100000000)
  region size 1024K, 15 young (15360K), 15 survivors (15360K)
 Metaspace       used 98684K, committed 99520K, reserved 557056K
  class space    used 13849K, committed 14272K, reserved 425984K
}
Event: 37.097 GC heap before
{Heap before GC invocations=49 (full 0):
 garbage-first heap   total 421888K, used 290740K [0x00000000c0000000, 0x0000000100000000)
  region size 1024K, 70 young (71680K), 15 survivors (15360K)
 Metaspace       used 99394K, committed 100224K, reserved 557056K
  class space    used 13958K, committed 14400K, reserved 425984K
}
Event: 37.283 GC heap after
{Heap after GC invocations=50 (full 0):
 garbage-first heap   total 421888K, used 245172K [0x00000000c0000000, 0x0000000100000000)
  region size 1024K, 9 young (9216K), 9 survivors (9216K)
 Metaspace       used 99394K, committed 100224K, reserved 557056K
  class space    used 13958K, committed 14400K, reserved 425984K
}
Event: 37.704 GC heap before
{Heap before GC invocations=50 (full 0):
 garbage-first heap   total 421888K, used 332212K [0x00000000c0000000, 0x0000000100000000)
  region size 1024K, 94 young (96256K), 9 survivors (9216K)
 Metaspace       used 100392K, committed 101248K, reserved 557056K
  class space    used 14115K, committed 14528K, reserved 425984K
}
Event: 37.821 GC heap after
{Heap after GC invocations=51 (full 0):
 garbage-first heap   total 421888K, used 263092K [0x00000000c0000000, 0x0000000100000000)
  region size 1024K, 12 young (12288K), 12 survivors (12288K)
 Metaspace       used 100392K, committed 101248K, reserved 557056K
  class space    used 14115K, committed 14528K, reserved 425984K
}
Event: 37.922 GC heap before
{Heap before GC invocations=51 (full 0):
 garbage-first heap   total 421888K, used 278452K [0x00000000c0000000, 0x0000000100000000)
  region size 1024K, 28 young (28672K), 12 survivors (12288K)
 Metaspace       used 100544K, committed 101376K, reserved 557056K
  class space    used 14146K, committed 14592K, reserved 425984K
}
Event: 38.008 GC heap after
{Heap after GC invocations=52 (full 0):
 garbage-first heap   total 577536K, used 267188K [0x00000000c0000000, 0x0000000100000000)
  region size 1024K, 4 young (4096K), 4 survivors (4096K)
 Metaspace       used 100544K, committed 101376K, reserved 557056K
  class space    used 14146K, committed 14592K, reserved 425984K
}
Event: 39.582 GC heap before
{Heap before GC invocations=52 (full 0):
 garbage-first heap   total 587776K, used 360372K [0x00000000c0000000, 0x0000000100000000)
  region size 1024K, 95 young (97280K), 4 survivors (4096K)
 Metaspace       used 100845K, committed 101696K, reserved 557056K
  class space    used 14194K, committed 14656K, reserved 425984K
}
Event: 39.688 GC heap after
{Heap after GC invocations=53 (full 0):
 garbage-first heap   total 587776K, used 285620K [0x00000000c0000000, 0x0000000100000000)
  region size 1024K, 12 young (12288K), 12 survivors (12288K)
 Metaspace       used 100845K, committed 101696K, reserved 557056K
  class space    used 14194K, committed 14656K, reserved 425984K
}
Event: 40.281 GC heap before
{Heap before GC invocations=54 (full 0):
 garbage-first heap   total 587776K, used 372660K [0x00000000c0000000, 0x0000000100000000)
  region size 1024K, 97 young (99328K), 12 survivors (12288K)
 Metaspace       used 100850K, committed 101696K, reserved 557056K
  class space    used 14199K, committed 14656K, reserved 425984K
}
Event: 40.388 GC heap after
{Heap after GC invocations=55 (full 0):
 garbage-first heap   total 587776K, used 303540K [0x00000000c0000000, 0x0000000100000000)
  region size 1024K, 13 young (13312K), 13 survivors (13312K)
 Metaspace       used 100850K, committed 101696K, reserved 557056K
  class space    used 14199K, committed 14656K, reserved 425984K
}
Event: 40.479 GC heap before
{Heap before GC invocations=55 (full 0):
 garbage-first heap   total 587776K, used 318900K [0x00000000c0000000, 0x0000000100000000)
  region size 1024K, 28 young (28672K), 13 survivors (13312K)
 Metaspace       used 100850K, committed 101696K, reserved 557056K
  class space    used 14199K, committed 14656K, reserved 425984K
}
Event: 40.512 GC heap after
{Heap after GC invocations=56 (full 0):
 garbage-first heap   total 587776K, used 306100K [0x00000000c0000000, 0x0000000100000000)
  region size 1024K, 4 young (4096K), 4 survivors (4096K)
 Metaspace       used 100850K, committed 101696K, reserved 557056K
  class space    used 14199K, committed 14656K, reserved 425984K
}
Event: 41.510 GC heap before
{Heap before GC invocations=56 (full 0):
 garbage-first heap   total 587776K, used 455604K [0x00000000c0000000, 0x0000000100000000)
  region size 1024K, 150 young (153600K), 4 survivors (4096K)
 Metaspace       used 101487K, committed 102336K, reserved 557056K
  class space    used 14321K, committed 14784K, reserved 425984K
}
Event: 41.723 GC heap after
{Heap after GC invocations=57 (full 0):
 garbage-first heap   total 587776K, used 332724K [0x00000000c0000000, 0x0000000100000000)
  region size 1024K, 19 young (19456K), 19 survivors (19456K)
 Metaspace       used 101487K, committed 102336K, reserved 557056K
  class space    used 14321K, committed 14784K, reserved 425984K
}
Event: 41.979 GC heap before
{Heap before GC invocations=57 (full 0):
 garbage-first heap   total 587776K, used 372660K [0x00000000c0000000, 0x0000000100000000)
  region size 1024K, 59 young (60416K), 19 survivors (19456K)
 Metaspace       used 101951K, committed 102784K, reserved 557056K
  class space    used 14367K, committed 14784K, reserved 425984K
}
Event: 42.077 GC heap after
{Heap after GC invocations=58 (full 0):
 garbage-first heap   total 587776K, used 340916K [0x00000000c0000000, 0x0000000100000000)
  region size 1024K, 8 young (8192K), 8 survivors (8192K)
 Metaspace       used 101951K, committed 102784K, reserved 557056K
  class space    used 14367K, committed 14784K, reserved 425984K
}
Event: 42.799 GC heap before
{Heap before GC invocations=58 (full 0):
 garbage-first heap   total 587776K, used 469940K [0x00000000c0000000, 0x0000000100000000)
  region size 1024K, 134 young (137216K), 8 survivors (8192K)
 Metaspace       used 102920K, committed 103808K, reserved 557056K
  class space    used 14516K, committed 14976K, reserved 425984K
}

Dll operation events (14 events):
Event: 0.004 Loaded shared library /usr/lib/jvm/java-17-openjdk-amd64/lib/libjava.so
Event: 0.036 Loaded shared library /usr/lib/jvm/java-17-openjdk-amd64/lib/libjsvml.so
Event: 0.108 Loaded shared library /usr/lib/jvm/java-17-openjdk-amd64/lib/libzip.so
Event: 0.109 Loaded shared library /usr/lib/jvm/java-17-openjdk-amd64/lib/libinstrument.so
Event: 0.111 Loaded shared library /usr/lib/jvm/java-17-openjdk-amd64/lib/libnio.so
Event: 0.113 Loaded shared library /usr/lib/jvm/java-17-openjdk-amd64/lib/libzip.so
Event: 0.316 Loaded shared library /usr/lib/jvm/java-17-openjdk-amd64/lib/libjimage.so
Event: 0.585 Loaded shared library /usr/lib/jvm/java-17-openjdk-amd64/lib/libverify.so
Event: 0.791 Loaded shared library /usr/lib/jvm/java-17-openjdk-amd64/lib/libnet.so
Event: 0.792 Loaded shared library /root/.gradle/native/c067742578af261105cb4f569cf0c3c89f3d7b1fecec35dd04571415982c5e48/linux-amd64/libnative-platform.so
Event: 0.797 Loaded shared library /root/.gradle/native/100fb08df4bc3b14c8652ba06237920a3bd2aa13389f12d3474272988ae205f9/linux-amd64/libnative-platform-file-events.so
Event: 2.298 Loaded shared library /usr/lib/jvm/java-17-openjdk-amd64/lib/libmanagement.so
Event: 2.300 Loaded shared library /usr/lib/jvm/java-17-openjdk-amd64/lib/libmanagement_ext.so
Event: 2.481 Loaded shared library /usr/lib/jvm/java-17-openjdk-amd64/lib/libextnet.so

Deoptimization events (20 events):
Event: 38.885 Thread 0x00007f12ca78cc20 DEOPT PACKING pc=0x00007f12de9d3fb6 sp=0x00007f12a43e8e40
Event: 38.885 Thread 0x00007f12ca78cc20 DEOPT UNPACKING pc=0x00007f12e4aa364f sp=0x00007f12a43e83c0 mode 0
Event: 38.906 Thread 0x00007f12c93f19f0 DEOPT PACKING pc=0x00007f12dea540c8 sp=0x00007f12a47f1270
Event: 38.906 Thread 0x00007f12c93f19f0 DEOPT UNPACKING pc=0x00007f12e4aa364f sp=0x00007f12a47f0810 mode 0
Event: 39.077 Thread 0x00007f12ca78cc20 DEOPT PACKING pc=0x00007f12dea13f1a sp=0x00007f12a43e90b0
Event: 39.077 Thread 0x00007f12ca78cc20 DEOPT UNPACKING pc=0x00007f12e4aa364f sp=0x00007f12a43e8878 mode 0
Event: 39.298 Thread 0x00007f12ca78cc20 DEOPT PACKING pc=0x00007f12dea1384a sp=0x00007f12a43e90b0
Event: 39.298 Thread 0x00007f12ca78cc20 DEOPT UNPACKING pc=0x00007f12e4aa364f sp=0x00007f12a43e8878 mode 0
Event: 39.414 Thread 0x00007f12c93f19f0 DEOPT PACKING pc=0x00007f12dea143a1 sp=0x00007f12a47f13c0
Event: 39.414 Thread 0x00007f12c93f19f0 DEOPT UNPACKING pc=0x00007f12e4aa364f sp=0x00007f12a47f0b88 mode 0
Event: 40.693 Thread 0x00007f12c93f19f0 DEOPT PACKING pc=0x00007f12deb71391 sp=0x00007f12a47f1ee0
Event: 40.693 Thread 0x00007f12c93f19f0 DEOPT UNPACKING pc=0x00007f12e4aa364f sp=0x00007f12a47f1468 mode 0
Event: 41.378 Thread 0x00007f12ca78cc20 DEOPT PACKING pc=0x00007f12dea05c2c sp=0x00007f12a43ea180
Event: 41.378 Thread 0x00007f12ca78cc20 DEOPT UNPACKING pc=0x00007f12e4aa364f sp=0x00007f12a43e9628 mode 0
Event: 41.914 Thread 0x00007f12c93f19f0 Uncommon trap: trap_request=0xffffff45 fr.pc=0x00007f12e54e2550 relative=0x00000000000000b0
Event: 41.914 Thread 0x00007f12c93f19f0 Uncommon trap: reason=unstable_if action=reinterpret pc=0x00007f12e54e2550 method=com.android.tools.r8.utils.w.b(Lcom/android/tools/r8/internal/A2;)Z @ 53 c2
Event: 41.914 Thread 0x00007f12c93f19f0 DEOPT PACKING pc=0x00007f12e54e2550 sp=0x00007f12a47f26f0
Event: 41.914 Thread 0x00007f12c93f19f0 DEOPT UNPACKING pc=0x00007f12e4aa2b19 sp=0x00007f12a47f26b0 mode 2
Event: 42.616 Thread 0x00007f12c93f19f0 DEOPT PACKING pc=0x00007f12dded42eb sp=0x00007f12a47f14f0
Event: 42.616 Thread 0x00007f12c93f19f0 DEOPT UNPACKING pc=0x00007f12e4aa364f sp=0x00007f12a47f09d8 mode 0

Classes loaded (20 events):
Event: 31.789 Loading class java/util/concurrent/ConcurrentSkipListMap$KeyIterator
Event: 31.789 Loading class java/util/concurrent/ConcurrentSkipListMap$KeyIterator done
Event: 32.312 Loading class java/nio/file/FileTreeWalker$1
Event: 32.312 Loading class java/nio/file/FileTreeWalker$1 done
Event: 33.881 Loading class sun/nio/fs/Globs
Event: 33.881 Loading class sun/nio/fs/Globs done
Event: 33.882 Loading class sun/nio/fs/UnixFileSystem$3
Event: 33.882 Loading class sun/nio/fs/UnixFileSystem$3 done
Event: 34.021 Loading class java/util/zip/ZipInputStream
Event: 34.021 Loading class java/util/zip/ZipInputStream done
Event: 34.490 Loading class java/io/UTFDataFormatException
Event: 34.490 Loading class java/io/UTFDataFormatException done
Event: 34.712 Loading class java/util/stream/IntPipeline$1
Event: 34.712 Loading class java/util/stream/IntPipeline$1 done
Event: 34.713 Loading class java/util/stream/IntPipeline$1$1
Event: 34.713 Loading class java/util/stream/IntPipeline$1$1 done
Event: 34.782 Loading class java/util/concurrent/RejectedExecutionException
Event: 34.782 Loading class java/util/concurrent/RejectedExecutionException done
Event: 36.615 Loading class java/util/concurrent/ConcurrentLinkedQueue$Itr
Event: 36.615 Loading class java/util/concurrent/ConcurrentLinkedQueue$Itr done

Classes unloaded (0 events):
No events

Classes redefined (0 events):
No events

Internal exceptions (20 events):
Event: 30.287 Thread 0x00007f12d0006700 Exception <a 'java/lang/NoSuchMethodError'{0x00000000c9ee6e50}: 'int java.lang.invoke.DirectMethodHandle$Holder.invokeSpecial(java.lang.Object, java.lang.Object, int)'> (0x00000000c9ee6e50) 
thrown [./src/hotspot/share/interpreter/linkResolver.cpp, line 758]
Event: 31.091 Thread 0x00007f12ca78cc20 Exception <a 'sun/nio/fs/UnixException'{0x00000000ca6a1170}> (0x00000000ca6a1170) 
thrown [./src/hotspot/share/prims/jni.cpp, line 516]
Event: 31.792 Thread 0x00007f12d0006700 Exception <a 'java/lang/NoSuchMethodError'{0x00000000cb6e3310}: static Lcom/android/build/gradle/internal/scope/InternalArtifactType;.<clinit>()V> (0x00000000cb6e3310) 
thrown [./src/hotspot/share/prims/jni.cpp, line 1112]
Event: 31.792 Thread 0x00007f12d0006700 Exception <a 'java/lang/NoSuchMethodError'{0x00000000cb6e4b08}: static Lcom/android/build/gradle/internal/scope/InternalArtifactType;.<clinit>()V> (0x00000000cb6e4b08) 
thrown [./src/hotspot/share/prims/jni.cpp, line 1112]
Event: 31.798 Thread 0x00007f12d0006700 Exception <a 'java/lang/NoSuchMethodError'{0x00000000cb6ea8a0}: static Lcom/android/build/api/artifact/Artifact$Single;.<clinit>()V> (0x00000000cb6ea8a0) 
thrown [./src/hotspot/share/prims/jni.cpp, line 1112]
Event: 31.799 Thread 0x00007f12d0006700 Exception <a 'java/lang/NoSuchMethodError'{0x00000000cb6ecee0}: static Ljava/lang/Object;.<clinit>()V> (0x00000000cb6ecee0) 
thrown [./src/hotspot/share/prims/jni.cpp, line 1112]
Event: 31.801 Thread 0x00007f12d0006700 Exception <a 'java/lang/NoSuchMethodError'{0x00000000cb505d40}: static Lcom/android/build/api/artifact/ArtifactKind;.<clinit>()V> (0x00000000cb505d40) 
thrown [./src/hotspot/share/prims/jni.cpp, line 1112]
Event: 31.801 Thread 0x00007f12d0006700 Exception <a 'java/lang/NoSuchMethodError'{0x00000000cb506fa0}: static Lcom/android/build/api/artifact/ArtifactKind;.<clinit>()V> (0x00000000cb506fa0) 
thrown [./src/hotspot/share/prims/jni.cpp, line 1112]
Event: 32.378 Thread 0x00007f12ca78cc20 Exception <a 'java/lang/NoSuchMethodError'{0x00000000c9fb6120}: 'int java.lang.invoke.DirectMethodHandle$Holder.invokeSpecial(java.lang.Object, java.lang.Object, java.lang.Object, java.lang.Object, java.lang.Object)'> (0x00000000c9fb6120) 
thrown [./src/hotspot/share/interpreter/linkResolver.cpp, line 758]
Event: 32.679 Thread 0x00007f12ca78cc20 Exception <a 'java/lang/NoSuchMethodError'{0x00000000c9143490}: static Ljava/lang/Object;.<clinit>()V> (0x00000000c9143490) 
thrown [./src/hotspot/share/prims/jni.cpp, line 1112]
Event: 33.087 Thread 0x00007f12d0006700 Exception <a 'java/lang/NoSuchMethodError'{0x00000000c7fe1e70}: static Ljava/lang/Object;.<clinit>()V> (0x00000000c7fe1e70) 
thrown [./src/hotspot/share/prims/jni.cpp, line 1112]
Event: 33.111 Thread 0x00007f12ca78cc20 Exception <a 'sun/nio/fs/UnixException'{0x00000000c7ecaa28}> (0x00000000c7ecaa28) 
thrown [./src/hotspot/share/prims/jni.cpp, line 516]
Event: 33.490 Thread 0x00007f12c93de7a0 Implicit null exception at 0x00007f12e548a9e0 to 0x00007f12e548aa74
Event: 33.714 Thread 0x00007f12ca78cc20 Exception <a 'sun/nio/fs/UnixException'{0x00000000cb9670c0}> (0x00000000cb9670c0) 
thrown [./src/hotspot/share/prims/jni.cpp, line 516]
Event: 35.005 Thread 0x00007f12c93f19f0 Exception <a 'java/lang/NoSuchMethodError'{0x00000000cd7a58d0}: 'java.lang.Object java.lang.invoke.DirectMethodHandle$Holder.invokeStaticInit(java.lang.Object, java.lang.Object, java.lang.Object, java.lang.Object, java.lang.Object, java.lang.Object, java.lang.Object, java.lang.Object, java.lang.Object, java.lang.Object, java.lang.Object, java.lang.Object, java.lang.Object, java.lang.Object, java.lang.Object, java.lang.Object, java.lang.Object, java.lang.Object, java.lang.Object, java.lang.Object, int, java
Event: 35.079 Thread 0x00007f12c93f19f0 Exception <a 'java/lang/IncompatibleClassChangeError'{0x00000000cf8018c8}: Found class java.lang.Object, but interface was expected> (0x00000000cf8018c8) 
thrown [./src/hotspot/share/interpreter/linkResolver.cpp, line 826]
Event: 37.493 Thread 0x00007f12c93f19f0 Exception <a 'java/lang/IncompatibleClassChangeError'{0x00000000d73c82b8}: Found class java.lang.Object, but interface was expected> (0x00000000d73c82b8) 
thrown [./src/hotspot/share/interpreter/linkResolver.cpp, line 826]
Event: 37.494 Thread 0x00007f12c93f19f0 Exception <a 'java/lang/NoSuchMethodError'{0x00000000d73d3218}: 'void java.lang.invoke.DirectMethodHandle$Holder.invokeInterface(java.lang.Object, java.lang.Object, java.lang.Object, int)'> (0x00000000d73d3218) 
thrown [./src/hotspot/share/interpreter/linkResolver.cpp, line 758]
Event: 42.112 Thread 0x00007f12c93f19f0 Exception <a 'java/lang/NoSuchMethodError'{0x00000000e32d9658}: 'java.lang.Object java.lang.invoke.DirectMethodHandle$Holder.invokeStatic(java.lang.Object, int, java.lang.Object, java.lang.Object)'> (0x00000000e32d9658) 
thrown [./src/hotspot/share/interpreter/linkResolver.cpp, line 758]
Event: 42.114 Thread 0x00007f12c93f19f0 Exception <a 'java/lang/NoSuchMethodError'{0x00000000e32edae0}: 'java.lang.Object java.lang.invoke.DirectMethodHandle$Holder.invokeStatic(java.lang.Object, java.lang.Object, int, java.lang.Object, java.lang.Object)'> (0x00000000e32edae0) 
thrown [./src/hotspot/share/interpreter/linkResolver.cpp, line 758]

VM Operations (20 events):
Event: 40.106 Executing VM operation: G1PauseCleanup done
Event: 40.280 Executing VM operation: G1CollectForAllocation
Event: 40.388 Executing VM operation: G1CollectForAllocation done
Event: 40.479 Executing VM operation: G1CollectForAllocation
Event: 40.512 Executing VM operation: G1CollectForAllocation done
Event: 40.716 Executing VM operation: HandshakeAllThreads
Event: 40.717 Executing VM operation: HandshakeAllThreads done
Event: 41.377 Executing VM operation: HandshakeAllThreads
Event: 41.378 Executing VM operation: HandshakeAllThreads done
Event: 41.383 Executing VM operation: HandshakeAllThreads
Event: 41.383 Executing VM operation: HandshakeAllThreads done
Event: 41.510 Executing VM operation: G1CollectForAllocation
Event: 41.779 Executing VM operation: G1CollectForAllocation done
Event: 41.979 Executing VM operation: G1CollectForAllocation
Event: 42.077 Executing VM operation: G1CollectForAllocation done
Event: 42.322 Executing VM operation: HandshakeAllThreads
Event: 42.322 Executing VM operation: HandshakeAllThreads done
Event: 42.401 Executing VM operation: HandshakeAllThreads
Event: 42.402 Executing VM operation: HandshakeAllThreads done
Event: 42.798 Executing VM operation: G1CollectForAllocation

Memory protections (20 events):
Event: 29.592 Protecting memory [0x00007f12a42f4000,0x00007f12a42f8000] with protection modes 0
Event: 29.604 Protecting memory [0x00007f12a41f3000,0x00007f12a41f7000] with protection modes 0
Event: 29.636 Protecting memory [0x00007f12a40f2000,0x00007f12a40f6000] with protection modes 0
Event: 30.676 Protecting memory [0x00007f127bf00000,0x00007f127bf04000] with protection modes 0
Event: 31.121 Protecting memory [0x00007f127bdff000,0x00007f127be03000] with protection modes 0
Event: 31.490 Protecting memory [0x00007f127bcfe000,0x00007f127bd02000] with protection modes 0
Event: 31.516 Protecting memory [0x00007f127bbfd000,0x00007f127bc01000] with protection modes 0
Event: 31.684 Protecting memory [0x00007f127bafc000,0x00007f127bb00000] with protection modes 0
Event: 31.818 Protecting memory [0x00007f127b9fb000,0x00007f127b9ff000] with protection modes 0
Event: 31.878 Protecting memory [0x00007f127b8fa000,0x00007f127b8fe000] with protection modes 0
Event: 31.927 Protecting memory [0x00007f127b7f9000,0x00007f127b7fd000] with protection modes 0
Event: 32.418 Protecting memory [0x00007f127b6f8000,0x00007f127b6fc000] with protection modes 0
Event: 32.600 Protecting memory [0x00007f127b5f7000,0x00007f127b5fb000] with protection modes 0
Event: 32.676 Protecting memory [0x00007f127b4f6000,0x00007f127b4fa000] with protection modes 0
Event: 32.693 Protecting memory [0x00007f127b3f5000,0x00007f127b3f9000] with protection modes 0
Event: 32.812 Protecting memory [0x00007f127b2f4000,0x00007f127b2f8000] with protection modes 0
Event: 33.004 Protecting memory [0x00007f127b1f3000,0x00007f127b1f7000] with protection modes 0
Event: 33.097 Protecting memory [0x00007f127b0f2000,0x00007f127b0f6000] with protection modes 0
Event: 33.119 Protecting memory [0x00007f127aff1000,0x00007f127aff5000] with protection modes 0
Event: 33.379 Protecting memory [0x00007f127aef0000,0x00007f127aef4000] with protection modes 0

Nmethod flushes (20 events):
Event: 40.809 Thread 0x00007f12f40ba0f0 flushing  nmethod 0x00007f12de9fe710
Event: 40.809 Thread 0x00007f12f40ba0f0 flushing  nmethod 0x00007f12de9fea90
Event: 40.809 Thread 0x00007f12f40ba0f0 flushing  nmethod 0x00007f12de9ff610
Event: 40.809 Thread 0x00007f12f40ba0f0 flushing  nmethod 0x00007f12dea02490
Event: 40.809 Thread 0x00007f12f40ba0f0 flushing  nmethod 0x00007f12dea02810
Event: 40.809 Thread 0x00007f12f40ba0f0 flushing  nmethod 0x00007f12dea03090
Event: 40.809 Thread 0x00007f12f40ba0f0 flushing  nmethod 0x00007f12dea03790
Event: 40.809 Thread 0x00007f12f40ba0f0 flushing  nmethod 0x00007f12dea04290
Event: 40.809 Thread 0x00007f12f40ba0f0 flushing  nmethod 0x00007f12dea05310
Event: 40.809 Thread 0x00007f12f40ba0f0 flushing  nmethod 0x00007f12dea07a10
Event: 40.809 Thread 0x00007f12f40ba0f0 flushing  nmethod 0x00007f12dea08090
Event: 40.809 Thread 0x00007f12f40ba0f0 flushing  nmethod 0x00007f12dea08490
Event: 40.809 Thread 0x00007f12f40ba0f0 flushing  nmethod 0x00007f12dea08890
Event: 40.809 Thread 0x00007f12f40ba0f0 flushing  nmethod 0x00007f12dea09e90
Event: 40.809 Thread 0x00007f12f40ba0f0 flushing  nmethod 0x00007f12dea53690
Event: 40.809 Thread 0x00007f12f40ba0f0 flushing  nmethod 0x00007f12dea54c10
Event: 40.809 Thread 0x00007f12f40ba0f0 flushing  nmethod 0x00007f12dea55510
Event: 40.809 Thread 0x00007f12f40ba0f0 flushing  nmethod 0x00007f12dea5be90
Event: 40.809 Thread 0x00007f12f40ba0f0 flushing  nmethod 0x00007f12dea5c790
Event: 40.809 Thread 0x00007f12f40ba0f0 flushing  nmethod 0x00007f12dea5cc90

Events (20 events):
Event: 29.591 Thread 0x00007f12980096b0 Thread added: 0x00007f12ca78cc20
Event: 29.599 Thread 0x00007f12ca78cc20 Thread added: 0x00007f12d0006700
Event: 29.636 Thread 0x00007f12ca78cc20 Thread added: 0x00007f12d001dd80
Event: 30.616 Thread 0x00007f12d0006700 Thread added: 0x00007f12d80a68b0
Event: 31.114 Thread 0x00007f12d0006700 Thread added: 0x00007f12d80ac2c0
Event: 31.490 Thread 0x00007f12d0006700 Thread added: 0x00007f12d8065670
Event: 31.512 Thread 0x00007f12ca78cc20 Thread added: 0x00007f12d00518f0
Event: 31.622 Thread 0x00007f12ca78cc20 Thread added: 0x00007f12d0033160
Event: 31.815 Thread 0x00007f12d0006700 Thread added: 0x00007f12d80afad0
Event: 31.825 Thread 0x00007f12d0006700 Thread added: 0x00007f12d80b23c0
Event: 31.923 Thread 0x00007f12d0006700 Thread added: 0x00007f12d80b30d0
Event: 32.411 Thread 0x00007f12ca78cc20 Thread added: 0x00007f12d00609c0
Event: 32.596 Thread 0x00007f12ca78cc20 Thread added: 0x00007f12d0053a30
Event: 32.625 Thread 0x00007f12ca78cc20 Thread added: 0x00007f12d0064610
Event: 32.688 Thread 0x00007f12ca78cc20 Thread added: 0x00007f12d0069cb0
Event: 32.811 Thread 0x00007f12ca78cc20 Thread added: 0x00007f12d006abb0
Event: 32.992 Thread 0x00007f12d0006700 Thread added: 0x00007f12d80b7f80
Event: 33.096 Thread 0x00007f12d0006700 Thread added: 0x00007f12d80c4c60
Event: 33.118 Thread 0x00007f12ca78cc20 Thread added: 0x00007f12d005df70
Event: 33.325 Thread 0x00007f12ca78cc20 Thread added: 0x00007f12d005ec90


Dynamic libraries:
c0000000-e3c00000 rw-p 00000000 00:00 0 
ec700000-ffe00000 ---p 00000000 00:00 0 
ffe00000-ffe75000 rw-p 00c7a000 00:25 13853                              /usr/lib/jvm/java-17-openjdk-amd64/lib/server/classes.jsa
ffe75000-fff00000 rw-p 00000000 00:00 0 
fff00000-fff78000 rw-p 00c02000 00:25 13853                              /usr/lib/jvm/java-17-openjdk-amd64/lib/server/classes.jsa
fff78000-100000000 rw-p 00000000 00:00 0 
56535f280000-56535f281000 r--p 00000000 00:25 13495                      /usr/lib/jvm/java-17-openjdk-amd64/bin/java
56535f281000-56535f282000 r-xp 00001000 00:25 13495                      /usr/lib/jvm/java-17-openjdk-amd64/bin/java
56535f282000-56535f283000 r--p 00002000 00:25 13495                      /usr/lib/jvm/java-17-openjdk-amd64/bin/java
56535f283000-56535f284000 r--p 00002000 00:25 13495                      /usr/lib/jvm/java-17-openjdk-amd64/bin/java
56535f284000-56535f285000 rw-p 00003000 00:25 13495                      /usr/lib/jvm/java-17-openjdk-amd64/bin/java
56535fff6000-565360083000 rw-p 00000000 00:00 0                          [heap]
7f127aeef000-7f127aef0000 ---p 00000000 00:00 0 
7f127aef0000-7f127aef4000 ---p 00000000 00:00 0 
7f127aef4000-7f127aff0000 rw-p 00000000 00:00 0 
7f127aff0000-7f127aff1000 ---p 00000000 00:00 0 
7f127aff1000-7f127aff5000 ---p 00000000 00:00 0 
7f127aff5000-7f127b0f1000 rw-p 00000000 00:00 0 
7f127b0f1000-7f127b0f2000 ---p 00000000 00:00 0 
7f127b0f2000-7f127b0f6000 ---p 00000000 00:00 0 
7f127b0f6000-7f127b1f2000 rw-p 00000000 00:00 0 
7f127b1f2000-7f127b1f3000 ---p 00000000 00:00 0 
7f127b1f3000-7f127b1f7000 ---p 00000000 00:00 0 
7f127b1f7000-7f127b2f3000 rw-p 00000000 00:00 0 
7f127b2f3000-7f127b2f4000 ---p 00000000 00:00 0 
7f127b2f4000-7f127b2f8000 ---p 00000000 00:00 0 
7f127b2f8000-7f127b3f4000 rw-p 00000000 00:00 0 
7f127b3f4000-7f127b3f5000 ---p 00000000 00:00 0 
7f127b3f5000-7f127b3f9000 ---p 00000000 00:00 0 
7f127b3f9000-7f127b4f5000 rw-p 00000000 00:00 0 
7f127b4f5000-7f127b4f6000 ---p 00000000 00:00 0 
7f127b4f6000-7f127b4fa000 ---p 00000000 00:00 0 
7f127b4fa000-7f127b5f6000 rw-p 00000000 00:00 0 
7f127b5f6000-7f127b5f7000 ---p 00000000 00:00 0 
7f127b5f7000-7f127b5fb000 ---p 00000000 00:00 0 
7f127b5fb000-7f127b6f7000 rw-p 00000000 00:00 0 
7f127b6f7000-7f127b6f8000 ---p 00000000 00:00 0 
7f127b6f8000-7f127b6fc000 ---p 00000000 00:00 0 
7f127b6fc000-7f127b7f8000 rw-p 00000000 00:00 0 
7f127b7f8000-7f127b7f9000 ---p 00000000 00:00 0 
7f127b7f9000-7f127b7fd000 ---p 00000000 00:00 0 
7f127b7fd000-7f127b8f9000 rw-p 00000000 00:00 0 
7f127b8f9000-7f127b8fa000 ---p 00000000 00:00 0 
7f127b8fa000-7f127b8fe000 ---p 00000000 00:00 0 
7f127b8fe000-7f127b9fa000 rw-p 00000000 00:00 0 
7f127b9fa000-7f127b9fb000 ---p 00000000 00:00 0 
7f127b9fb000-7f127b9ff000 ---p 00000000 00:00 0 
7f127b9ff000-7f127bafb000 rw-p 00000000 00:00 0 
7f127bafb000-7f127bafc000 ---p 00000000 00:00 0 
7f127bafc000-7f127bb00000 ---p 00000000 00:00 0 
7f127bb00000-7f127bbfc000 rw-p 00000000 00:00 0 
7f127bbfc000-7f127bbfd000 ---p 00000000 00:00 0 
7f127bbfd000-7f127bc01000 ---p 00000000 00:00 0 
7f127bc01000-7f127bcfd000 rw-p 00000000 00:00 0 
7f127bcfd000-7f127bcfe000 ---p 00000000 00:00 0 
7f127bcfe000-7f127bd02000 ---p 00000000 00:00 0 
7f127bd02000-7f127bdfe000 rw-p 00000000 00:00 0 
7f127bdfe000-7f127bdff000 ---p 00000000 00:00 0 
7f127bdff000-7f127be03000 ---p 00000000 00:00 0 
7f127be03000-7f127beff000 rw-p 00000000 00:00 0 
7f127beff000-7f127bf00000 ---p 00000000 00:00 0 
7f127bf00000-7f127bf04000 ---p 00000000 00:00 0 
7f127bf04000-7f127cb00000 rw-p 00000000 00:00 0 
7f127cb00000-7f127cb90000 rw-p 00000000 00:00 0 
7f127cb90000-7f127cc00000 ---p 00000000 00:00 0 
7f127cc00000-7f127d730000 rw-p 00000000 00:00 0 
7f127d730000-7f1280000000 ---p 00000000 00:00 0 
7f1280000000-7f1280eff000 rw-p 00000000 00:00 0 
7f1280eff000-7f1284000000 ---p 00000000 00:00 0 
7f1284000000-7f128402e000 rw-p 00000000 00:00 0 
7f128402e000-7f1288000000 ---p 00000000 00:00 0 
7f1288000000-7f1288021000 rw-p 00000000 00:00 0 
7f1288021000-7f128c000000 ---p 00000000 00:00 0 
7f128c000000-7f128e49d000 rw-p 00000000 00:00 0 
7f128e49d000-7f1290000000 ---p 00000000 00:00 0 
7f1290000000-7f1290055000 rw-p 00000000 00:00 0 
7f1290055000-7f1294000000 ---p 00000000 00:00 0 
7f1294000000-7f1294021000 rw-p 00000000 00:00 0 
7f1294021000-7f1298000000 ---p 00000000 00:00 0 
7f1298000000-7f1298036000 rw-p 00000000 00:00 0 
7f1298036000-7f129c000000 ---p 00000000 00:00 0 
7f129c000000-7f129c021000 rw-p 00000000 00:00 0 
7f129c021000-7f12a0000000 ---p 00000000 00:00 0 
7f12a0000000-7f12a090c000 rw-p 00000000 00:00 0 
7f12a090c000-7f12a4000000 ---p 00000000 00:00 0 
7f12a40f1000-7f12a40f2000 ---p 00000000 00:00 0 
7f12a40f2000-7f12a40f6000 ---p 00000000 00:00 0 
7f12a40f6000-7f12a41f2000 rw-p 00000000 00:00 0 
7f12a41f2000-7f12a41f3000 ---p 00000000 00:00 0 
7f12a41f3000-7f12a41f7000 ---p 00000000 00:00 0 
7f12a41f7000-7f12a42f3000 rw-p 00000000 00:00 0 
7f12a42f3000-7f12a42f4000 ---p 00000000 00:00 0 
7f12a42f4000-7f12a42f8000 ---p 00000000 00:00 0 
7f12a42f8000-7f12a43f4000 rw-p 00000000 00:00 0 
7f12a43f4000-7f12a43f5000 ---p 00000000 00:00 0 
7f12a43f5000-7f12a43f9000 ---p 00000000 00:00 0 
7f12a43f9000-7f12a44f5000 rw-p 00000000 00:00 0 
7f12a44f5000-7f12a44f6000 ---p 00000000 00:00 0 
7f12a44f6000-7f12a44fa000 ---p 00000000 00:00 0 
7f12a44fa000-7f12a45f6000 rw-p 00000000 00:00 0 
7f12a45f6000-7f12a45f7000 ---p 00000000 00:00 0 
7f12a45f7000-7f12a45fb000 ---p 00000000 00:00 0 
7f12a45fb000-7f12a46f7000 rw-p 00000000 00:00 0 
7f12a46f7000-7f12a46f8000 ---p 00000000 00:00 0 
7f12a46f8000-7f12a46fc000 ---p 00000000 00:00 0 
7f12a46fc000-7f12a47f8000 rw-p 00000000 00:00 0 
7f12a47f8000-7f12a47f9000 ---p 00000000 00:00 0 
7f12a47f9000-7f12a47fd000 ---p 00000000 00:00 0 
7f12a47fd000-7f12a48f9000 rw-p 00000000 00:00 0 
7f12a48f9000-7f12a48fa000 ---p 00000000 00:00 0 
7f12a48fa000-7f12a48fe000 ---p 00000000 00:00 0 
7f12a48fe000-7f12a49fa000 rw-p 00000000 00:00 0 
7f12a49fa000-7f12a49fb000 ---p 00000000 00:00 0 
7f12a49fb000-7f12a49ff000 ---p 00000000 00:00 0 
7f12a49ff000-7f12a4afb000 rw-p 00000000 00:00 0 
7f12a4afb000-7f12a4afc000 ---p 00000000 00:00 0 
7f12a4afc000-7f12a4b00000 ---p 00000000 00:00 0 
7f12a4b00000-7f12a4bfc000 rw-p 00000000 00:00 0 
7f12a4bfc000-7f12a4bfd000 ---p 00000000 00:00 0 
7f12a4bfd000-7f12a4c01000 ---p 00000000 00:00 0 
7f12a4c01000-7f12a4cfd000 rw-p 00000000 00:00 0 
7f12a4cfd000-7f12a4cfe000 ---p 00000000 00:00 0 
7f12a4cfe000-7f12a4d02000 ---p 00000000 00:00 0 
7f12a4d02000-7f12a4dfe000 rw-p 00000000 00:00 0 
7f12a4dfe000-7f12a4dff000 ---p 00000000 00:00 0 
7f12a4dff000-7f12a4e03000 ---p 00000000 00:00 0 
7f12a4e03000-7f12a4eff000 rw-p 00000000 00:00 0 
7f12a4eff000-7f12a4f00000 ---p 00000000 00:00 0 
7f12a4f00000-7f12a4f04000 ---p 00000000 00:00 0 
7f12a4f04000-7f12a5000000 rw-p 00000000 00:00 0 
7f12a5000000-7f12a5455000 rw-p 00001000 00:25 13853                      /usr/lib/jvm/java-17-openjdk-amd64/lib/server/classes.jsa
7f12a5455000-7f12a5bca000 rw-p 00456000 00:25 13853                      /usr/lib/jvm/java-17-openjdk-amd64/lib/server/classes.jsa
7f12a5bca000-7f12a6000000 ---p 00000000 00:00 0 
7f12a6000000-7f12a6040000 rw-p 00000000 00:00 0 
7f12a6040000-7f12a6080000 rw-p 00000000 00:00 0 
7f12a6080000-7f12a6140000 rw-p 00000000 00:00 0 
7f12a6140000-7f12a6180000 rw-p 00000000 00:00 0 
7f12a6180000-7f12a6440000 rw-p 00000000 00:00 0 
7f12a6440000-7f12a6640000 rw-p 00000000 00:00 0 
7f12a6640000-7f12a6680000 rw-p 00000000 00:00 0 
7f12a6680000-7f12a6940000 rw-p 00000000 00:00 0 
7f12a6940000-7f12a6980000 rw-p 00000000 00:00 0 
7f12a6980000-7f12a6dc0000 rw-p 00000000 00:00 0 
7f12a6dc0000-7f12a6dd0000 rw-p 00000000 00:00 0 
7f12a6dd0000-7f12a6e00000 ---p 00000000 00:00 0 
7f12a6e00000-7f12a6ed0000 rw-p 00000000 00:00 0 
7f12a6ed0000-7f12c0000000 ---p 00000000 00:00 0 
7f12c0000000-7f12c0027000 rw-p 00000000 00:00 0 
7f12c0027000-7f12c4000000 ---p 00000000 00:00 0 
7f12c4000000-7f12c4400000 rw-p 00000000 00:00 0 
7f12c4400000-7f12c47e0000 rw-p 00000000 00:00 0 
7f12c47e0000-7f12c4800000 rw-p 00000000 00:00 0 
7f12c4800000-7f12c4900000 rw-p 00000000 00:00 0 
7f12c4900000-7f12c4a00000 rw-p 00000000 00:00 0 
7f12c4a00000-7f12c55e0000 rw-p 00000000 00:00 0 
7f12c55e0000-7f12c5600000 rw-p 00000000 00:00 0 
7f12c5600000-7f12c5780000 rw-p 00000000 00:00 0 
7f12c5780000-7f12c5900000 rw-p 00000000 00:00 0 
7f12c5900000-7f12c5b00000 rw-p 00000000 00:00 0 
7f12c5b00000-7f12c5c00000 rw-p 00000000 00:00 0 
7f12c5c00000-7f12c6b00000 rw-p 00000000 00:00 0 
7f12c6b00000-7f12c6c00000 rw-p 00000000 00:00 0 
7f12c6c00000-7f12c7300000 rw-p 00000000 00:00 0 
7f12c7300000-7f12c7400000 rw-p 00000000 00:00 0 
7f12c7400000-7f12c7780000 rw-p 00000000 00:00 0 
7f12c7780000-7f12c7900000 rw-p 00000000 00:00 0 
7f12c7900000-7f12c8000000 rw-p 00000000 00:00 0 
7f12c8000000-7f12ca797000 rw-p 00000000 00:00 0 
7f12ca797000-7f12cc000000 ---p 00000000 00:00 0 
7f12cc0f5000-7f12cc0f6000 ---p 00000000 00:00 0 
7f12cc0f6000-7f12cc0fa000 ---p 00000000 00:00 0 
7f12cc0fa000-7f12cc1f6000 rw-p 00000000 00:00 0 
7f12cc1f6000-7f12cc1f7000 ---p 00000000 00:00 0 
7f12cc1f7000-7f12cc1fb000 ---p 00000000 00:00 0 
7f12cc1fb000-7f12cc2f7000 rw-p 00000000 00:00 0 
7f12cc2f7000-7f12cc2f8000 ---p 00000000 00:00 0 
7f12cc2f8000-7f12cc2fc000 ---p 00000000 00:00 0 
7f12cc2fc000-7f12cc3f8000 rw-p 00000000 00:00 0 
7f12cc3f8000-7f12cc3f9000 ---p 00000000 00:00 0 
7f12cc3f9000-7f12cc3fd000 ---p 00000000 00:00 0 
7f12cc3fd000-7f12cc4f9000 rw-p 00000000 00:00 0 
7f12cc4f9000-7f12cc4fa000 ---p 00000000 00:00 0 
7f12cc4fa000-7f12cc4fe000 ---p 00000000 00:00 0 
7f12cc4fe000-7f12cc5fa000 rw-p 00000000 00:00 0 
7f12cc5fa000-7f12cc5fb000 ---p 00000000 00:00 0 
7f12cc5fb000-7f12cc5ff000 ---p 00000000 00:00 0 
7f12cc5ff000-7f12cc6fb000 rw-p 00000000 00:00 0 
7f12cc6fb000-7f12cc6fc000 ---p 00000000 00:00 0 
7f12cc6fc000-7f12cc700000 ---p 00000000 00:00 0 
7f12cc700000-7f12cc7fc000 rw-p 00000000 00:00 0 
7f12cc7fc000-7f12cc7fd000 ---p 00000000 00:00 0 
7f12cc7fd000-7f12cc801000 ---p 00000000 00:00 0 
7f12cc801000-7f12cc8fd000 rw-p 00000000 00:00 0 
7f12cc8fd000-7f12cc8fe000 ---p 00000000 00:00 0 
7f12cc8fe000-7f12cc902000 ---p 00000000 00:00 0 
7f12cc902000-7f12cc9fe000 rw-p 00000000 00:00 0 
7f12cc9fe000-7f12cc9ff000 ---p 00000000 00:00 0 
7f12cc9ff000-7f12cca03000 ---p 00000000 00:00 0 
7f12cca03000-7f12ccaff000 rw-p 00000000 00:00 0 
7f12ccaff000-7f12ccb00000 ---p 00000000 00:00 0 
7f12ccb00000-7f12ccb04000 ---p 00000000 00:00 0 
7f12ccb04000-7f12ccc00000 rw-p 00000000 00:00 0 
7f12ccc00000-7f12ccc53000 r-xp 00000000 fe:00 141254                     /root/.gradle/native/100fb08df4bc3b14c8652ba06237920a3bd2aa13389f12d3474272988ae205f9/linux-amd64/libnative-platform-file-events.so
7f12ccc53000-7f12cce52000 ---p 00053000 fe:00 141254                     /root/.gradle/native/100fb08df4bc3b14c8652ba06237920a3bd2aa13389f12d3474272988ae205f9/linux-amd64/libnative-platform-file-events.so
7f12cce52000-7f12cce53000 r--p 00052000 fe:00 141254                     /root/.gradle/native/100fb08df4bc3b14c8652ba06237920a3bd2aa13389f12d3474272988ae205f9/linux-amd64/libnative-platform-file-events.so
7f12cce53000-7f12cce55000 rw-p 00053000 fe:00 141254                     /root/.gradle/native/100fb08df4bc3b14c8652ba06237920a3bd2aa13389f12d3474272988ae205f9/linux-amd64/libnative-platform-file-events.so
7f12cceff000-7f12ccf00000 ---p 00000000 00:00 0 
7f12ccf00000-7f12ccf04000 ---p 00000000 00:00 0 
7f12ccf04000-7f12cd000000 rw-p 00000000 00:00 0 
7f12cd000000-7f12cd005000 r-xp 00000000 fe:00 141225                     /root/.gradle/native/c067742578af261105cb4f569cf0c3c89f3d7b1fecec35dd04571415982c5e48/linux-amd64/libnative-platform.so
7f12cd005000-7f12cd205000 ---p 00005000 fe:00 141225                     /root/.gradle/native/c067742578af261105cb4f569cf0c3c89f3d7b1fecec35dd04571415982c5e48/linux-amd64/libnative-platform.so
7f12cd205000-7f12cd206000 r--p 00005000 fe:00 141225                     /root/.gradle/native/c067742578af261105cb4f569cf0c3c89f3d7b1fecec35dd04571415982c5e48/linux-amd64/libnative-platform.so
7f12cd206000-7f12cd207000 rw-p 00006000 fe:00 141225                     /root/.gradle/native/c067742578af261105cb4f569cf0c3c89f3d7b1fecec35dd04571415982c5e48/linux-amd64/libnative-platform.so
7f12cd2f3000-7f12cd2f4000 ---p 00000000 00:00 0 
7f12cd2f4000-7f12cd3f4000 rw-p 00000000 00:00 0 
7f12cd3f4000-7f12cd3f5000 ---p 00000000 00:00 0 
7f12cd3f5000-7f12cd4f5000 rw-p 00000000 00:00 0 
7f12cd4f5000-7f12cd4f6000 ---p 00000000 00:00 0 
7f12cd4f6000-7f12cd5f6000 rw-p 00000000 00:00 0 
7f12cd5f6000-7f12cd5f7000 ---p 00000000 00:00 0 
7f12cd5f7000-7f12cd5fb000 ---p 00000000 00:00 0 
7f12cd5fb000-7f12cd6f7000 rw-p 00000000 00:00 0 
7f12cd6f7000-7f12cd6f8000 ---p 00000000 00:00 0 
7f12cd6f8000-7f12cd6fc000 ---p 00000000 00:00 0 
7f12cd6fc000-7f12cd7f8000 rw-p 00000000 00:00 0 
7f12cd7f8000-7f12cd7f9000 ---p 00000000 00:00 0 
7f12cd7f9000-7f12cd7fd000 ---p 00000000 00:00 0 
7f12cd7fd000-7f12cd8f9000 rw-p 00000000 00:00 0 
7f12cd8f9000-7f12cd8fa000 ---p 00000000 00:00 0 
7f12cd8fa000-7f12cd8fe000 ---p 00000000 00:00 0 
7f12cd8fe000-7f12cd9fa000 rw-p 00000000 00:00 0 
7f12cd9fa000-7f12cd9fb000 ---p 00000000 00:00 0 
7f12cd9fb000-7f12cd9ff000 ---p 00000000 00:00 0 
7f12cd9ff000-7f12cdafb000 rw-p 00000000 00:00 0 
7f12cdafb000-7f12cdafc000 ---p 00000000 00:00 0 
7f12cdafc000-7f12cdb00000 ---p 00000000 00:00 0 
7f12cdb00000-7f12cdbfc000 rw-p 00000000 00:00 0 
7f12cdbfc000-7f12cdbfd000 ---p 00000000 00:00 0 
7f12cdbfd000-7f12cdc01000 ---p 00000000 00:00 0 
7f12cdc01000-7f12cdcfd000 rw-p 00000000 00:00 0 
7f12cdcfd000-7f12cdcfe000 ---p 00000000 00:00 0 
7f12cdcfe000-7f12cdd02000 ---p 00000000 00:00 0 
7f12cdd02000-7f12cddfe000 rw-p 00000000 00:00 0 
7f12cddfe000-7f12cddff000 ---p 00000000 00:00 0 
7f12cddff000-7f12cde03000 ---p 00000000 00:00 0 
7f12cde03000-7f12cdeff000 rw-p 00000000 00:00 0 
7f12cdeff000-7f12cdf00000 ---p 00000000 00:00 0 
7f12cdf00000-7f12cdf04000 ---p 00000000 00:00 0 
7f12cdf04000-7f12d0000000 rw-p 00000000 00:00 0 
7f12d0000000-7f12d010f000 rw-p 00000000 00:00 0 
7f12d010f000-7f12d4000000 ---p 00000000 00:00 0 
7f12d4000000-7f12d4077000 rw-p 00000000 00:00 0 
7f12d4077000-7f12d8000000 ---p 00000000 00:00 0 
7f12d8000000-7f12d80fa000 rw-p 00000000 00:00 0 
7f12d80fa000-7f12dc000000 ---p 00000000 00:00 0 
7f12dc086000-7f12dc087000 r--p 00000000 00:25 13813                      /usr/lib/jvm/java-17-openjdk-amd64/lib/libextnet.so
7f12dc087000-7f12dc088000 r-xp 00001000 00:25 13813                      /usr/lib/jvm/java-17-openjdk-amd64/lib/libextnet.so
7f12dc088000-7f12dc089000 r--p 00002000 00:25 13813                      /usr/lib/jvm/java-17-openjdk-amd64/lib/libextnet.so
7f12dc089000-7f12dc08a000 r--p 00002000 00:25 13813                      /usr/lib/jvm/java-17-openjdk-amd64/lib/libextnet.so
7f12dc08a000-7f12dc08b000 rw-p 00003000 00:25 13813                      /usr/lib/jvm/java-17-openjdk-amd64/lib/libextnet.so
7f12dc08b000-7f12dc08d000 r--p 00000000 00:25 13832                      /usr/lib/jvm/java-17-openjdk-amd64/lib/libmanagement_ext.so
7f12dc08d000-7f12dc090000 r-xp 00002000 00:25 13832                      /usr/lib/jvm/java-17-openjdk-amd64/lib/libmanagement_ext.so
7f12dc090000-7f12dc091000 r--p 00005000 00:25 13832                      /usr/lib/jvm/java-17-openjdk-amd64/lib/libmanagement_ext.so
7f12dc091000-7f12dc092000 r--p 00006000 00:25 13832                      /usr/lib/jvm/java-17-openjdk-amd64/lib/libmanagement_ext.so
7f12dc092000-7f12dc093000 rw-p 00007000 00:25 13832                      /usr/lib/jvm/java-17-openjdk-amd64/lib/libmanagement_ext.so
7f12dc093000-7f12dc0ea000 r--p 00000000 00:25 13893                      /usr/lib/locale/C.utf8/LC_CTYPE
7f12dc0ea000-7f12dc0eb000 ---p 00000000 00:00 0 
7f12dc0eb000-7f12dc1eb000 rw-p 00000000 00:00 0 
7f12dc1eb000-7f12dc1f0000 r--p 00000000 00:25 13828                      /usr/lib/jvm/java-17-openjdk-amd64/lib/libjsvml.so
7f12dc1f0000-7f12dc231000 r-xp 00005000 00:25 13828                      /usr/lib/jvm/java-17-openjdk-amd64/lib/libjsvml.so
7f12dc231000-7f12dc2ba000 r--p 00046000 00:25 13828                      /usr/lib/jvm/java-17-openjdk-amd64/lib/libjsvml.so
7f12dc2ba000-7f12dc2bb000 r--p 000ce000 00:25 13828                      /usr/lib/jvm/java-17-openjdk-amd64/lib/libjsvml.so
7f12dc2bb000-7f12dc2bc000 rw-p 000cf000 00:25 13828                      /usr/lib/jvm/java-17-openjdk-amd64/lib/libjsvml.so
7f12dc2bc000-7f12dc3d9000 rw-p 00000000 00:00 0 
7f12dc3dc000-7f12dc3dd000 r--p 00000000 00:25 18162                      /usr/lib/x86_64-linux-gnu/libpthread.so.0
7f12dc3dd000-7f12dc3de000 r-xp 00001000 00:25 18162                      /usr/lib/x86_64-linux-gnu/libpthread.so.0
7f12dc3de000-7f12dc3df000 r--p 00002000 00:25 18162                      /usr/lib/x86_64-linux-gnu/libpthread.so.0
7f12dc3df000-7f12dc3e0000 r--p 00002000 00:25 18162                      /usr/lib/x86_64-linux-gnu/libpthread.so.0
7f12dc3e0000-7f12dc3e1000 rw-p 00003000 00:25 18162                      /usr/lib/x86_64-linux-gnu/libpthread.so.0
7f12dc3e2000-7f12dc3e4000 r--p 00000000 00:25 13830                      /usr/lib/jvm/java-17-openjdk-amd64/lib/libmanagement.so
7f12dc3e4000-7f12dc3e5000 r-xp 00002000 00:25 13830                      /usr/lib/jvm/java-17-openjdk-amd64/lib/libmanagement.so
7f12dc3e5000-7f12dc3e6000 r--p 00003000 00:25 13830                      /usr/lib/jvm/java-17-openjdk-amd64/lib/libmanagement.so
7f12dc3e6000-7f12dc3e7000 r--p 00003000 00:25 13830                      /usr/lib/jvm/java-17-openjdk-amd64/lib/libmanagement.so
7f12dc3e7000-7f12dc3e8000 rw-p 00004000 00:25 13830                      /usr/lib/jvm/java-17-openjdk-amd64/lib/libmanagement.so
7f12dc3e8000-7f12dc3ec000 r--p 00000000 00:25 13842                      /usr/lib/jvm/java-17-openjdk-amd64/lib/libverify.so
7f12dc3ec000-7f12dc3f3000 r-xp 00004000 00:25 13842                      /usr/lib/jvm/java-17-openjdk-amd64/lib/libverify.so
7f12dc3f3000-7f12dc3f5000 r--p 0000b000 00:25 13842                      /usr/lib/jvm/java-17-openjdk-amd64/lib/libverify.so
7f12dc3f5000-7f12dc3f7000 r--p 0000c000 00:25 13842                      /usr/lib/jvm/java-17-openjdk-amd64/lib/libverify.so
7f12dc3f7000-7f12dc3f8000 rw-p 0000e000 00:25 13842                      /usr/lib/jvm/java-17-openjdk-amd64/lib/libverify.so
7f12dc3f8000-7f12dc3fc000 r--p 00000000 00:25 13834                      /usr/lib/jvm/java-17-openjdk-amd64/lib/libnet.so
7f12dc3fc000-7f12dc40a000 r-xp 00004000 00:25 13834                      /usr/lib/jvm/java-17-openjdk-amd64/lib/libnet.so
7f12dc40a000-7f12dc40e000 r--p 00012000 00:25 13834                      /usr/lib/jvm/java-17-openjdk-amd64/lib/libnet.so
7f12dc40e000-7f12dc40f000 r--p 00015000 00:25 13834                      /usr/lib/jvm/java-17-openjdk-amd64/lib/libnet.so
7f12dc40f000-7f12dc410000 rw-p 00016000 00:25 13834                      /usr/lib/jvm/java-17-openjdk-amd64/lib/libnet.so
7f12dc410000-7f12dc411000 ---p 00000000 00:00 0 
7f12dc411000-7f12dce01000 rw-p 00000000 00:00 0 
7f12dce01000-7f12dd509000 ---p 00000000 00:00 0 
7f12dd509000-7f12dd511000 rw-p 00000000 00:00 0 
7f12dd511000-7f12deb81000 rwxp 00000000 00:00 0 
7f12deb81000-7f12e4a49000 ---p 00000000 00:00 0 
7f12e4a49000-7f12e4cb9000 rwxp 00000000 00:00 0 
7f12e4cb9000-7f12e4fd8000 ---p 00000000 00:00 0 
7f12e4fd8000-7f12e5518000 rwxp 00000000 00:00 0 
7f12e5518000-7f12ec511000 ---p 00000000 00:00 0 
7f12ec511000-7f12f4000000 r--s 00000000 00:25 13844                      /usr/lib/jvm/java-17-openjdk-amd64/lib/modules
7f12f4000000-7f12f53d6000 rw-p 00000000 00:00 0 
7f12f53d6000-7f12f8000000 ---p 00000000 00:00 0 
7f12f8003000-7f12f800a000 r--p 00000000 00:25 13835                      /usr/lib/jvm/java-17-openjdk-amd64/lib/libnio.so
7f12f800a000-7f12f8013000 r-xp 00007000 00:25 13835                      /usr/lib/jvm/java-17-openjdk-amd64/lib/libnio.so
7f12f8013000-7f12f8017000 r--p 00010000 00:25 13835                      /usr/lib/jvm/java-17-openjdk-amd64/lib/libnio.so
7f12f8017000-7f12f8018000 r--p 00014000 00:25 13835                      /usr/lib/jvm/java-17-openjdk-amd64/lib/libnio.so
7f12f8018000-7f12f8019000 rw-p 00015000 00:25 13835                      /usr/lib/jvm/java-17-openjdk-amd64/lib/libnio.so
7f12f8019000-7f12f801b000 r--p 00000000 00:25 13843                      /usr/lib/jvm/java-17-openjdk-amd64/lib/libzip.so
7f12f801b000-7f12f801f000 r-xp 00002000 00:25 13843                      /usr/lib/jvm/java-17-openjdk-amd64/lib/libzip.so
7f12f801f000-7f12f8021000 r--p 00006000 00:25 13843                      /usr/lib/jvm/java-17-openjdk-amd64/lib/libzip.so
7f12f8021000-7f12f8022000 r--p 00007000 00:25 13843                      /usr/lib/jvm/java-17-openjdk-amd64/lib/libzip.so
7f12f8022000-7f12f8023000 rw-p 00008000 00:25 13843                      /usr/lib/jvm/java-17-openjdk-amd64/lib/libzip.so
7f12f8023000-7f12f8024000 r--p 00000000 00:25 13899                      /usr/lib/locale/C.utf8/LC_NUMERIC
7f12f8024000-7f12f8025000 r--p 00000000 00:25 13902                      /usr/lib/locale/C.utf8/LC_TIME
7f12f8025000-7f12f8026000 r--p 00000000 00:25 13892                      /usr/lib/locale/C.utf8/LC_COLLATE
7f12f8026000-7f12f8027000 r--p 00000000 00:25 13897                      /usr/lib/locale/C.utf8/LC_MONETARY
7f12f8027000-7f12f8028000 r--p 00000000 00:25 13896                      /usr/lib/locale/C.utf8/LC_MESSAGES/SYS_LC_MESSAGES
7f12f8028000-7f12f8029000 r--p 00000000 00:25 13900                      /usr/lib/locale/C.utf8/LC_PAPER
7f12f8029000-7f12f802a000 r--p 00000000 00:25 13898                      /usr/lib/locale/C.utf8/LC_NAME
7f12f802a000-7f12f8031000 r--s 00000000 00:25 17585                      /usr/lib/x86_64-linux-gnu/gconv/gconv-modules.cache
7f12f8031000-7f12f8032000 ---p 00000000 00:00 0 
7f12f8032000-7f12f8334000 rw-p 00000000 00:00 0 
7f12f8334000-7f12f8335000 ---p 00000000 00:00 0 
7f12f8335000-7f12f8435000 rw-p 00000000 00:00 0 
7f12f8435000-7f12f8436000 ---p 00000000 00:00 0 
7f12f8436000-7f12f8536000 rw-p 00000000 00:00 0 
7f12f8536000-7f12f8537000 ---p 00000000 00:00 0 
7f12f8537000-7f12f8f4a000 rw-p 00000000 00:00 0 
7f12f8f4a000-7f12f9652000 ---p 00000000 00:00 0 
7f12f9652000-7f12f9778000 rw-p 00000000 00:00 0 
7f12f9778000-7f12f9859000 ---p 00000000 00:00 0 
7f12f9859000-7f12f9978000 rw-p 00000000 00:00 0 
7f12f9978000-7f12f9a59000 ---p 00000000 00:00 0 
7f12f9a59000-7f12f9b78000 rw-p 00000000 00:00 0 
7f12f9b78000-7f12f9c59000 ---p 00000000 00:00 0 
7f12f9c59000-7f12f9e67000 rw-p 00000000 00:00 0 
7f12f9e67000-7f12f9f47000 ---p 00000000 00:00 0 
7f12f9f47000-7f12f9f74000 rw-p 00000000 00:00 0 
7f12f9f74000-7f12fa032000 ---p 00000000 00:00 0 
7f12fa032000-7f12fa037000 rw-p 00000000 00:00 0 
7f12fa037000-7f12fa03e000 ---p 00000000 00:00 0 
7f12fa03e000-7f12fa046000 rw-s 00000000 fe:00 148221                     /tmp/hsperfdata_root/3615
7f12fa046000-7f12fa052000 r--p 00000000 00:25 13820                      /usr/lib/jvm/java-17-openjdk-amd64/lib/libjava.so
7f12fa052000-7f12fa063000 r-xp 0000c000 00:25 13820                      /usr/lib/jvm/java-17-openjdk-amd64/lib/libjava.so
7f12fa063000-7f12fa069000 r--p 0001d000 00:25 13820                      /usr/lib/jvm/java-17-openjdk-amd64/lib/libjava.so
7f12fa069000-7f12fa06a000 r--p 00022000 00:25 13820                      /usr/lib/jvm/java-17-openjdk-amd64/lib/libjava.so
7f12fa06a000-7f12fa06b000 rw-p 00023000 00:25 13820                      /usr/lib/jvm/java-17-openjdk-amd64/lib/libjava.so
7f12fa06b000-7f12fa06c000 rw-p 00000000 00:00 0 
7f12fa06c000-7f12fa06d000 r--p 00000000 00:25 13815                      /usr/lib/jvm/java-17-openjdk-amd64/lib/libinstrument.so
7f12fa06d000-7f12fa073000 r-xp 00001000 00:25 13815                      /usr/lib/jvm/java-17-openjdk-amd64/lib/libinstrument.so
7f12fa073000-7f12fa076000 r--p 00007000 00:25 13815                      /usr/lib/jvm/java-17-openjdk-amd64/lib/libinstrument.so
7f12fa076000-7f12fa077000 r--p 00009000 00:25 13815                      /usr/lib/jvm/java-17-openjdk-amd64/lib/libinstrument.so
7f12fa077000-7f12fa078000 rw-p 0000a000 00:25 13815                      /usr/lib/jvm/java-17-openjdk-amd64/lib/libinstrument.so
7f12fa078000-7f12fa07a000 r--p 00000000 00:25 13824                      /usr/lib/jvm/java-17-openjdk-amd64/lib/libjimage.so
7f12fa07a000-7f12fa07d000 r-xp 00002000 00:25 13824                      /usr/lib/jvm/java-17-openjdk-amd64/lib/libjimage.so
7f12fa07d000-7f12fa07e000 r--p 00005000 00:25 13824                      /usr/lib/jvm/java-17-openjdk-amd64/lib/libjimage.so
7f12fa07e000-7f12fa07f000 r--p 00006000 00:25 13824                      /usr/lib/jvm/java-17-openjdk-amd64/lib/libjimage.so
7f12fa07f000-7f12fa080000 rw-p 00007000 00:25 13824                      /usr/lib/jvm/java-17-openjdk-amd64/lib/libjimage.so
7f12fa080000-7f12fa084000 ---p 00000000 00:00 0 
7f12fa084000-7f12fa180000 rw-p 00000000 00:00 0 
7f12fa180000-7f12fa183000 r--p 00000000 00:25 17971                      /usr/lib/x86_64-linux-gnu/libgcc_s.so.1
7f12fa183000-7f12fa19a000 r-xp 00003000 00:25 17971                      /usr/lib/x86_64-linux-gnu/libgcc_s.so.1
7f12fa19a000-7f12fa19e000 r--p 0001a000 00:25 17971                      /usr/lib/x86_64-linux-gnu/libgcc_s.so.1
7f12fa19e000-7f12fa19f000 r--p 0001d000 00:25 17971                      /usr/lib/x86_64-linux-gnu/libgcc_s.so.1
7f12fa19f000-7f12fa1a0000 rw-p 0001e000 00:25 17971                      /usr/lib/x86_64-linux-gnu/libgcc_s.so.1
7f12fa1a0000-7f12fa1b0000 r--p 00000000 00:25 18072                      /usr/lib/x86_64-linux-gnu/libm.so.6
7f12fa1b0000-7f12fa224000 r-xp 00010000 00:25 18072                      /usr/lib/x86_64-linux-gnu/libm.so.6
7f12fa224000-7f12fa27e000 r--p 00084000 00:25 18072                      /usr/lib/x86_64-linux-gnu/libm.so.6
7f12fa27e000-7f12fa27f000 r--p 000dd000 00:25 18072                      /usr/lib/x86_64-linux-gnu/libm.so.6
7f12fa27f000-7f12fa280000 rw-p 000de000 00:25 18072                      /usr/lib/x86_64-linux-gnu/libm.so.6
7f12fa280000-7f12fa319000 r--p 00000000 00:25 18239                      /usr/lib/x86_64-linux-gnu/libstdc++.so.6.0.30
7f12fa319000-7f12fa41a000 r-xp 00099000 00:25 18239                      /usr/lib/x86_64-linux-gnu/libstdc++.so.6.0.30
7f12fa41a000-7f12fa489000 r--p 0019a000 00:25 18239                      /usr/lib/x86_64-linux-gnu/libstdc++.so.6.0.30
7f12fa489000-7f12fa494000 r--p 00209000 00:25 18239                      /usr/lib/x86_64-linux-gnu/libstdc++.so.6.0.30
7f12fa494000-7f12fa497000 rw-p 00214000 00:25 18239                      /usr/lib/x86_64-linux-gnu/libstdc++.so.6.0.30
7f12fa497000-7f12fa49a000 rw-p 00000000 00:00 0 
7f12fa49a000-7f12fa6eb000 r--p 00000000 00:25 13856                      /usr/lib/jvm/java-17-openjdk-amd64/lib/server/libjvm.so
7f12fa6eb000-7f12fb43d000 r-xp 00251000 00:25 13856                      /usr/lib/jvm/java-17-openjdk-amd64/lib/server/libjvm.so
7f12fb43d000-7f12fb6bf000 r--p 00fa3000 00:25 13856                      /usr/lib/jvm/java-17-openjdk-amd64/lib/server/libjvm.so
7f12fb6bf000-7f12fb777000 r--p 01225000 00:25 13856                      /usr/lib/jvm/java-17-openjdk-amd64/lib/server/libjvm.so
7f12fb777000-7f12fb7ac000 rw-p 012dd000 00:25 13856                      /usr/lib/jvm/java-17-openjdk-amd64/lib/server/libjvm.so
7f12fb7ac000-7f12fb808000 rw-p 00000000 00:00 0 
7f12fb808000-7f12fb82e000 r--p 00000000 00:25 17860                      /usr/lib/x86_64-linux-gnu/libc.so.6
7f12fb82e000-7f12fb984000 r-xp 00026000 00:25 17860                      /usr/lib/x86_64-linux-gnu/libc.so.6
7f12fb984000-7f12fb9d7000 r--p 0017c000 00:25 17860                      /usr/lib/x86_64-linux-gnu/libc.so.6
7f12fb9d7000-7f12fb9db000 r--p 001cf000 00:25 17860                      /usr/lib/x86_64-linux-gnu/libc.so.6
7f12fb9db000-7f12fb9dd000 rw-p 001d3000 00:25 17860                      /usr/lib/x86_64-linux-gnu/libc.so.6
7f12fb9dd000-7f12fb9ea000 rw-p 00000000 00:00 0 
7f12fb9ea000-7f12fb9ec000 r--p 00000000 00:25 13825                      /usr/lib/jvm/java-17-openjdk-amd64/lib/libjli.so
7f12fb9ec000-7f12fb9f5000 r-xp 00002000 00:25 13825                      /usr/lib/jvm/java-17-openjdk-amd64/lib/libjli.so
7f12fb9f5000-7f12fb9f8000 r--p 0000b000 00:25 13825                      /usr/lib/jvm/java-17-openjdk-amd64/lib/libjli.so
7f12fb9f8000-7f12fb9f9000 r--p 0000d000 00:25 13825                      /usr/lib/jvm/java-17-openjdk-amd64/lib/libjli.so
7f12fb9f9000-7f12fb9fa000 rw-p 0000e000 00:25 13825                      /usr/lib/jvm/java-17-openjdk-amd64/lib/libjli.so
7f12fb9fa000-7f12fb9fd000 r--p 00000000 00:25 1006                       /usr/lib/x86_64-linux-gnu/libz.so.1.2.13
7f12fb9fd000-7f12fba10000 r-xp 00003000 00:25 1006                       /usr/lib/x86_64-linux-gnu/libz.so.1.2.13
7f12fba10000-7f12fba17000 r--p 00016000 00:25 1006                       /usr/lib/x86_64-linux-gnu/libz.so.1.2.13
7f12fba17000-7f12fba18000 r--p 0001c000 00:25 1006                       /usr/lib/x86_64-linux-gnu/libz.so.1.2.13
7f12fba18000-7f12fba19000 rw-p 0001d000 00:25 1006                       /usr/lib/x86_64-linux-gnu/libz.so.1.2.13
7f12fba19000-7f12fba1a000 r--p 00000000 00:25 13891                      /usr/lib/locale/C.utf8/LC_ADDRESS
7f12fba1a000-7f12fba1b000 r--p 00000000 00:25 13901                      /usr/lib/locale/C.utf8/LC_TELEPHONE
7f12fba1b000-7f12fba1c000 r--p 00000000 00:25 13895                      /usr/lib/locale/C.utf8/LC_MEASUREMENT
7f12fba1c000-7f12fba1d000 r--p 00000000 00:25 13894                      /usr/lib/locale/C.utf8/LC_IDENTIFICATION
7f12fba1d000-7f12fba1e000 ---p 00000000 00:00 0 
7f12fba1e000-7f12fba1f000 r--p 00000000 00:00 0 
7f12fba1f000-7f12fba20000 ---p 00000000 00:00 0 
7f12fba20000-7f12fba22000 rw-p 00000000 00:00 0 
7f12fba22000-7f12fba23000 r--p 00000000 00:25 17646                      /usr/lib/x86_64-linux-gnu/ld-linux-x86-64.so.2
7f12fba23000-7f12fba49000 r-xp 00001000 00:25 17646                      /usr/lib/x86_64-linux-gnu/ld-linux-x86-64.so.2
7f12fba49000-7f12fba53000 r--p 00027000 00:25 17646                      /usr/lib/x86_64-linux-gnu/ld-linux-x86-64.so.2
7f12fba53000-7f12fba55000 r--p 00031000 00:25 17646                      /usr/lib/x86_64-linux-gnu/ld-linux-x86-64.so.2
7f12fba55000-7f12fba57000 rw-p 00033000 00:25 17646                      /usr/lib/x86_64-linux-gnu/ld-linux-x86-64.so.2
7ffe0f96d000-7ffe0f98e000 rw-p 00000000 00:00 0                          [stack]
7ffe0f9c5000-7ffe0f9c8000 r--p 00000000 00:00 0                          [vvar]
7ffe0f9c8000-7ffe0f9ca000 r-xp 00000000 00:00 0                          [vdso]
ffffffffff600000-ffffffffff601000 r-xp 00000000 00:00 0                  [vsyscall]


VM Arguments:
jvm_args: --add-opens=java.base/java.lang=ALL-UNNAMED --add-opens=java.base/java.lang.invoke=ALL-UNNAMED --add-opens=java.base/java.util=ALL-UNNAMED --add-opens=java.prefs/java.util.prefs=ALL-UNNAMED --add-exports=jdk.compiler/com.sun.tools.javac.api=ALL-UNNAMED --add-exports=jdk.compiler/com.sun.tools.javac.util=ALL-UNNAMED --add-opens=java.base/java.util=ALL-UNNAMED --add-opens=java.prefs/java.util.prefs=ALL-UNNAMED --add-opens=java.base/java.nio.charset=ALL-UNNAMED --add-opens=java.base/java.net=ALL-UNNAMED --add-opens=java.base/java.util.concurrent.atomic=ALL-UNNAMED --add-opens=java.xml/javax.xml.namespace=ALL-UNNAMED -XX:MaxMetaspaceSize=512m -Xmx1024m -Dfile.encoding=UTF-8 -Duser.country -Duser.language=en -Duser.variant -javaagent:/root/.gradle/wrapper/dists/gradle-8.11.1-bin/bpt9gzteqjrbo1mjrsomdt32c/gradle-8.11.1/lib/agents/gradle-instrumentation-agent-8.11.1.jar 
java_command: org.gradle.launcher.daemon.bootstrap.GradleDaemon 8.11.1
java_class_path (initial): /root/.gradle/wrapper/dists/gradle-8.11.1-bin/bpt9gzteqjrbo1mjrsomdt32c/gradle-8.11.1/lib/gradle-daemon-main-8.11.1.jar
Launcher Type: SUN_STANDARD

[Global flags]
     intx CICompilerCount                          = 2                                         {product} {ergonomic}
   size_t CompressedClassSpaceSize                 = 436207616                                 {product} {ergonomic}
     uint ConcGCThreads                            = 1                                         {product} {ergonomic}
     uint G1ConcRefinementThreads                  = 2                                         {product} {ergonomic}
   size_t G1HeapRegionSize                         = 1048576                                   {product} {ergonomic}
    uintx GCDrainStackTargetSize                   = 64                                        {product} {ergonomic}
   size_t InitialHeapSize                          = 33554432                                  {product} {ergonomic}
   size_t MarkStackSize                            = 4194304                                   {product} {ergonomic}
   size_t MaxHeapSize                              = 1073741824                                {product} {command line}
   size_t MaxMetaspaceSize                         = 536870912                                 {product} {command line}
   size_t MaxNewSize                               = 643825664                                 {product} {ergonomic}
   size_t MinHeapDeltaBytes                        = 1048576                                   {product} {ergonomic}
   size_t MinHeapSize                              = 8388608                                   {product} {ergonomic}
    uintx NonNMethodCodeHeapSize                   = 5826188                                {pd product} {ergonomic}
    uintx NonProfiledCodeHeapSize                  = 122916026                              {pd product} {ergonomic}
    uintx ProfiledCodeHeapSize                     = 122916026                              {pd product} {ergonomic}
    uintx ReservedCodeCacheSize                    = 251658240                              {pd product} {ergonomic}
     bool SegmentedCodeCache                       = true                                      {product} {ergonomic}
   size_t SoftMaxHeapSize                          = 1073741824                             {manageable} {ergonomic}
     bool UseCompressedClassPointers               = true                           {product lp64_product} {ergonomic}
     bool UseCompressedOops                        = true                           {product lp64_product} {ergonomic}
     bool UseG1GC                                  = true                                      {product} {ergonomic}

Logging:
Log output configuration:
 #0: stdout all=warning uptime,level,tags
 #1: stderr all=off uptime,level,tags

Environment Variables:
PATH=/usr/local/sbin:/usr/local/bin:/usr/sbin:/usr/bin:/sbin:/bin
SHELL=/bin/bash
LANG=C.UTF-8
LC_ALL=C.UTF-8
TERM=tmux-256color

Active Locale:
LC_ALL=C.UTF-8
LC_COLLATE=C.UTF-8
LC_CTYPE=C.UTF-8
LC_MESSAGES=C.UTF-8
LC_MONETARY=C.UTF-8
LC_NUMERIC=C.UTF-8
LC_TIME=C.UTF-8

Signal Handlers:
   SIGSEGV: crash_handler in libjvm.so, mask=11100100010111111101111111111110, flags=SA_RESTART|SA_SIGINFO, unblocked
    SIGBUS: crash_handler in libjvm.so, mask=11100100010111111101111111111110, flags=SA_RESTART|SA_SIGINFO, unblocked
    SIGFPE: crash_handler in libjvm.so, mask=11100100010111111101111111111110, flags=SA_RESTART|SA_SIGINFO, unblocked
   SIGPIPE: javaSignalHandler in libjvm.so, mask=11100100010111111101111111111110, flags=SA_RESTART|SA_SIGINFO, unblocked
   SIGXFSZ: javaSignalHandler in libjvm.so, mask=11100100010111111101111111111110, flags=SA_RESTART|SA_SIGINFO, unblocked
    SIGILL: crash_handler in libjvm.so, mask=11100100010111111101111111111110, flags=SA_RESTART|SA_SIGINFO, unblocked
   SIGUSR2: SR_handler in libjvm.so, mask=00100000000000000000000000000000, flags=SA_RESTART|SA_SIGINFO, unblocked
    SIGHUP: UserHandler in libjvm.so, mask=11100100010111111101111111111110, flags=SA_RESTART|SA_SIGINFO, unblocked
    SIGINT: UserHandler in libjvm.so, mask=11100100010111111101111111111110, flags=SA_RESTART|SA_SIGINFO, unblocked
   SIGTERM: UserHandler in libjvm.so, mask=11100100010111111101111111111110, flags=SA_RESTART|SA_SIGINFO, unblocked
   SIGQUIT: UserHandler in libjvm.so, mask=11100100010111111101111111111110, flags=SA_RESTART|SA_SIGINFO, unblocked
   SIGTRAP: crash_handler in libjvm.so, mask=11100100010111111101111111111110, flags=SA_RESTART|SA_SIGINFO, unblocked


Periodic native trim disabled


---------------  S Y S T E M  ---------------

OS:
PRETTY_NAME="Debian GNU/Linux 12 (bookworm)"
NAME="Debian GNU/Linux"
VERSION_ID="12"
VERSION="12 (bookworm)"
VERSION_CODENAME=bookworm
ID=debian
HOME_URL="https://www.debian.org/"
SUPPORT_URL="https://www.debian.org/support"
BUG_REPORT_URL="https://bugs.debian.org/"
uname: Linux 4.19.91-c8dfc93.al7.x86_64 #1 SMP Tue Sep 26 10:25:51 UTC 2023 x86_64
OS uptime: 0 days 0:17 hours
libc: glibc 2.36 NPTL 2.36 
rlimit (soft/hard): STACK 8192k/infinity , CORE 0k/0k , NPROC 100000/100000 , NOFILE 100000/100000 , AS infinity/infinity , CPU infinity/infinity , DATA infinity/infinity , FSIZE infinity/infinity , MEMLOCK 64k/64k
load average: 1.73 1.58 1.13

/proc/meminfo:
MemTotal:        2152516 kB
MemFree:           31124 kB
MemAvailable:      12840 kB
Buffers:             176 kB
Cached:            11732 kB
SwapCached:            0 kB
Active:          2030676 kB
Inactive:           8144 kB
Active(anon):    2026928 kB
Inactive(anon):       16 kB
Active(file):       3748 kB
Inactive(file):     8128 kB
Unevictable:           0 kB
Mlocked:               0 kB
SwapTotal:             0 kB
SwapFree:              0 kB
Dirty:               124 kB
Writeback:             0 kB
AnonPages:       2026912 kB
Mapped:             8764 kB
Shmem:                32 kB
Slab:              31928 kB
SReclaimable:      18980 kB
SUnreclaim:        12948 kB
KernelStack:        3104 kB
PageTables:         5612 kB
NFS_Unstable:          0 kB
Bounce:                0 kB
WritebackTmp:          0 kB
CommitLimit:     1076256 kB
Committed_AS:    2411744 kB
VmallocTotal:   34359738367 kB
VmallocUsed:           0 kB
VmallocChunk:          0 kB
Percpu:              400 kB
AnonHugePages:    501760 kB
ShmemHugePages:        0 kB
ShmemPmdMapped:        0 kB
HugePages_Total:       0
HugePages_Free:        0
HugePages_Rsvd:        0
HugePages_Surp:        0
Hugepagesize:       2048 kB
Hugetlb:               0 kB
DirectMap4k:        8192 kB
DirectMap2M:     2523136 kB
DirectMap1G:           0 kB

/sys/kernel/mm/transparent_hugepage/enabled: [always] madvise never
/sys/kernel/mm/transparent_hugepage/hpage_pmd_size: 2097152
/sys/kernel/mm/transparent_hugepage/defrag (defrag/compaction efforts parameter): always defer defer+madvise madvise [never]

Process Memory:
Virtual Size: 3011676K (peak: 3159368K)
Resident Set Size: 868816K (peak: 869056K) (anon: 862896K, file: 5920K, shmem: 0K)
Swapped out: 0K
C-Heap outstanding allocations: 107216K, retained: 25415K
glibc malloc tunables: (default)

/proc/sys/kernel/threads-max (system-wide limit on the number of threads): 1129
/proc/sys/vm/max_map_count (maximum number of memory map areas a process may have): 65530
/proc/sys/vm/swappiness (control to define how aggressively the kernel swaps out anonymous memory): 60
/proc/sys/kernel/pid_max (system-wide limit on number of process identifiers): 32768

container (cgroup) information:
container_type: cgroupv1
cpu_cpuset_cpus: 0-1
cpu_memory_nodes: 0
active_processor_count: 2
cpu_quota: no quota
cpu_period: 100000
cpu_shares: 12288
memory_limit_in_bytes: 2097152 k
memory_and_swap_limit_in_bytes: unlimited
memory_soft_limit_in_bytes: unlimited
memory_usage_in_bytes: 2060512 k
memory_max_usage_in_bytes: 2067056 k
rss_usage_in_bytes: 2020440 k
cache_usage_in_bytes: 12060 k
kernel_memory_limit_in_bytes: unlimited
kernel_memory_usage_in_bytes: 27964 k
kernel_memory_max_usage_in_bytes: 91412 k
maximum number of tasks: unlimited
current number of tasks: 120

KVM virtualization detected
Steal ticks since vm start: 3873
Steal ticks percentage since vm start:  0.442

CPU: total 2 (initial active 2) (2 cores per cpu, 1 threads per core) family 6 model 85 stepping 7 microcode 0x1, cx8, cmov, fxsr, mmx, 3dnowpref, sse, sse2, sse3, ssse3, sse4.1, sse4.2, popcnt, lzcnt, tsc, tscinvbit, avx, avx2, aes, erms, clmul, bmi1, bmi2, adx, avx512f, avx512dq, avx512cd, avx512bw, avx512vl, fma, vzeroupper, avx512_vnni, clflush, clflushopt, clwb, hv
CPU Model and flags from /proc/cpuinfo:
model name	: Intel(R) Xeon(R) Processor @ 2.50GHz
flags		: fpu vme de pse tsc msr pae mce cx8 apic sep mtrr pge mca cmov pat pse36 clflush mmx fxsr sse sse2 ss ht syscall nx pdpe1gb rdtscp lm constant_tsc rep_good nopl xtopology nonstop_tsc cpuid tsc_known_freq pni pclmulqdq ssse3 fma cx16 pcid sse4_1 sse4_2 x2apic movbe popcnt tsc_deadline_timer aes xsave avx f16c rdrand hypervisor lahf_lm abm 3dnowprefetch cpuid_fault invpcid_single ssbd ibrs ibpb stibp ibrs_enhanced fsgsbase tsc_adjust bmi1 avx2 smep bmi2 erms invpcid mpx avx512f avx512dq rdseed adx smap clflushopt clwb avx512cd avx512bw avx512vl xsaveopt xsavec xgetbv1 xsaves umip avx512_vnni md_clear arch_capabilities

Online cpus: 0-1
Offline cpus: 
BIOS frequency limitation: <Not Available>
Frequency switch latency (ns): <Not Available>
Available cpu frequencies: <Not Available>
Current governor: <Not Available>
Core performance/turbo boost: <Not Available>

Memory: 4k page, physical 2097152k(36640k free), swap 0k(0k free)
Page Sizes: 4k

vm_info: OpenJDK 64-Bit Server VM (17.0.20+8-1-deb12u1-Debian) for linux-amd64 JRE (17.0.20+8-1-deb12u1-Debian), built on Jul 28 2026 07:08:51 by "buildd" with gcc 12.2.0

END.
