#
# There is insufficient memory for the Java Runtime Environment to continue.
# Native memory allocation (mmap) failed to map 136314880 bytes. Error detail: committing reserved memory.
# Possible reasons:
#   The system is out of physical RAM or swap space
#   This process is running with CompressedOops enabled, and the Java Heap may be blocking the growth of the native heap
# Possible solutions:
#   Reduce memory load on the system
#   Increase physical memory or swap space
#   Check if swap backing store is full
#   Decrease Java heap size (-Xmx/-Xms)
#   Decrease number of Java threads
#   Decrease Java thread stack sizes (-Xss)
#   Set larger code cache with -XX:ReservedCodeCacheSize=
#   JVM is running with Unscaled Compressed Oops mode in which the Java heap is
#     placed in the first 4GB address space. The Java Heap base address is the
#     maximum limit for the native heap growth. Please use -XX:HeapBaseMinAddress
#     to set the Java Heap base and to place the Java Heap above 4GB virtual address.
# This output file may be truncated or incomplete.
#
#  Out of Memory Error (os_linux.cpp:2834), pid=3812, tid=3823
#
# JRE version: OpenJDK Runtime Environment (17.0.20+8) (build 17.0.20+8-1-deb12u1-Debian)
# Java VM: OpenJDK 64-Bit Server VM (17.0.20+8-1-deb12u1-Debian, mixed mode, sharing, tiered, compressed oops, compressed class ptrs, g1 gc, linux-amd64)
# No core dump will be written. Core dumps have been disabled. To enable core dumping, try "ulimit -c unlimited" before starting Java again
#

---------------  S U M M A R Y ------------

Command Line: --add-opens=java.base/java.lang=ALL-UNNAMED --add-opens=java.base/java.lang.invoke=ALL-UNNAMED --add-opens=java.base/java.util=ALL-UNNAMED --add-opens=java.prefs/java.util.prefs=ALL-UNNAMED --add-exports=jdk.compiler/com.sun.tools.javac.api=ALL-UNNAMED --add-exports=jdk.compiler/com.sun.tools.javac.util=ALL-UNNAMED --add-opens=java.base/java.util=ALL-UNNAMED --add-opens=java.prefs/java.util.prefs=ALL-UNNAMED --add-opens=java.base/java.nio.charset=ALL-UNNAMED --add-opens=java.base/java.net=ALL-UNNAMED --add-opens=java.base/java.util.concurrent.atomic=ALL-UNNAMED --add-opens=java.xml/javax.xml.namespace=ALL-UNNAMED -XX:MaxMetaspaceSize=512m -Xmx1024m -Dfile.encoding=UTF-8 -Duser.country -Duser.language=en -Duser.variant -javaagent:/root/.gradle/wrapper/dists/gradle-8.11.1-bin/bpt9gzteqjrbo1mjrsomdt32c/gradle-8.11.1/lib/agents/gradle-instrumentation-agent-8.11.1.jar org.gradle.launcher.daemon.bootstrap.GradleDaemon 8.11.1

Host: Intel(R) Xeon(R) Processor @ 2.50GHz, 2 cores, 2G, Debian GNU/Linux 12 (bookworm)
Time: Mon Oct  5 13:48:44 2026 UTC elapsed time: 47.399488 seconds (0d 0h 0m 47s)

---------------  T H R E A D  ---------------

Current thread (0x00007ffa340a7420):  VMThread "VM Thread" [stack: 0x00007ffa1885e000,0x00007ffa1895e000] [id=3823]

Stack: [0x00007ffa1885e000,0x00007ffa1895e000],  sp=0x00007ffa1895bd70,  free space=1015k
Native frames: (J=compiled Java code, j=interpreted, Vv=VM code, C=native code)
V  [libjvm.so+0xf21211]  VMError::report_and_die(int, char const*, char const*, __va_list_tag*, Thread*, unsigned char*, void*, void*, char const*, int, unsigned long)+0x171
V  [libjvm.so+0xf21d7d]  VMError::report_and_die(Thread*, char const*, int, unsigned long, VMErrorType, char const*, __va_list_tag*)+0x2d
V  [libjvm.so+0x60378c]  report_vm_out_of_memory(char const*, int, unsigned long, VMErrorType, char const*, ...)+0xdc
V  [libjvm.so+0xc2a14b]  os::pd_commit_memory_or_exit(char*, unsigned long, unsigned long, bool, char const*)+0xeb
V  [libjvm.so+0xc23ffb]  os::commit_memory_or_exit(char*, unsigned long, unsigned long, bool, char const*)+0x1b
V  [libjvm.so+0x733436]  G1PageBasedVirtualSpace::commit(unsigned long, unsigned long)+0x66
V  [libjvm.so+0x7473e0]  G1RegionsLargerThanCommitSizeMapper::commit_regions(unsigned int, unsigned long, WorkGang*)+0x110
V  [libjvm.so+0x7dadc8]  HeapRegionManager::commit_regions(unsigned int, unsigned long, WorkGang*)+0x88
V  [libjvm.so+0x7dcc0b]  HeapRegionManager::expand(unsigned int, unsigned int, WorkGang*)+0x2b
V  [libjvm.so+0x7dce27]  HeapRegionManager::expand_by(unsigned int, WorkGang*)+0x77
V  [libjvm.so+0x6ebed8]  G1CollectedHeap::expand(unsigned long, WorkGang*, double*)+0xe8
V  [libjvm.so+0x6efb29]  G1CollectedHeap::do_collection_pause_at_safepoint_helper(double)+0x8a9
V  [libjvm.so+0x6efb8f]  G1CollectedHeap::do_collection_pause_at_safepoint(double)+0x2f
V  [libjvm.so+0x76b9d7]  VM_G1CollectForAllocation::doit()+0x47
V  [libjvm.so+0xf26715]  VM_Operation::evaluate()+0xe5
V  [libjvm.so+0xf28005]  VMThread::evaluate_operation(VM_Operation*)+0x105
V  [libjvm.so+0xf2857f]  VMThread::inner_execute(VM_Operation*)+0x28f
V  [libjvm.so+0xf2878f]  VMThread::run()+0xbf
V  [libjvm.so+0xea40a5]  Thread::call_run()+0xa5
V  [libjvm.so+0xc2c8f3]  thread_native_entry(Thread*)+0xe3

VM_Operation (0x00007ff9be9dfc00): G1CollectForAllocation, mode: safepoint, requested by thread 0x00007ffa0c006970


---------------  P R O C E S S  ---------------

Threads class SMR info:
_java_thread_list=0x00007ffa140cf8e0, length=55, elements={
0x00007ffa3401ad80, 0x00007ffa340ab520, 0x00007ffa340ac900, 0x00007ffa340b35e0,
0x00007ffa340b4990, 0x00007ffa340b5da0, 0x00007ffa340b7750, 0x00007ffa340b8c80,
0x00007ffa340ba0f0, 0x00007ffa340c5a10, 0x00007ffa34188930, 0x00007ffa352e6880,
0x00007ffa35350960, 0x00007ffa35388000, 0x00007ff9d0016f20, 0x00007ff9d80044c0,
0x00007ff9d8007470, 0x00007ff9d800d0a0, 0x00007ffa04005f10, 0x00007ffa0400bca0,
0x00007ffa04008740, 0x00007ffa0419aa80, 0x00007ffa041a2130, 0x00007ffa041db000,
0x00007ffa04806870, 0x00007ffa048d5980, 0x00007ffa048da460, 0x00007ffa04a3f450,
0x00007ffa04aada00, 0x00007ffa04af2050, 0x00007ffa053ca4e0, 0x00007ffa053e12d0,
0x00007ffa053e61c0, 0x00007ffa042a0b50, 0x00007ffa05cc0be0, 0x00007ffa0651e610,
0x00007ffa0c006970, 0x00007ffa14057a40, 0x00007ffa140a97c0, 0x00007ffa0c0238a0,
0x00007ffa140af580, 0x00007ffa0c03ec90, 0x00007ffa0c041500, 0x00007ffa140bcf60,
0x00007ffa140c1790, 0x00007ffa140c2630, 0x00007ffa0c0494d0, 0x00007ffa0c04f650,
0x00007ffa0c053320, 0x00007ffa0c04f040, 0x00007ffa0c058100, 0x00007ffa140b7e60,
0x00007ffa0c04e950, 0x00007ffa140cdc30, 0x00007ffa140ceb20
}

Java Threads: ( => current thread )
  0x00007ffa3401ad80 JavaThread "main" [_thread_blocked, id=3813, stack(0x00007ffa38805000,0x00007ffa38905000)]
  0x00007ffa340ab520 JavaThread "Reference Handler" daemon [_thread_blocked, id=3824, stack(0x00007ffa1875d000,0x00007ffa1885d000)]
  0x00007ffa340ac900 JavaThread "Finalizer" daemon [_thread_blocked, id=3825, stack(0x00007ffa1865c000,0x00007ffa1875c000)]
  0x00007ffa340b35e0 JavaThread "Signal Dispatcher" daemon [_thread_blocked, id=3826, stack(0x00007ffa18504000,0x00007ffa18604000)]
  0x00007ffa340b4990 JavaThread "Service Thread" daemon [_thread_blocked, id=3827, stack(0x00007ffa18403000,0x00007ffa18503000)]
  0x00007ffa340b5da0 JavaThread "Monitor Deflation Thread" daemon [_thread_blocked, id=3828, stack(0x00007ffa18302000,0x00007ffa18402000)]
  0x00007ffa340b7750 JavaThread "C2 CompilerThread0" daemon [_thread_in_native, id=3829, stack(0x00007ffa18201000,0x00007ffa18301000)]
  0x00007ffa340b8c80 JavaThread "C1 CompilerThread0" daemon [_thread_blocked, id=3830, stack(0x00007ffa18100000,0x00007ffa18200000)]
  0x00007ffa340ba0f0 JavaThread "Sweeper thread" daemon [_thread_blocked, id=3831, stack(0x00007ff9e4f00000,0x00007ff9e5000000)]
  0x00007ffa340c5a10 JavaThread "Common-Cleaner" daemon [_thread_blocked, id=3832, stack(0x00007ff9e4dff000,0x00007ff9e4eff000)]
  0x00007ffa34188930 JavaThread "Notification Thread" daemon [_thread_blocked, id=3833, stack(0x00007ff9e4cfe000,0x00007ff9e4dfe000)]
  0x00007ffa352e6880 JavaThread "Daemon health stats" [_thread_blocked, id=3837, stack(0x00007ff9e4300000,0x00007ff9e4400000)]
  0x00007ffa35350960 JavaThread "Incoming local TCP Connector on port 41831" [_thread_in_native, id=3838, stack(0x00007ff9e41ff000,0x00007ff9e42ff000)]
  0x00007ffa35388000 JavaThread "Daemon periodic checks" [_thread_blocked, id=3839, stack(0x00007ff9e40fe000,0x00007ff9e41fe000)]
  0x00007ff9d0016f20 JavaThread "Daemon" [_thread_blocked, id=3840, stack(0x00007ff9bff00000,0x00007ff9c0000000)]
  0x00007ff9d80044c0 JavaThread "Handler for socket connection from /127.0.0.1:41831 to /127.0.0.1:35746" [_thread_in_native, id=3841, stack(0x00007ff9bfdff000,0x00007ff9bfeff000)]
  0x00007ff9d8007470 JavaThread "Cancel handler" [_thread_blocked, id=3842, stack(0x00007ff9bfcfe000,0x00007ff9bfdfe000)]
  0x00007ff9d800d0a0 JavaThread "Daemon worker" [_thread_blocked, id=3843, stack(0x00007ff9bfbfd000,0x00007ff9bfcfd000)]
  0x00007ffa04005f10 JavaThread "Asynchronous log dispatcher for DefaultDaemonConnection: socket connection from /127.0.0.1:41831 to /127.0.0.1:35746" [_thread_blocked, id=3844, stack(0x00007ff9bfafc000,0x00007ff9bfbfc000)]
  0x00007ffa0400bca0 JavaThread "Stdin handler" [_thread_blocked, id=3845, stack(0x00007ff9bf9fb000,0x00007ff9bfafb000)]
  0x00007ffa04008740 JavaThread "Daemon client event forwarder" [_thread_blocked, id=3846, stack(0x00007ff9bf8fa000,0x00007ff9bf9fa000)]
  0x00007ffa0419aa80 JavaThread "Cache worker for journal cache (/root/.gradle/caches/journal-1)" [_thread_blocked, id=3847, stack(0x00007ff9bf7f9000,0x00007ff9bf8f9000)]
  0x00007ffa041a2130 JavaThread "File lock request listener" [_thread_in_native, id=3848, stack(0x00007ff9bf6f8000,0x00007ff9bf7f8000)]
  0x00007ffa041db000 JavaThread "Cache worker for file hash cache (/root/.gradle/caches/8.11.1/fileHashes)" [_thread_blocked, id=3849, stack(0x00007ff9bf5f7000,0x00007ff9bf6f7000)]
  0x00007ffa04806870 JavaThread "Cache worker for file content cache (/root/.gradle/caches/8.11.1/fileContent)" [_thread_blocked, id=3850, stack(0x00007ff9bf4f6000,0x00007ff9bf5f6000)]
  0x00007ffa048d5980 JavaThread "Cache worker for file hash cache (/workspace/.gradle/8.11.1/fileHashes)" [_thread_blocked, id=3851, stack(0x00007ff9bf3f5000,0x00007ff9bf4f5000)]
  0x00007ffa048da460 JavaThread "Cache worker for Build Output Cleanup Cache (/workspace/.gradle/buildOutputCleanup)" [_thread_blocked, id=3852, stack(0x00007ff9bf2f4000,0x00007ff9bf3f4000)]
  0x00007ffa04a3f450 JavaThread "Cache worker for checksums cache (/workspace/.gradle/8.11.1/checksums)" [_thread_blocked, id=3853, stack(0x00007ff9bf1f3000,0x00007ff9bf2f3000)]
  0x00007ffa04aada00 JavaThread "Cache worker for cache directory md-rule (/root/.gradle/caches/8.11.1/md-rule)" [_thread_blocked, id=3854, stack(0x00007ff9bf0f2000,0x00007ff9bf1f2000)]
  0x00007ffa04af2050 JavaThread "Cache worker for cache directory md-supplier (/root/.gradle/caches/8.11.1/md-supplier)" [_thread_blocked, id=3855, stack(0x00007ff9beff1000,0x00007ff9bf0f1000)]
  0x00007ffa053ca4e0 JavaThread "Unconstrained build operations" [_thread_blocked, id=3856, stack(0x00007ff9beef0000,0x00007ff9beff0000)]
  0x00007ffa053e12d0 JavaThread "Unconstrained build operations Thread 2" [_thread_blocked, id=3857, stack(0x00007ff9bedef000,0x00007ff9beeef000)]
  0x00007ffa053e61c0 JavaThread "Unconstrained build operations Thread 3" [_thread_blocked, id=3858, stack(0x00007ff9becee000,0x00007ff9bedee000)]
  0x00007ffa042a0b50 JavaThread "Memory manager" [_thread_blocked, id=3870, stack(0x00007ff9bebed000,0x00007ff9beced000)]
  0x00007ffa05cc0be0 JavaThread "build event listener" [_thread_blocked, id=3877, stack(0x00007ff9beaec000,0x00007ff9bebec000)]
  0x00007ffa0651e610 JavaThread "included builds" [_thread_blocked, id=3896, stack(0x00007ff9be9eb000,0x00007ff9beaeb000)]
  0x00007ffa0c006970 JavaThread "Execution worker" [_thread_blocked, id=3898, stack(0x00007ff9be8ea000,0x00007ff9be9ea000)]
  0x00007ffa14057a40 JavaThread "Cache worker for execution history cache (/workspace/.gradle/8.11.1/executionHistory)" [_thread_blocked, id=3899, stack(0x00007ff9be7e9000,0x00007ff9be8e9000)]
  0x00007ffa140a97c0 JavaThread "Unconstrained build operations Thread 4" [_thread_blocked, id=3902, stack(0x00007ff9be6e8000,0x00007ff9be7e8000)]
  0x00007ffa0c0238a0 JavaThread "Unconstrained build operations Thread 5" [_thread_blocked, id=3905, stack(0x00007ff9be5e7000,0x00007ff9be6e7000)]
  0x00007ffa140af580 JavaThread "Unconstrained build operations Thread 6" [_thread_blocked, id=3907, stack(0x00007ff9be4e6000,0x00007ff9be5e6000)]
  0x00007ffa0c03ec90 JavaThread "Unconstrained build operations Thread 7" [_thread_blocked, id=3908, stack(0x00007ff9be3e5000,0x00007ff9be4e5000)]
  0x00007ffa0c041500 JavaThread "Unconstrained build operations Thread 8" [_thread_blocked, id=3909, stack(0x00007ff9be2e4000,0x00007ff9be3e4000)]
  0x00007ffa140bcf60 JavaThread "Unconstrained build operations Thread 9" [_thread_blocked, id=3910, stack(0x00007ff9be1e3000,0x00007ff9be2e3000)]
  0x00007ffa140c1790 JavaThread "Unconstrained build operations Thread 10" [_thread_blocked, id=3912, stack(0x00007ff9be0e2000,0x00007ff9be1e2000)]
  0x00007ffa140c2630 JavaThread "Unconstrained build operations Thread 11" [_thread_blocked, id=3913, stack(0x00007ff9b9f00000,0x00007ff9ba000000)]
  0x00007ffa0c0494d0 JavaThread "Unconstrained build operations Thread 12" [_thread_blocked, id=3915, stack(0x00007ff9b9dff000,0x00007ff9b9eff000)]
  0x00007ffa0c04f650 JavaThread "Unconstrained build operations Thread 13" [_thread_blocked, id=3916, stack(0x00007ff9b9cfe000,0x00007ff9b9dfe000)]
  0x00007ffa0c053320 JavaThread "Unconstrained build operations Thread 14" [_thread_blocked, id=3917, stack(0x00007ff9b9bfd000,0x00007ff9b9cfd000)]
  0x00007ffa0c04f040 JavaThread "Unconstrained build operations Thread 15" [_thread_blocked, id=3918, stack(0x00007ff9b9afc000,0x00007ff9b9bfc000)]
  0x00007ffa0c058100 JavaThread "Unconstrained build operations Thread 16" [_thread_blocked, id=3920, stack(0x00007ff9b99fb000,0x00007ff9b9afb000)]
  0x00007ffa140b7e60 JavaThread "Unconstrained build operations Thread 17" [_thread_blocked, id=3922, stack(0x00007ff9b98fa000,0x00007ff9b99fa000)]
  0x00007ffa0c04e950 JavaThread "Unconstrained build operations Thread 18" [_thread_blocked, id=3923, stack(0x00007ff9b97f9000,0x00007ff9b98f9000)]
  0x00007ffa140cdc30 JavaThread "Unconstrained build operations Thread 19" [_thread_blocked, id=3924, stack(0x00007ff9b96f8000,0x00007ff9b97f8000)]
  0x00007ffa140ceb20 JavaThread "Unconstrained build operations Thread 20" [_thread_blocked, id=3925, stack(0x00007ff9b95f7000,0x00007ff9b96f7000)]

Other Threads:
=>0x00007ffa340a7420 VMThread "VM Thread" [stack: 0x00007ffa1885e000,0x00007ffa1895e000] [id=3823]
  0x00007ffa3401d0f0 WatcherThread [stack: 0x00007ff9e4bfd000,0x00007ff9e4cfd000] [id=3834]
  0x00007ffa34057340 GCTaskThread "GC Thread#0" [stack: 0x00007ffa380bc000,0x00007ffa381bc000] [id=3814]
  0x00007ff9e00047b0 GCTaskThread "GC Thread#1" [stack: 0x00007ff9e4afc000,0x00007ff9e4bfc000] [id=3835]
  0x00007ffa34060920 ConcurrentGCThread "G1 Main Marker" [stack: 0x00007ffa1b011000,0x00007ffa1b111000] [id=3815]
  0x00007ffa34061890 ConcurrentGCThread "G1 Conc#0" [stack: 0x00007ffa1af10000,0x00007ffa1b010000] [id=3816]
  0x00007ffa340804c0 ConcurrentGCThread "G1 Refine#0" [stack: 0x00007ffa18c0d000,0x00007ffa18d0d000] [id=3817]
  0x00007ffa04000ea0 ConcurrentGCThread "G1 Refine#1" [stack: 0x00007ff9e4700000,0x00007ff9e4800000] [id=3836]
  0x00007ffa340813c0 ConcurrentGCThread "G1 Service" [stack: 0x00007ffa18b0c000,0x00007ffa18c0c000] [id=3818]

Threads with active compile tasks:
C2 CompilerThread0  47409 14927 %     4       com.android.tools.r8.internal.vd::a @ 197 (4363 bytes)

VM state: at safepoint (normal execution)

VM Mutex/Monitor currently owned by a thread:  ([mutex/lock_event])
[0x00007ffa34017b70] Threads_lock - owner thread: 0x00007ffa340a7420
[0x00007ffa34018320] Heap_lock - owner thread: 0x00007ffa0c006970

Heap address: 0x00000000c0000000, size: 1024 MB, Compressed Oops mode: 32-bit

CDS archive(s) mapped at: [0x00007ff9e9000000-0x00007ff9e9bca000-0x00007ff9e9bca000), size 12361728, SharedBaseAddress: 0x00007ff9e9000000, ArchiveRelocationMode: 1.
Compressed class space mapped at: 0x00007ff9ea000000-0x00007ffa04000000, reserved size: 436207616
Narrow klass base: 0x00007ff9e9000000, Narrow klass shift: 0, Narrow klass range: 0x100000000

GC Precious Log:
 CPUs: 2 total, 2 available
 Memory: 2048M
 Large Page Support: Disabled
 NUMA Support: Disabled
 Compressed Oops: Enabled (32-bit)
 Heap Region Size: 1M
 Heap Min Capacity: 8M
 Heap Initial Capacity: 32M
 Heap Max Capacity: 1G
 Pre-touch: Disabled
 Parallel Workers: 2
 Concurrent Workers: 1
 Concurrent Refinement Workers: 2
 Periodic GC: Disabled

Heap:
 garbage-first heap   total 605184K, used 350131K [0x00000000c0000000, 0x0000000100000000)
  region size 1024K, 20 young (20480K), 20 survivors (20480K)
 Metaspace       used 102746K, committed 103552K, reserved 557056K
  class space    used 14484K, committed 14912K, reserved 425984K

Heap Regions: E=young(eden), S=young(survivor), O=old, HS=humongous(starts), HC=humongous(continues), CS=collection set, F=free, OA=open archive, CA=closed archive, TAMS=top-at-mark-start (previous, next)
|   0|0x00000000c0000000, 0x00000000c0100000, 0x00000000c0100000|100%|HS|  |TAMS 0x00000000c0100000, 0x00000000c0000000| Complete 
|   1|0x00000000c0100000, 0x00000000c0200000, 0x00000000c0200000|100%|HC|  |TAMS 0x00000000c0200000, 0x00000000c0100000| Complete 
|   2|0x00000000c0200000, 0x00000000c0300000, 0x00000000c0300000|100%|HC|  |TAMS 0x00000000c0300000, 0x00000000c0200000| Complete 
|   3|0x00000000c0300000, 0x00000000c0400000, 0x00000000c0400000|100%| O|  |TAMS 0x00000000c0400000, 0x00000000c0300000| Untracked 
|   4|0x00000000c0400000, 0x00000000c04ffff8, 0x00000000c0500000| 99%| O|  |TAMS 0x00000000c04ffff8, 0x00000000c0400000| Untracked 
|   5|0x00000000c0500000, 0x00000000c0600000, 0x00000000c0600000|100%| O|  |TAMS 0x00000000c0600000, 0x00000000c0500000| Untracked 
|   6|0x00000000c0600000, 0x00000000c0700000, 0x00000000c0700000|100%| O|  |TAMS 0x00000000c0700000, 0x00000000c0600000| Untracked 
|   7|0x00000000c0700000, 0x00000000c0800000, 0x00000000c0800000|100%| O|  |TAMS 0x00000000c0800000, 0x00000000c0700000| Untracked 
|   8|0x00000000c0800000, 0x00000000c0900000, 0x00000000c0900000|100%| O|  |TAMS 0x00000000c0900000, 0x00000000c0800000| Untracked 
|   9|0x00000000c0900000, 0x00000000c0a00000, 0x00000000c0a00000|100%| O|  |TAMS 0x00000000c0a00000, 0x00000000c0900000| Untracked 
|  10|0x00000000c0a00000, 0x00000000c0b00000, 0x00000000c0b00000|100%|HS|  |TAMS 0x00000000c0b00000, 0x00000000c0a00000| Complete 
|  11|0x00000000c0b00000, 0x00000000c0c00000, 0x00000000c0c00000|100%| O|  |TAMS 0x00000000c0c00000, 0x00000000c0b00000| Untracked 
|  12|0x00000000c0c00000, 0x00000000c0d00000, 0x00000000c0d00000|100%| O|  |TAMS 0x00000000c0d00000, 0x00000000c0c00000| Untracked 
|  13|0x00000000c0d00000, 0x00000000c0e00000, 0x00000000c0e00000|100%| O|  |TAMS 0x00000000c0e00000, 0x00000000c0d00000| Untracked 
|  14|0x00000000c0e00000, 0x00000000c0f00000, 0x00000000c0f00000|100%| O|  |TAMS 0x00000000c0f00000, 0x00000000c0e00000| Untracked 
|  15|0x00000000c0f00000, 0x00000000c1000000, 0x00000000c1000000|100%| O|  |TAMS 0x00000000c1000000, 0x00000000c0f00000| Untracked 
|  16|0x00000000c1000000, 0x00000000c1100000, 0x00000000c1100000|100%| O|  |TAMS 0x00000000c1100000, 0x00000000c1000000| Untracked 
|  17|0x00000000c1100000, 0x00000000c1200000, 0x00000000c1200000|100%| O|  |TAMS 0x00000000c1200000, 0x00000000c1100000| Untracked 
|  18|0x00000000c1200000, 0x00000000c1300000, 0x00000000c1300000|100%| O|  |TAMS 0x00000000c1300000, 0x00000000c1200000| Untracked 
|  19|0x00000000c1300000, 0x00000000c1400000, 0x00000000c1400000|100%| O|  |TAMS 0x00000000c1400000, 0x00000000c1300000| Untracked 
|  20|0x00000000c1400000, 0x00000000c1500000, 0x00000000c1500000|100%| O|  |TAMS 0x00000000c1500000, 0x00000000c1400000| Untracked 
|  21|0x00000000c1500000, 0x00000000c1600000, 0x00000000c1600000|100%| O|  |TAMS 0x00000000c1600000, 0x00000000c1500000| Untracked 
|  22|0x00000000c1600000, 0x00000000c1700000, 0x00000000c1700000|100%| O|  |TAMS 0x00000000c1700000, 0x00000000c1600000| Untracked 
|  23|0x00000000c1700000, 0x00000000c1800000, 0x00000000c1800000|100%| O|  |TAMS 0x00000000c1800000, 0x00000000c1700000| Untracked 
|  24|0x00000000c1800000, 0x00000000c1900000, 0x00000000c1900000|100%| O|  |TAMS 0x00000000c1900000, 0x00000000c1800000| Untracked 
|  25|0x00000000c1900000, 0x00000000c1a00000, 0x00000000c1a00000|100%| O|  |TAMS 0x00000000c1a00000, 0x00000000c1900000| Untracked 
|  26|0x00000000c1a00000, 0x00000000c1b00000, 0x00000000c1b00000|100%| O|  |TAMS 0x00000000c1b00000, 0x00000000c1a00000| Untracked 
|  27|0x00000000c1b00000, 0x00000000c1c00000, 0x00000000c1c00000|100%| O|  |TAMS 0x00000000c1c00000, 0x00000000c1b00000| Untracked 
|  28|0x00000000c1c00000, 0x00000000c1d00000, 0x00000000c1d00000|100%| O|  |TAMS 0x00000000c1d00000, 0x00000000c1c00000| Untracked 
|  29|0x00000000c1d00000, 0x00000000c1e00000, 0x00000000c1e00000|100%| O|  |TAMS 0x00000000c1e00000, 0x00000000c1d00000| Untracked 
|  30|0x00000000c1e00000, 0x00000000c1f00000, 0x00000000c1f00000|100%| O|  |TAMS 0x00000000c1f00000, 0x00000000c1e00000| Untracked 
|  31|0x00000000c1f00000, 0x00000000c2000000, 0x00000000c2000000|100%| O|  |TAMS 0x00000000c2000000, 0x00000000c1f00000| Untracked 
|  32|0x00000000c2000000, 0x00000000c2100000, 0x00000000c2100000|100%| O|  |TAMS 0x00000000c2100000, 0x00000000c2000000| Untracked 
|  33|0x00000000c2100000, 0x00000000c2200000, 0x00000000c2200000|100%| O|  |TAMS 0x00000000c2200000, 0x00000000c2100000| Untracked 
|  34|0x00000000c2200000, 0x00000000c2300000, 0x00000000c2300000|100%| O|  |TAMS 0x00000000c2300000, 0x00000000c2200000| Untracked 
|  35|0x00000000c2300000, 0x00000000c2400000, 0x00000000c2400000|100%| O|  |TAMS 0x00000000c2400000, 0x00000000c2300000| Untracked 
|  36|0x00000000c2400000, 0x00000000c2500000, 0x00000000c2500000|100%| O|  |TAMS 0x00000000c2500000, 0x00000000c2400000| Untracked 
|  37|0x00000000c2500000, 0x00000000c2600000, 0x00000000c2600000|100%| O|  |TAMS 0x00000000c2600000, 0x00000000c2500000| Untracked 
|  38|0x00000000c2600000, 0x00000000c2700000, 0x00000000c2700000|100%| O|  |TAMS 0x00000000c2700000, 0x00000000c2600000| Untracked 
|  39|0x00000000c2700000, 0x00000000c2800000, 0x00000000c2800000|100%| O|  |TAMS 0x00000000c2800000, 0x00000000c2700000| Untracked 
|  40|0x00000000c2800000, 0x00000000c2900000, 0x00000000c2900000|100%|HS|  |TAMS 0x00000000c2900000, 0x00000000c2800000| Complete 
|  41|0x00000000c2900000, 0x00000000c2a00000, 0x00000000c2a00000|100%|HS|  |TAMS 0x00000000c2a00000, 0x00000000c2900000| Complete 
|  42|0x00000000c2a00000, 0x00000000c2b00000, 0x00000000c2b00000|100%|HS|  |TAMS 0x00000000c2b00000, 0x00000000c2a00000| Complete 
|  43|0x00000000c2b00000, 0x00000000c2c00000, 0x00000000c2c00000|100%|HC|  |TAMS 0x00000000c2c00000, 0x00000000c2b00000| Complete 
|  44|0x00000000c2c00000, 0x00000000c2d00000, 0x00000000c2d00000|100%|HS|  |TAMS 0x00000000c2d00000, 0x00000000c2c00000| Complete 
|  45|0x00000000c2d00000, 0x00000000c2e00000, 0x00000000c2e00000|100%|HC|  |TAMS 0x00000000c2e00000, 0x00000000c2d00000| Complete 
|  46|0x00000000c2e00000, 0x00000000c2f00000, 0x00000000c2f00000|100%|HS|  |TAMS 0x00000000c2f00000, 0x00000000c2e00000| Complete 
|  47|0x00000000c2f00000, 0x00000000c3000000, 0x00000000c3000000|100%|HS|  |TAMS 0x00000000c3000000, 0x00000000c2f00000| Complete 
|  48|0x00000000c3000000, 0x00000000c3100000, 0x00000000c3100000|100%| O|  |TAMS 0x00000000c3100000, 0x00000000c3000000| Untracked 
|  49|0x00000000c3100000, 0x00000000c3200000, 0x00000000c3200000|100%| O|  |TAMS 0x00000000c3200000, 0x00000000c3100000| Untracked 
|  50|0x00000000c3200000, 0x00000000c3300000, 0x00000000c3300000|100%| O|  |TAMS 0x00000000c3300000, 0x00000000c3200000| Untracked 
|  51|0x00000000c3300000, 0x00000000c3400000, 0x00000000c3400000|100%| O|  |TAMS 0x00000000c3400000, 0x00000000c3300000| Untracked 
|  52|0x00000000c3400000, 0x00000000c3500000, 0x00000000c3500000|100%|HS|  |TAMS 0x00000000c3500000, 0x00000000c3400000| Complete 
|  53|0x00000000c3500000, 0x00000000c3600000, 0x00000000c3600000|100%| O|  |TAMS 0x00000000c3600000, 0x00000000c3500000| Untracked 
|  54|0x00000000c3600000, 0x00000000c3700000, 0x00000000c3700000|100%| O|  |TAMS 0x00000000c3700000, 0x00000000c3600000| Untracked 
|  55|0x00000000c3700000, 0x00000000c3800000, 0x00000000c3800000|100%| O|  |TAMS 0x00000000c3800000, 0x00000000c3700000| Untracked 
|  56|0x00000000c3800000, 0x00000000c3900000, 0x00000000c3900000|100%| O|  |TAMS 0x00000000c3900000, 0x00000000c3800000| Untracked 
|  57|0x00000000c3900000, 0x00000000c3a00000, 0x00000000c3a00000|100%|HS|  |TAMS 0x00000000c3a00000, 0x00000000c3900000| Complete 
|  58|0x00000000c3a00000, 0x00000000c3b00000, 0x00000000c3b00000|100%| O|  |TAMS 0x00000000c3b00000, 0x00000000c3a00000| Untracked 
|  59|0x00000000c3b00000, 0x00000000c3c00000, 0x00000000c3c00000|100%| O|  |TAMS 0x00000000c3c00000, 0x00000000c3b00000| Untracked 
|  60|0x00000000c3c00000, 0x00000000c3d00000, 0x00000000c3d00000|100%| O|  |TAMS 0x00000000c3d00000, 0x00000000c3c00000| Untracked 
|  61|0x00000000c3d00000, 0x00000000c3e00000, 0x00000000c3e00000|100%| O|  |TAMS 0x00000000c3e00000, 0x00000000c3d00000| Untracked 
|  62|0x00000000c3e00000, 0x00000000c3f00000, 0x00000000c3f00000|100%| O|  |TAMS 0x00000000c3f00000, 0x00000000c3e00000| Untracked 
|  63|0x00000000c3f00000, 0x00000000c4000000, 0x00000000c4000000|100%| O|  |TAMS 0x00000000c4000000, 0x00000000c3f00000| Untracked 
|  64|0x00000000c4000000, 0x00000000c4100000, 0x00000000c4100000|100%| O|  |TAMS 0x00000000c4100000, 0x00000000c4000000| Untracked 
|  65|0x00000000c4100000, 0x00000000c4200000, 0x00000000c4200000|100%|HS|  |TAMS 0x00000000c4200000, 0x00000000c4100000| Complete 
|  66|0x00000000c4200000, 0x00000000c4300000, 0x00000000c4300000|100%| O|  |TAMS 0x00000000c4300000, 0x00000000c4200000| Untracked 
|  67|0x00000000c4300000, 0x00000000c4400000, 0x00000000c4400000|100%| O|  |TAMS 0x00000000c4400000, 0x00000000c4300000| Untracked 
|  68|0x00000000c4400000, 0x00000000c4500000, 0x00000000c4500000|100%| O|  |TAMS 0x00000000c4500000, 0x00000000c4400000| Untracked 
|  69|0x00000000c4500000, 0x00000000c4600000, 0x00000000c4600000|100%| O|  |TAMS 0x00000000c4600000, 0x00000000c4500000| Untracked 
|  70|0x00000000c4600000, 0x00000000c4700000, 0x00000000c4700000|100%| O|  |TAMS 0x00000000c4700000, 0x00000000c4600000| Untracked 
|  71|0x00000000c4700000, 0x00000000c4800000, 0x00000000c4800000|100%| O|  |TAMS 0x00000000c4800000, 0x00000000c4700000| Untracked 
|  72|0x00000000c4800000, 0x00000000c4900000, 0x00000000c4900000|100%| O|  |TAMS 0x00000000c4900000, 0x00000000c4800000| Untracked 
|  73|0x00000000c4900000, 0x00000000c4a00000, 0x00000000c4a00000|100%| O|  |TAMS 0x00000000c4a00000, 0x00000000c4900000| Untracked 
|  74|0x00000000c4a00000, 0x00000000c4b00000, 0x00000000c4b00000|100%| O|  |TAMS 0x00000000c4b00000, 0x00000000c4a00000| Untracked 
|  75|0x00000000c4b00000, 0x00000000c4c00000, 0x00000000c4c00000|100%| O|  |TAMS 0x00000000c4c00000, 0x00000000c4b00000| Untracked 
|  76|0x00000000c4c00000, 0x00000000c4d00000, 0x00000000c4d00000|100%| O|  |TAMS 0x00000000c4d00000, 0x00000000c4c00000| Untracked 
|  77|0x00000000c4d00000, 0x00000000c4e00000, 0x00000000c4e00000|100%| O|  |TAMS 0x00000000c4e00000, 0x00000000c4d00000| Untracked 
|  78|0x00000000c4e00000, 0x00000000c4f00000, 0x00000000c4f00000|100%| O|  |TAMS 0x00000000c4f00000, 0x00000000c4e00000| Untracked 
|  79|0x00000000c4f00000, 0x00000000c5000000, 0x00000000c5000000|100%| O|  |TAMS 0x00000000c5000000, 0x00000000c4f00000| Untracked 
|  80|0x00000000c5000000, 0x00000000c5100000, 0x00000000c5100000|100%| O|  |TAMS 0x00000000c5100000, 0x00000000c5000000| Untracked 
|  81|0x00000000c5100000, 0x00000000c5200000, 0x00000000c5200000|100%| O|  |TAMS 0x00000000c5200000, 0x00000000c5100000| Untracked 
|  82|0x00000000c5200000, 0x00000000c5300000, 0x00000000c5300000|100%| O|  |TAMS 0x00000000c5300000, 0x00000000c5200000| Untracked 
|  83|0x00000000c5300000, 0x00000000c5400000, 0x00000000c5400000|100%| O|  |TAMS 0x00000000c5400000, 0x00000000c5300000| Untracked 
|  84|0x00000000c5400000, 0x00000000c5500000, 0x00000000c5500000|100%| O|  |TAMS 0x00000000c5500000, 0x00000000c5400000| Untracked 
|  85|0x00000000c5500000, 0x00000000c5600000, 0x00000000c5600000|100%| O|  |TAMS 0x00000000c5600000, 0x00000000c5500000| Untracked 
|  86|0x00000000c5600000, 0x00000000c5700000, 0x00000000c5700000|100%| O|  |TAMS 0x00000000c5700000, 0x00000000c5600000| Untracked 
|  87|0x00000000c5700000, 0x00000000c5800000, 0x00000000c5800000|100%| O|  |TAMS 0x00000000c5800000, 0x00000000c5700000| Untracked 
|  88|0x00000000c5800000, 0x00000000c5900000, 0x00000000c5900000|100%|HS|  |TAMS 0x00000000c5900000, 0x00000000c5800000| Complete 
|  89|0x00000000c5900000, 0x00000000c5a00000, 0x00000000c5a00000|100%|HC|  |TAMS 0x00000000c5a00000, 0x00000000c5900000| Complete 
|  90|0x00000000c5a00000, 0x00000000c5b00000, 0x00000000c5b00000|100%| O|  |TAMS 0x00000000c5b00000, 0x00000000c5a00000| Untracked 
|  91|0x00000000c5b00000, 0x00000000c5c00000, 0x00000000c5c00000|100%| O|  |TAMS 0x00000000c5c00000, 0x00000000c5b00000| Untracked 
|  92|0x00000000c5c00000, 0x00000000c5d00000, 0x00000000c5d00000|100%| O|  |TAMS 0x00000000c5d00000, 0x00000000c5c00000| Untracked 
|  93|0x00000000c5d00000, 0x00000000c5e00000, 0x00000000c5e00000|100%| O|  |TAMS 0x00000000c5e00000, 0x00000000c5d00000| Untracked 
|  94|0x00000000c5e00000, 0x00000000c5f00000, 0x00000000c5f00000|100%| O|  |TAMS 0x00000000c5f00000, 0x00000000c5e00000| Untracked 
|  95|0x00000000c5f00000, 0x00000000c6000000, 0x00000000c6000000|100%| O|  |TAMS 0x00000000c6000000, 0x00000000c5f00000| Untracked 
|  96|0x00000000c6000000, 0x00000000c6100000, 0x00000000c6100000|100%| O|  |TAMS 0x00000000c6100000, 0x00000000c6000000| Untracked 
|  97|0x00000000c6100000, 0x00000000c6200000, 0x00000000c6200000|100%| O|  |TAMS 0x00000000c6200000, 0x00000000c6100000| Untracked 
|  98|0x00000000c6200000, 0x00000000c6300000, 0x00000000c6300000|100%| O|  |TAMS 0x00000000c6300000, 0x00000000c6200000| Untracked 
|  99|0x00000000c6300000, 0x00000000c6400000, 0x00000000c6400000|100%| O|  |TAMS 0x00000000c6400000, 0x00000000c6300000| Untracked 
| 100|0x00000000c6400000, 0x00000000c6500000, 0x00000000c6500000|100%| O|  |TAMS 0x00000000c6500000, 0x00000000c6400000| Untracked 
| 101|0x00000000c6500000, 0x00000000c6600000, 0x00000000c6600000|100%| O|  |TAMS 0x00000000c6600000, 0x00000000c6500000| Untracked 
| 102|0x00000000c6600000, 0x00000000c6700000, 0x00000000c6700000|100%| O|  |TAMS 0x00000000c6700000, 0x00000000c6600000| Untracked 
| 103|0x00000000c6700000, 0x00000000c6800000, 0x00000000c6800000|100%| O|  |TAMS 0x00000000c6800000, 0x00000000c6700000| Untracked 
| 104|0x00000000c6800000, 0x00000000c6900000, 0x00000000c6900000|100%| O|  |TAMS 0x00000000c6900000, 0x00000000c6800000| Untracked 
| 105|0x00000000c6900000, 0x00000000c6a00000, 0x00000000c6a00000|100%| O|  |TAMS 0x00000000c6a00000, 0x00000000c6900000| Untracked 
| 106|0x00000000c6a00000, 0x00000000c6b00000, 0x00000000c6b00000|100%| O|  |TAMS 0x00000000c6b00000, 0x00000000c6a00000| Untracked 
| 107|0x00000000c6b00000, 0x00000000c6c00000, 0x00000000c6c00000|100%| O|  |TAMS 0x00000000c6c00000, 0x00000000c6b00000| Untracked 
| 108|0x00000000c6c00000, 0x00000000c6d00000, 0x00000000c6d00000|100%| O|  |TAMS 0x00000000c6d00000, 0x00000000c6c00000| Untracked 
| 109|0x00000000c6d00000, 0x00000000c6e00000, 0x00000000c6e00000|100%| O|  |TAMS 0x00000000c6e00000, 0x00000000c6d00000| Untracked 
| 110|0x00000000c6e00000, 0x00000000c6f00000, 0x00000000c6f00000|100%| O|  |TAMS 0x00000000c6f00000, 0x00000000c6e00000| Untracked 
| 111|0x00000000c6f00000, 0x00000000c7000000, 0x00000000c7000000|100%| O|  |TAMS 0x00000000c7000000, 0x00000000c6f00000| Untracked 
| 112|0x00000000c7000000, 0x00000000c7100000, 0x00000000c7100000|100%| O|  |TAMS 0x00000000c7100000, 0x00000000c7000000| Untracked 
| 113|0x00000000c7100000, 0x00000000c7200000, 0x00000000c7200000|100%| O|  |TAMS 0x00000000c7200000, 0x00000000c7100000| Untracked 
| 114|0x00000000c7200000, 0x00000000c7300000, 0x00000000c7300000|100%| O|  |TAMS 0x00000000c7300000, 0x00000000c7200000| Untracked 
| 115|0x00000000c7300000, 0x00000000c7400000, 0x00000000c7400000|100%| O|  |TAMS 0x00000000c7400000, 0x00000000c7300000| Untracked 
| 116|0x00000000c7400000, 0x00000000c7500000, 0x00000000c7500000|100%| O|  |TAMS 0x00000000c7500000, 0x00000000c7400000| Untracked 
| 117|0x00000000c7500000, 0x00000000c7600000, 0x00000000c7600000|100%| O|  |TAMS 0x00000000c7600000, 0x00000000c7500000| Untracked 
| 118|0x00000000c7600000, 0x00000000c7700000, 0x00000000c7700000|100%| O|  |TAMS 0x00000000c7700000, 0x00000000c7600000| Untracked 
| 119|0x00000000c7700000, 0x00000000c7800000, 0x00000000c7800000|100%| O|  |TAMS 0x00000000c7800000, 0x00000000c7700000| Untracked 
| 120|0x00000000c7800000, 0x00000000c7900000, 0x00000000c7900000|100%| O|  |TAMS 0x00000000c7900000, 0x00000000c7800000| Untracked 
| 121|0x00000000c7900000, 0x00000000c7a00000, 0x00000000c7a00000|100%| O|  |TAMS 0x00000000c7a00000, 0x00000000c7900000| Untracked 
| 122|0x00000000c7a00000, 0x00000000c7b00000, 0x00000000c7b00000|100%| O|  |TAMS 0x00000000c7b00000, 0x00000000c7a00000| Untracked 
| 123|0x00000000c7b00000, 0x00000000c7c00000, 0x00000000c7c00000|100%| O|  |TAMS 0x00000000c7c00000, 0x00000000c7b00000| Untracked 
| 124|0x00000000c7c00000, 0x00000000c7d00000, 0x00000000c7d00000|100%| O|  |TAMS 0x00000000c7d00000, 0x00000000c7c00000| Untracked 
| 125|0x00000000c7d00000, 0x00000000c7e00000, 0x00000000c7e00000|100%| O|  |TAMS 0x00000000c7e00000, 0x00000000c7d00000| Untracked 
| 126|0x00000000c7e00000, 0x00000000c7f00000, 0x00000000c7f00000|100%| O|  |TAMS 0x00000000c7f00000, 0x00000000c7e00000| Untracked 
| 127|0x00000000c7f00000, 0x00000000c8000000, 0x00000000c8000000|100%| O|  |TAMS 0x00000000c8000000, 0x00000000c7f00000| Untracked 
| 128|0x00000000c8000000, 0x00000000c8100000, 0x00000000c8100000|100%| O|  |TAMS 0x00000000c8100000, 0x00000000c8000000| Untracked 
| 129|0x00000000c8100000, 0x00000000c8200000, 0x00000000c8200000|100%| O|  |TAMS 0x00000000c8200000, 0x00000000c8100000| Untracked 
| 130|0x00000000c8200000, 0x00000000c8300000, 0x00000000c8300000|100%| O|  |TAMS 0x00000000c8300000, 0x00000000c8200000| Untracked 
| 131|0x00000000c8300000, 0x00000000c8400000, 0x00000000c8400000|100%| O|  |TAMS 0x00000000c8300000, 0x00000000c8300000| Untracked 
| 132|0x00000000c8400000, 0x00000000c8500000, 0x00000000c8500000|100%| O|  |TAMS 0x00000000c8500000, 0x00000000c8400000| Untracked 
| 133|0x00000000c8500000, 0x00000000c8600000, 0x00000000c8600000|100%| O|  |TAMS 0x00000000c8600000, 0x00000000c8500000| Untracked 
| 134|0x00000000c8600000, 0x00000000c8700000, 0x00000000c8700000|100%| O|  |TAMS 0x00000000c8700000, 0x00000000c8600000| Untracked 
| 135|0x00000000c8700000, 0x00000000c8800000, 0x00000000c8800000|100%| O|  |TAMS 0x00000000c8800000, 0x00000000c8700000| Untracked 
| 136|0x00000000c8800000, 0x00000000c8900000, 0x00000000c8900000|100%| O|  |TAMS 0x00000000c8900000, 0x00000000c8800000| Untracked 
| 137|0x00000000c8900000, 0x00000000c8a00000, 0x00000000c8a00000|100%| O|  |TAMS 0x00000000c8a00000, 0x00000000c8900000| Untracked 
| 138|0x00000000c8a00000, 0x00000000c8b00000, 0x00000000c8b00000|100%| O|  |TAMS 0x00000000c8b00000, 0x00000000c8a00000| Untracked 
| 139|0x00000000c8b00000, 0x00000000c8c00000, 0x00000000c8c00000|100%| O|  |TAMS 0x00000000c8c00000, 0x00000000c8b00000| Untracked 
| 140|0x00000000c8c00000, 0x00000000c8d00000, 0x00000000c8d00000|100%| O|  |TAMS 0x00000000c8d00000, 0x00000000c8c00000| Untracked 
| 141|0x00000000c8d00000, 0x00000000c8e00000, 0x00000000c8e00000|100%| O|  |TAMS 0x00000000c8e00000, 0x00000000c8d00000| Untracked 
| 142|0x00000000c8e00000, 0x00000000c8f00000, 0x00000000c8f00000|100%| O|  |TAMS 0x00000000c8f00000, 0x00000000c8e00000| Untracked 
| 143|0x00000000c8f00000, 0x00000000c9000000, 0x00000000c9000000|100%| O|  |TAMS 0x00000000c9000000, 0x00000000c8f00000| Untracked 
| 144|0x00000000c9000000, 0x00000000c9100000, 0x00000000c9100000|100%| O|  |TAMS 0x00000000c9100000, 0x00000000c9000000| Untracked 
| 145|0x00000000c9100000, 0x00000000c9200000, 0x00000000c9200000|100%| O|  |TAMS 0x00000000c9100000, 0x00000000c9100000| Untracked 
| 146|0x00000000c9200000, 0x00000000c9300000, 0x00000000c9300000|100%| O|  |TAMS 0x00000000c9300000, 0x00000000c9200000| Untracked 
| 147|0x00000000c9300000, 0x00000000c9400000, 0x00000000c9400000|100%| O|  |TAMS 0x00000000c9400000, 0x00000000c9300000| Untracked 
| 148|0x00000000c9400000, 0x00000000c9500000, 0x00000000c9500000|100%| O|  |TAMS 0x00000000c9500000, 0x00000000c9400000| Untracked 
| 149|0x00000000c9500000, 0x00000000c9600000, 0x00000000c9600000|100%| O|  |TAMS 0x00000000c9600000, 0x00000000c9500000| Untracked 
| 150|0x00000000c9600000, 0x00000000c9700000, 0x00000000c9700000|100%| O|  |TAMS 0x00000000c9700000, 0x00000000c9600000| Untracked 
| 151|0x00000000c9700000, 0x00000000c9800000, 0x00000000c9800000|100%| O|  |TAMS 0x00000000c9800000, 0x00000000c9700000| Untracked 
| 152|0x00000000c9800000, 0x00000000c9900000, 0x00000000c9900000|100%| O|  |TAMS 0x00000000c9900000, 0x00000000c9800000| Untracked 
| 153|0x00000000c9900000, 0x00000000c9a00000, 0x00000000c9a00000|100%| O|  |TAMS 0x00000000c9a00000, 0x00000000c9900000| Untracked 
| 154|0x00000000c9a00000, 0x00000000c9b00000, 0x00000000c9b00000|100%| O|  |TAMS 0x00000000c9b00000, 0x00000000c9a00000| Untracked 
| 155|0x00000000c9b00000, 0x00000000c9c00000, 0x00000000c9c00000|100%| O|  |TAMS 0x00000000c9c00000, 0x00000000c9b00000| Untracked 
| 156|0x00000000c9c00000, 0x00000000c9d00000, 0x00000000c9d00000|100%| O|  |TAMS 0x00000000c9d00000, 0x00000000c9c00000| Untracked 
| 157|0x00000000c9d00000, 0x00000000c9e00000, 0x00000000c9e00000|100%| O|  |TAMS 0x00000000c9e00000, 0x00000000c9d00000| Untracked 
| 158|0x00000000c9e00000, 0x00000000c9f00000, 0x00000000c9f00000|100%| O|  |TAMS 0x00000000c9f00000, 0x00000000c9e00000| Untracked 
| 159|0x00000000c9f00000, 0x00000000ca000000, 0x00000000ca000000|100%| O|  |TAMS 0x00000000ca000000, 0x00000000c9f00000| Untracked 
| 160|0x00000000ca000000, 0x00000000ca100000, 0x00000000ca100000|100%| O|  |TAMS 0x00000000ca100000, 0x00000000ca000000| Untracked 
| 161|0x00000000ca100000, 0x00000000ca200000, 0x00000000ca200000|100%| O|  |TAMS 0x00000000ca200000, 0x00000000ca100000| Untracked 
| 162|0x00000000ca200000, 0x00000000ca300000, 0x00000000ca300000|100%| O|  |TAMS 0x00000000ca300000, 0x00000000ca200000| Untracked 
| 163|0x00000000ca300000, 0x00000000ca400000, 0x00000000ca400000|100%| O|  |TAMS 0x00000000ca400000, 0x00000000ca300000| Untracked 
| 164|0x00000000ca400000, 0x00000000ca500000, 0x00000000ca500000|100%| O|  |TAMS 0x00000000ca500000, 0x00000000ca400000| Untracked 
| 165|0x00000000ca500000, 0x00000000ca600000, 0x00000000ca600000|100%| O|  |TAMS 0x00000000ca600000, 0x00000000ca500000| Untracked 
| 166|0x00000000ca600000, 0x00000000ca700000, 0x00000000ca700000|100%| O|  |TAMS 0x00000000ca700000, 0x00000000ca600000| Untracked 
| 167|0x00000000ca700000, 0x00000000ca800000, 0x00000000ca800000|100%| O|  |TAMS 0x00000000ca800000, 0x00000000ca700000| Untracked 
| 168|0x00000000ca800000, 0x00000000ca900000, 0x00000000ca900000|100%| O|  |TAMS 0x00000000ca900000, 0x00000000ca800000| Untracked 
| 169|0x00000000ca900000, 0x00000000caa00000, 0x00000000caa00000|100%| O|  |TAMS 0x00000000caa00000, 0x00000000ca900000| Untracked 
| 170|0x00000000caa00000, 0x00000000cab00000, 0x00000000cab00000|100%| O|  |TAMS 0x00000000caa00000, 0x00000000caa00000| Untracked 
| 171|0x00000000cab00000, 0x00000000cac00000, 0x00000000cac00000|100%| O|  |TAMS 0x00000000cab00000, 0x00000000cab00000| Untracked 
| 172|0x00000000cac00000, 0x00000000cad00000, 0x00000000cad00000|100%| O|  |TAMS 0x00000000cac00000, 0x00000000cac00000| Untracked 
| 173|0x00000000cad00000, 0x00000000cae00000, 0x00000000cae00000|100%| O|  |TAMS 0x00000000cad00000, 0x00000000cad00000| Untracked 
| 174|0x00000000cae00000, 0x00000000caf00000, 0x00000000caf00000|100%| O|  |TAMS 0x00000000cae00000, 0x00000000cae00000| Untracked 
| 175|0x00000000caf00000, 0x00000000cb000000, 0x00000000cb000000|100%| O|  |TAMS 0x00000000caf00000, 0x00000000caf00000| Untracked 
| 176|0x00000000cb000000, 0x00000000cb100000, 0x00000000cb100000|100%| O|  |TAMS 0x00000000cb000000, 0x00000000cb000000| Untracked 
| 177|0x00000000cb100000, 0x00000000cb200000, 0x00000000cb200000|100%| O|  |TAMS 0x00000000cb100000, 0x00000000cb100000| Untracked 
| 178|0x00000000cb200000, 0x00000000cb300000, 0x00000000cb300000|100%| O|  |TAMS 0x00000000cb200000, 0x00000000cb200000| Untracked 
| 179|0x00000000cb300000, 0x00000000cb400000, 0x00000000cb400000|100%| O|  |TAMS 0x00000000cb300000, 0x00000000cb300000| Untracked 
| 180|0x00000000cb400000, 0x00000000cb500000, 0x00000000cb500000|100%| O|  |TAMS 0x00000000cb400000, 0x00000000cb400000| Untracked 
| 181|0x00000000cb500000, 0x00000000cb600000, 0x00000000cb600000|100%| O|  |TAMS 0x00000000cb500000, 0x00000000cb500000| Untracked 
| 182|0x00000000cb600000, 0x00000000cb700000, 0x00000000cb700000|100%| O|  |TAMS 0x00000000cb600000, 0x00000000cb600000| Untracked 
| 183|0x00000000cb700000, 0x00000000cb800000, 0x00000000cb800000|100%| O|  |TAMS 0x00000000cb700000, 0x00000000cb700000| Untracked 
| 184|0x00000000cb800000, 0x00000000cb900000, 0x00000000cb900000|100%| O|  |TAMS 0x00000000cb800000, 0x00000000cb800000| Untracked 
| 185|0x00000000cb900000, 0x00000000cba00000, 0x00000000cba00000|100%| O|  |TAMS 0x00000000cb900000, 0x00000000cb900000| Untracked 
| 186|0x00000000cba00000, 0x00000000cbb00000, 0x00000000cbb00000|100%| O|  |TAMS 0x00000000cba00000, 0x00000000cba00000| Untracked 
| 187|0x00000000cbb00000, 0x00000000cbc00000, 0x00000000cbc00000|100%| O|  |TAMS 0x00000000cbb00000, 0x00000000cbb00000| Untracked 
| 188|0x00000000cbc00000, 0x00000000cbd00000, 0x00000000cbd00000|100%| O|  |TAMS 0x00000000cbc00000, 0x00000000cbc00000| Untracked 
| 189|0x00000000cbd00000, 0x00000000cbe00000, 0x00000000cbe00000|100%| O|  |TAMS 0x00000000cbd00000, 0x00000000cbd00000| Untracked 
| 190|0x00000000cbe00000, 0x00000000cbf00000, 0x00000000cbf00000|100%| O|  |TAMS 0x00000000cbe00000, 0x00000000cbe00000| Untracked 
| 191|0x00000000cbf00000, 0x00000000cc000000, 0x00000000cc000000|100%| O|  |TAMS 0x00000000cbf00000, 0x00000000cbf00000| Untracked 
| 192|0x00000000cc000000, 0x00000000cc100000, 0x00000000cc100000|100%| O|  |TAMS 0x00000000cc000000, 0x00000000cc000000| Untracked 
| 193|0x00000000cc100000, 0x00000000cc200000, 0x00000000cc200000|100%| O|  |TAMS 0x00000000cc100000, 0x00000000cc100000| Untracked 
| 194|0x00000000cc200000, 0x00000000cc300000, 0x00000000cc300000|100%| O|  |TAMS 0x00000000cc200000, 0x00000000cc200000| Untracked 
| 195|0x00000000cc300000, 0x00000000cc400000, 0x00000000cc400000|100%| O|  |TAMS 0x00000000cc300000, 0x00000000cc300000| Untracked 
| 196|0x00000000cc400000, 0x00000000cc500000, 0x00000000cc500000|100%| O|  |TAMS 0x00000000cc400000, 0x00000000cc400000| Untracked 
| 197|0x00000000cc500000, 0x00000000cc600000, 0x00000000cc600000|100%| O|  |TAMS 0x00000000cc500000, 0x00000000cc500000| Untracked 
| 198|0x00000000cc600000, 0x00000000cc700000, 0x00000000cc700000|100%| O|  |TAMS 0x00000000cc600000, 0x00000000cc600000| Untracked 
| 199|0x00000000cc700000, 0x00000000cc800000, 0x00000000cc800000|100%| O|  |TAMS 0x00000000cc700000, 0x00000000cc700000| Untracked 
| 200|0x00000000cc800000, 0x00000000cc900000, 0x00000000cc900000|100%| O|  |TAMS 0x00000000cc800000, 0x00000000cc800000| Untracked 
| 201|0x00000000cc900000, 0x00000000cca00000, 0x00000000cca00000|100%| O|  |TAMS 0x00000000cc900000, 0x00000000cc900000| Untracked 
| 202|0x00000000cca00000, 0x00000000ccb00000, 0x00000000ccb00000|100%| O|  |TAMS 0x00000000cca00000, 0x00000000cca00000| Untracked 
| 203|0x00000000ccb00000, 0x00000000ccc00000, 0x00000000ccc00000|100%| O|  |TAMS 0x00000000ccb00000, 0x00000000ccb00000| Untracked 
| 204|0x00000000ccc00000, 0x00000000ccd00000, 0x00000000ccd00000|100%| O|  |TAMS 0x00000000ccc00000, 0x00000000ccc00000| Untracked 
| 205|0x00000000ccd00000, 0x00000000cce00000, 0x00000000cce00000|100%| O|  |TAMS 0x00000000ccd00000, 0x00000000ccd00000| Untracked 
| 206|0x00000000cce00000, 0x00000000ccf00000, 0x00000000ccf00000|100%| O|  |TAMS 0x00000000cce00000, 0x00000000cce00000| Untracked 
| 207|0x00000000ccf00000, 0x00000000cd000000, 0x00000000cd000000|100%| O|  |TAMS 0x00000000ccf00000, 0x00000000ccf00000| Untracked 
| 208|0x00000000cd000000, 0x00000000cd100000, 0x00000000cd100000|100%| O|  |TAMS 0x00000000cd000000, 0x00000000cd000000| Untracked 
| 209|0x00000000cd100000, 0x00000000cd200000, 0x00000000cd200000|100%| O|  |TAMS 0x00000000cd100000, 0x00000000cd100000| Untracked 
| 210|0x00000000cd200000, 0x00000000cd300000, 0x00000000cd300000|100%| O|  |TAMS 0x00000000cd200000, 0x00000000cd200000| Untracked 
| 211|0x00000000cd300000, 0x00000000cd400000, 0x00000000cd400000|100%| O|  |TAMS 0x00000000cd300000, 0x00000000cd300000| Untracked 
| 212|0x00000000cd400000, 0x00000000cd500000, 0x00000000cd500000|100%| O|  |TAMS 0x00000000cd400000, 0x00000000cd400000| Untracked 
| 213|0x00000000cd500000, 0x00000000cd600000, 0x00000000cd600000|100%| O|  |TAMS 0x00000000cd500000, 0x00000000cd500000| Untracked 
| 214|0x00000000cd600000, 0x00000000cd700000, 0x00000000cd700000|100%| O|  |TAMS 0x00000000cd600000, 0x00000000cd600000| Untracked 
| 215|0x00000000cd700000, 0x00000000cd800000, 0x00000000cd800000|100%| O|  |TAMS 0x00000000cd700000, 0x00000000cd700000| Untracked 
| 216|0x00000000cd800000, 0x00000000cd900000, 0x00000000cd900000|100%| O|  |TAMS 0x00000000cd800000, 0x00000000cd800000| Untracked 
| 217|0x00000000cd900000, 0x00000000cda00000, 0x00000000cda00000|100%| O|  |TAMS 0x00000000cd900000, 0x00000000cd900000| Untracked 
| 218|0x00000000cda00000, 0x00000000cdb00000, 0x00000000cdb00000|100%| O|  |TAMS 0x00000000cda00000, 0x00000000cda00000| Untracked 
| 219|0x00000000cdb00000, 0x00000000cdc00000, 0x00000000cdc00000|100%| O|  |TAMS 0x00000000cdb00000, 0x00000000cdb00000| Untracked 
| 220|0x00000000cdc00000, 0x00000000cdd00000, 0x00000000cdd00000|100%| O|  |TAMS 0x00000000cdc00000, 0x00000000cdc00000| Untracked 
| 221|0x00000000cdd00000, 0x00000000cde00000, 0x00000000cde00000|100%| O|  |TAMS 0x00000000cdd00000, 0x00000000cdd00000| Untracked 
| 222|0x00000000cde00000, 0x00000000cdf00000, 0x00000000cdf00000|100%| O|  |TAMS 0x00000000cde00000, 0x00000000cde00000| Untracked 
| 223|0x00000000cdf00000, 0x00000000ce000000, 0x00000000ce000000|100%| O|  |TAMS 0x00000000cdf00000, 0x00000000cdf00000| Untracked 
| 224|0x00000000ce000000, 0x00000000ce100000, 0x00000000ce100000|100%| O|  |TAMS 0x00000000ce000000, 0x00000000ce000000| Untracked 
| 225|0x00000000ce100000, 0x00000000ce200000, 0x00000000ce200000|100%| O|  |TAMS 0x00000000ce100000, 0x00000000ce100000| Untracked 
| 226|0x00000000ce200000, 0x00000000ce300000, 0x00000000ce300000|100%| O|  |TAMS 0x00000000ce200000, 0x00000000ce200000| Untracked 
| 227|0x00000000ce300000, 0x00000000ce400000, 0x00000000ce400000|100%| O|  |TAMS 0x00000000ce300000, 0x00000000ce300000| Untracked 
| 228|0x00000000ce400000, 0x00000000ce500000, 0x00000000ce500000|100%| O|  |TAMS 0x00000000ce400000, 0x00000000ce400000| Untracked 
| 229|0x00000000ce500000, 0x00000000ce600000, 0x00000000ce600000|100%| O|  |TAMS 0x00000000ce500000, 0x00000000ce500000| Untracked 
| 230|0x00000000ce600000, 0x00000000ce700000, 0x00000000ce700000|100%| O|  |TAMS 0x00000000ce600000, 0x00000000ce600000| Untracked 
| 231|0x00000000ce700000, 0x00000000ce800000, 0x00000000ce800000|100%| O|  |TAMS 0x00000000ce700000, 0x00000000ce700000| Untracked 
| 232|0x00000000ce800000, 0x00000000ce900000, 0x00000000ce900000|100%| O|  |TAMS 0x00000000ce800000, 0x00000000ce800000| Untracked 
| 233|0x00000000ce900000, 0x00000000cea00000, 0x00000000cea00000|100%| O|  |TAMS 0x00000000ce900000, 0x00000000ce900000| Untracked 
| 234|0x00000000cea00000, 0x00000000ceb00000, 0x00000000ceb00000|100%| O|  |TAMS 0x00000000cea00000, 0x00000000cea00000| Untracked 
| 235|0x00000000ceb00000, 0x00000000cec00000, 0x00000000cec00000|100%| O|  |TAMS 0x00000000ceb00000, 0x00000000ceb00000| Untracked 
| 236|0x00000000cec00000, 0x00000000ced00000, 0x00000000ced00000|100%| O|  |TAMS 0x00000000cec00000, 0x00000000cec00000| Untracked 
| 237|0x00000000ced00000, 0x00000000cee00000, 0x00000000cee00000|100%| O|  |TAMS 0x00000000ced00000, 0x00000000ced00000| Untracked 
| 238|0x00000000cee00000, 0x00000000cef00000, 0x00000000cef00000|100%| O|  |TAMS 0x00000000cee00000, 0x00000000cee00000| Untracked 
| 239|0x00000000cef00000, 0x00000000cf000000, 0x00000000cf000000|100%| O|  |TAMS 0x00000000cef00000, 0x00000000cef00000| Untracked 
| 240|0x00000000cf000000, 0x00000000cf100000, 0x00000000cf100000|100%| O|  |TAMS 0x00000000cf000000, 0x00000000cf000000| Untracked 
| 241|0x00000000cf100000, 0x00000000cf200000, 0x00000000cf200000|100%| O|  |TAMS 0x00000000cf100000, 0x00000000cf100000| Untracked 
| 242|0x00000000cf200000, 0x00000000cf300000, 0x00000000cf300000|100%| O|  |TAMS 0x00000000cf200000, 0x00000000cf200000| Untracked 
| 243|0x00000000cf300000, 0x00000000cf400000, 0x00000000cf400000|100%| O|  |TAMS 0x00000000cf300000, 0x00000000cf300000| Untracked 
| 244|0x00000000cf400000, 0x00000000cf500000, 0x00000000cf500000|100%| O|  |TAMS 0x00000000cf400000, 0x00000000cf400000| Untracked 
| 245|0x00000000cf500000, 0x00000000cf600000, 0x00000000cf600000|100%| O|  |TAMS 0x00000000cf500000, 0x00000000cf500000| Untracked 
| 246|0x00000000cf600000, 0x00000000cf700000, 0x00000000cf700000|100%| O|  |TAMS 0x00000000cf600000, 0x00000000cf600000| Untracked 
| 247|0x00000000cf700000, 0x00000000cf800000, 0x00000000cf800000|100%| O|  |TAMS 0x00000000cf700000, 0x00000000cf700000| Untracked 
| 248|0x00000000cf800000, 0x00000000cf900000, 0x00000000cf900000|100%| O|  |TAMS 0x00000000cf800000, 0x00000000cf800000| Untracked 
| 249|0x00000000cf900000, 0x00000000cfa00000, 0x00000000cfa00000|100%| O|  |TAMS 0x00000000cf900000, 0x00000000cf900000| Untracked 
| 250|0x00000000cfa00000, 0x00000000cfb00000, 0x00000000cfb00000|100%| O|  |TAMS 0x00000000cfa00000, 0x00000000cfa00000| Untracked 
| 251|0x00000000cfb00000, 0x00000000cfc00000, 0x00000000cfc00000|100%| O|  |TAMS 0x00000000cfb00000, 0x00000000cfb00000| Untracked 
| 252|0x00000000cfc00000, 0x00000000cfd00000, 0x00000000cfd00000|100%| O|  |TAMS 0x00000000cfc00000, 0x00000000cfc00000| Untracked 
| 253|0x00000000cfd00000, 0x00000000cfe00000, 0x00000000cfe00000|100%| O|  |TAMS 0x00000000cfd00000, 0x00000000cfd00000| Untracked 
| 254|0x00000000cfe00000, 0x00000000cff00000, 0x00000000cff00000|100%| O|  |TAMS 0x00000000cfe00000, 0x00000000cfe00000| Untracked 
| 255|0x00000000cff00000, 0x00000000d0000000, 0x00000000d0000000|100%| O|  |TAMS 0x00000000cff00000, 0x00000000cff00000| Untracked 
| 256|0x00000000d0000000, 0x00000000d0100000, 0x00000000d0100000|100%| O|  |TAMS 0x00000000d0000000, 0x00000000d0000000| Untracked 
| 257|0x00000000d0100000, 0x00000000d0200000, 0x00000000d0200000|100%| O|  |TAMS 0x00000000d0100000, 0x00000000d0100000| Untracked 
| 258|0x00000000d0200000, 0x00000000d0300000, 0x00000000d0300000|100%| O|  |TAMS 0x00000000d0200000, 0x00000000d0200000| Untracked 
| 259|0x00000000d0300000, 0x00000000d0400000, 0x00000000d0400000|100%| O|  |TAMS 0x00000000d0300000, 0x00000000d0300000| Untracked 
| 260|0x00000000d0400000, 0x00000000d0500000, 0x00000000d0500000|100%| O|  |TAMS 0x00000000d0400000, 0x00000000d0400000| Untracked 
| 261|0x00000000d0500000, 0x00000000d0600000, 0x00000000d0600000|100%| O|  |TAMS 0x00000000d0500000, 0x00000000d0500000| Untracked 
| 262|0x00000000d0600000, 0x00000000d0700000, 0x00000000d0700000|100%| O|  |TAMS 0x00000000d0600000, 0x00000000d0600000| Untracked 
| 263|0x00000000d0700000, 0x00000000d0800000, 0x00000000d0800000|100%| O|  |TAMS 0x00000000d0700000, 0x00000000d0700000| Untracked 
| 264|0x00000000d0800000, 0x00000000d0900000, 0x00000000d0900000|100%| O|  |TAMS 0x00000000d0800000, 0x00000000d0800000| Untracked 
| 265|0x00000000d0900000, 0x00000000d0a00000, 0x00000000d0a00000|100%| O|  |TAMS 0x00000000d0900000, 0x00000000d0900000| Untracked 
| 266|0x00000000d0a00000, 0x00000000d0b00000, 0x00000000d0b00000|100%| O|  |TAMS 0x00000000d0a00000, 0x00000000d0a00000| Untracked 
| 267|0x00000000d0b00000, 0x00000000d0c00000, 0x00000000d0c00000|100%| O|  |TAMS 0x00000000d0b00000, 0x00000000d0b00000| Untracked 
| 268|0x00000000d0c00000, 0x00000000d0d00000, 0x00000000d0d00000|100%| O|  |TAMS 0x00000000d0c00000, 0x00000000d0c00000| Untracked 
| 269|0x00000000d0d00000, 0x00000000d0e00000, 0x00000000d0e00000|100%| O|  |TAMS 0x00000000d0d00000, 0x00000000d0d00000| Untracked 
| 270|0x00000000d0e00000, 0x00000000d0f00000, 0x00000000d0f00000|100%| O|  |TAMS 0x00000000d0e00000, 0x00000000d0e00000| Untracked 
| 271|0x00000000d0f00000, 0x00000000d1000000, 0x00000000d1000000|100%| O|  |TAMS 0x00000000d0f00000, 0x00000000d0f00000| Untracked 
| 272|0x00000000d1000000, 0x00000000d1100000, 0x00000000d1100000|100%| O|  |TAMS 0x00000000d1000000, 0x00000000d1000000| Untracked 
| 273|0x00000000d1100000, 0x00000000d1200000, 0x00000000d1200000|100%| O|  |TAMS 0x00000000d1100000, 0x00000000d1100000| Untracked 
| 274|0x00000000d1200000, 0x00000000d1300000, 0x00000000d1300000|100%| O|  |TAMS 0x00000000d1200000, 0x00000000d1200000| Untracked 
| 275|0x00000000d1300000, 0x00000000d1400000, 0x00000000d1400000|100%| O|  |TAMS 0x00000000d1300000, 0x00000000d1300000| Untracked 
| 276|0x00000000d1400000, 0x00000000d1500000, 0x00000000d1500000|100%| O|  |TAMS 0x00000000d1400000, 0x00000000d1400000| Untracked 
| 277|0x00000000d1500000, 0x00000000d1600000, 0x00000000d1600000|100%| O|  |TAMS 0x00000000d1500000, 0x00000000d1500000| Untracked 
| 278|0x00000000d1600000, 0x00000000d1700000, 0x00000000d1700000|100%| O|  |TAMS 0x00000000d1600000, 0x00000000d1600000| Untracked 
| 279|0x00000000d1700000, 0x00000000d1800000, 0x00000000d1800000|100%| O|  |TAMS 0x00000000d1700000, 0x00000000d1700000| Untracked 
| 280|0x00000000d1800000, 0x00000000d1900000, 0x00000000d1900000|100%| O|  |TAMS 0x00000000d1800000, 0x00000000d1800000| Untracked 
| 281|0x00000000d1900000, 0x00000000d1a00000, 0x00000000d1a00000|100%| O|  |TAMS 0x00000000d1900000, 0x00000000d1900000| Untracked 
| 282|0x00000000d1a00000, 0x00000000d1b00000, 0x00000000d1b00000|100%| O|  |TAMS 0x00000000d1a00000, 0x00000000d1a00000| Untracked 
| 283|0x00000000d1b00000, 0x00000000d1c00000, 0x00000000d1c00000|100%| O|  |TAMS 0x00000000d1b00000, 0x00000000d1b00000| Untracked 
| 284|0x00000000d1c00000, 0x00000000d1d00000, 0x00000000d1d00000|100%| O|  |TAMS 0x00000000d1c00000, 0x00000000d1c00000| Untracked 
| 285|0x00000000d1d00000, 0x00000000d1e00000, 0x00000000d1e00000|100%| O|  |TAMS 0x00000000d1d00000, 0x00000000d1d00000| Untracked 
| 286|0x00000000d1e00000, 0x00000000d1f00000, 0x00000000d1f00000|100%| O|  |TAMS 0x00000000d1e00000, 0x00000000d1e00000| Untracked 
| 287|0x00000000d1f00000, 0x00000000d2000000, 0x00000000d2000000|100%| O|  |TAMS 0x00000000d1f00000, 0x00000000d1f00000| Untracked 
| 288|0x00000000d2000000, 0x00000000d2100000, 0x00000000d2100000|100%| O|  |TAMS 0x00000000d2000000, 0x00000000d2000000| Untracked 
| 289|0x00000000d2100000, 0x00000000d2200000, 0x00000000d2200000|100%| O|  |TAMS 0x00000000d2100000, 0x00000000d2100000| Untracked 
| 290|0x00000000d2200000, 0x00000000d2300000, 0x00000000d2300000|100%| O|  |TAMS 0x00000000d2200000, 0x00000000d2200000| Untracked 
| 291|0x00000000d2300000, 0x00000000d2400000, 0x00000000d2400000|100%| O|  |TAMS 0x00000000d2300000, 0x00000000d2300000| Untracked 
| 292|0x00000000d2400000, 0x00000000d2500000, 0x00000000d2500000|100%| O|  |TAMS 0x00000000d2400000, 0x00000000d2400000| Untracked 
| 293|0x00000000d2500000, 0x00000000d2600000, 0x00000000d2600000|100%| O|  |TAMS 0x00000000d2500000, 0x00000000d2500000| Untracked 
| 294|0x00000000d2600000, 0x00000000d2700000, 0x00000000d2700000|100%| O|  |TAMS 0x00000000d2600000, 0x00000000d2600000| Untracked 
| 295|0x00000000d2700000, 0x00000000d2800000, 0x00000000d2800000|100%| O|  |TAMS 0x00000000d2700000, 0x00000000d2700000| Untracked 
| 296|0x00000000d2800000, 0x00000000d2900000, 0x00000000d2900000|100%| O|  |TAMS 0x00000000d2800000, 0x00000000d2800000| Untracked 
| 297|0x00000000d2900000, 0x00000000d2a00000, 0x00000000d2a00000|100%| O|  |TAMS 0x00000000d2900000, 0x00000000d2900000| Untracked 
| 298|0x00000000d2a00000, 0x00000000d2b00000, 0x00000000d2b00000|100%| O|  |TAMS 0x00000000d2a00000, 0x00000000d2a00000| Untracked 
| 299|0x00000000d2b00000, 0x00000000d2c00000, 0x00000000d2c00000|100%| O|  |TAMS 0x00000000d2b00000, 0x00000000d2b00000| Untracked 
| 300|0x00000000d2c00000, 0x00000000d2d00000, 0x00000000d2d00000|100%| O|  |TAMS 0x00000000d2c00000, 0x00000000d2c00000| Untracked 
| 301|0x00000000d2d00000, 0x00000000d2e00000, 0x00000000d2e00000|100%| O|  |TAMS 0x00000000d2d00000, 0x00000000d2d00000| Untracked 
| 302|0x00000000d2e00000, 0x00000000d2f00000, 0x00000000d2f00000|100%| O|  |TAMS 0x00000000d2e00000, 0x00000000d2e00000| Untracked 
| 303|0x00000000d2f00000, 0x00000000d3000000, 0x00000000d3000000|100%| O|  |TAMS 0x00000000d2f00000, 0x00000000d2f00000| Untracked 
| 304|0x00000000d3000000, 0x00000000d3100000, 0x00000000d3100000|100%| O|  |TAMS 0x00000000d3000000, 0x00000000d3000000| Untracked 
| 305|0x00000000d3100000, 0x00000000d3200000, 0x00000000d3200000|100%| O|  |TAMS 0x00000000d3100000, 0x00000000d3100000| Untracked 
| 306|0x00000000d3200000, 0x00000000d3300000, 0x00000000d3300000|100%| O|  |TAMS 0x00000000d3200000, 0x00000000d3200000| Untracked 
| 307|0x00000000d3300000, 0x00000000d3400000, 0x00000000d3400000|100%| O|  |TAMS 0x00000000d3300000, 0x00000000d3300000| Untracked 
| 308|0x00000000d3400000, 0x00000000d3500000, 0x00000000d3500000|100%| O|  |TAMS 0x00000000d3400000, 0x00000000d3400000| Untracked 
| 309|0x00000000d3500000, 0x00000000d3600000, 0x00000000d3600000|100%| O|  |TAMS 0x00000000d3500000, 0x00000000d3500000| Untracked 
| 310|0x00000000d3600000, 0x00000000d3700000, 0x00000000d3700000|100%| O|  |TAMS 0x00000000d3600000, 0x00000000d3600000| Untracked 
| 311|0x00000000d3700000, 0x00000000d3800000, 0x00000000d3800000|100%| O|  |TAMS 0x00000000d3700000, 0x00000000d3700000| Untracked 
| 312|0x00000000d3800000, 0x00000000d3900000, 0x00000000d3900000|100%| O|  |TAMS 0x00000000d3800000, 0x00000000d3800000| Untracked 
| 313|0x00000000d3900000, 0x00000000d3a00000, 0x00000000d3a00000|100%| O|  |TAMS 0x00000000d3900000, 0x00000000d3900000| Untracked 
| 314|0x00000000d3a00000, 0x00000000d3b00000, 0x00000000d3b00000|100%| O|  |TAMS 0x00000000d3a00000, 0x00000000d3a00000| Untracked 
| 315|0x00000000d3b00000, 0x00000000d3c00000, 0x00000000d3c00000|100%| O|  |TAMS 0x00000000d3b00000, 0x00000000d3b00000| Untracked 
| 316|0x00000000d3c00000, 0x00000000d3d00000, 0x00000000d3d00000|100%| O|  |TAMS 0x00000000d3c00000, 0x00000000d3c00000| Untracked 
| 317|0x00000000d3d00000, 0x00000000d3e00000, 0x00000000d3e00000|100%| O|  |TAMS 0x00000000d3d00000, 0x00000000d3d00000| Untracked 
| 318|0x00000000d3e00000, 0x00000000d3f00000, 0x00000000d3f00000|100%| O|  |TAMS 0x00000000d3e00000, 0x00000000d3e00000| Untracked 
| 319|0x00000000d3f00000, 0x00000000d4000000, 0x00000000d4000000|100%| O|  |TAMS 0x00000000d3f00000, 0x00000000d3f00000| Untracked 
| 320|0x00000000d4000000, 0x00000000d4100000, 0x00000000d4100000|100%| O|  |TAMS 0x00000000d4000000, 0x00000000d4000000| Untracked 
| 321|0x00000000d4100000, 0x00000000d4100000, 0x00000000d4200000|  0%| F|  |TAMS 0x00000000d4100000, 0x00000000d4100000| Untracked 
| 322|0x00000000d4200000, 0x00000000d4200000, 0x00000000d4300000|  0%| F|  |TAMS 0x00000000d4200000, 0x00000000d4200000| Untracked 
| 323|0x00000000d4300000, 0x00000000d4300000, 0x00000000d4400000|  0%| F|  |TAMS 0x00000000d4300000, 0x00000000d4300000| Untracked 
| 324|0x00000000d4400000, 0x00000000d4400000, 0x00000000d4500000|  0%| F|  |TAMS 0x00000000d4400000, 0x00000000d4400000| Untracked 
| 325|0x00000000d4500000, 0x00000000d4500000, 0x00000000d4600000|  0%| F|  |TAMS 0x00000000d4500000, 0x00000000d4500000| Untracked 
| 326|0x00000000d4600000, 0x00000000d4600000, 0x00000000d4700000|  0%| F|  |TAMS 0x00000000d4600000, 0x00000000d4600000| Untracked 
| 327|0x00000000d4700000, 0x00000000d4700000, 0x00000000d4800000|  0%| F|  |TAMS 0x00000000d4700000, 0x00000000d4700000| Untracked 
| 328|0x00000000d4800000, 0x00000000d4800000, 0x00000000d4900000|  0%| F|  |TAMS 0x00000000d4800000, 0x00000000d4800000| Untracked 
| 329|0x00000000d4900000, 0x00000000d4900000, 0x00000000d4a00000|  0%| F|  |TAMS 0x00000000d4900000, 0x00000000d4900000| Untracked 
| 330|0x00000000d4a00000, 0x00000000d4a00000, 0x00000000d4b00000|  0%| F|  |TAMS 0x00000000d4a00000, 0x00000000d4a00000| Untracked 
| 331|0x00000000d4b00000, 0x00000000d4b00000, 0x00000000d4c00000|  0%| F|  |TAMS 0x00000000d4b00000, 0x00000000d4b00000| Untracked 
| 332|0x00000000d4c00000, 0x00000000d4c00000, 0x00000000d4d00000|  0%| F|  |TAMS 0x00000000d4c00000, 0x00000000d4c00000| Untracked 
| 333|0x00000000d4d00000, 0x00000000d4d00000, 0x00000000d4e00000|  0%| F|  |TAMS 0x00000000d4d00000, 0x00000000d4d00000| Untracked 
| 334|0x00000000d4e00000, 0x00000000d4e00000, 0x00000000d4f00000|  0%| F|  |TAMS 0x00000000d4e00000, 0x00000000d4e00000| Untracked 
| 335|0x00000000d4f00000, 0x00000000d4f00000, 0x00000000d5000000|  0%| F|  |TAMS 0x00000000d4f00000, 0x00000000d4f00000| Untracked 
| 336|0x00000000d5000000, 0x00000000d5000000, 0x00000000d5100000|  0%| F|  |TAMS 0x00000000d5000000, 0x00000000d5000000| Untracked 
| 337|0x00000000d5100000, 0x00000000d5100000, 0x00000000d5200000|  0%| F|  |TAMS 0x00000000d5100000, 0x00000000d5100000| Untracked 
| 338|0x00000000d5200000, 0x00000000d5200000, 0x00000000d5300000|  0%| F|  |TAMS 0x00000000d5200000, 0x00000000d5200000| Untracked 
| 339|0x00000000d5300000, 0x00000000d5300000, 0x00000000d5400000|  0%| F|  |TAMS 0x00000000d5300000, 0x00000000d5300000| Untracked 
| 340|0x00000000d5400000, 0x00000000d5400000, 0x00000000d5500000|  0%| F|  |TAMS 0x00000000d5400000, 0x00000000d5400000| Untracked 
| 341|0x00000000d5500000, 0x00000000d5500000, 0x00000000d5600000|  0%| F|  |TAMS 0x00000000d5500000, 0x00000000d5500000| Untracked 
| 342|0x00000000d5600000, 0x00000000d5600000, 0x00000000d5700000|  0%| F|  |TAMS 0x00000000d5600000, 0x00000000d5600000| Untracked 
| 343|0x00000000d5700000, 0x00000000d5700000, 0x00000000d5800000|  0%| F|  |TAMS 0x00000000d5700000, 0x00000000d5700000| Untracked 
| 344|0x00000000d5800000, 0x00000000d5800000, 0x00000000d5900000|  0%| F|  |TAMS 0x00000000d5800000, 0x00000000d5800000| Untracked 
| 345|0x00000000d5900000, 0x00000000d5900000, 0x00000000d5a00000|  0%| F|  |TAMS 0x00000000d5900000, 0x00000000d5900000| Untracked 
| 346|0x00000000d5a00000, 0x00000000d5a00000, 0x00000000d5b00000|  0%| F|  |TAMS 0x00000000d5a00000, 0x00000000d5a00000| Untracked 
| 347|0x00000000d5b00000, 0x00000000d5b00000, 0x00000000d5c00000|  0%| F|  |TAMS 0x00000000d5b00000, 0x00000000d5b00000| Untracked 
| 348|0x00000000d5c00000, 0x00000000d5c00000, 0x00000000d5d00000|  0%| F|  |TAMS 0x00000000d5c00000, 0x00000000d5c00000| Untracked 
| 349|0x00000000d5d00000, 0x00000000d5d00000, 0x00000000d5e00000|  0%| F|  |TAMS 0x00000000d5d00000, 0x00000000d5d00000| Untracked 
| 350|0x00000000d5e00000, 0x00000000d5e00000, 0x00000000d5f00000|  0%| F|  |TAMS 0x00000000d5e00000, 0x00000000d5e00000| Untracked 
| 351|0x00000000d5f00000, 0x00000000d5f00000, 0x00000000d6000000|  0%| F|  |TAMS 0x00000000d5f00000, 0x00000000d5f00000| Untracked 
| 352|0x00000000d6000000, 0x00000000d6000000, 0x00000000d6100000|  0%| F|  |TAMS 0x00000000d6000000, 0x00000000d6000000| Untracked 
| 353|0x00000000d6100000, 0x00000000d6100000, 0x00000000d6200000|  0%| F|  |TAMS 0x00000000d6100000, 0x00000000d6100000| Untracked 
| 354|0x00000000d6200000, 0x00000000d6200000, 0x00000000d6300000|  0%| F|  |TAMS 0x00000000d6200000, 0x00000000d6200000| Untracked 
| 355|0x00000000d6300000, 0x00000000d6300000, 0x00000000d6400000|  0%| F|  |TAMS 0x00000000d6300000, 0x00000000d6300000| Untracked 
| 356|0x00000000d6400000, 0x00000000d6400000, 0x00000000d6500000|  0%| F|  |TAMS 0x00000000d6400000, 0x00000000d6400000| Untracked 
| 357|0x00000000d6500000, 0x00000000d6500000, 0x00000000d6600000|  0%| F|  |TAMS 0x00000000d6500000, 0x00000000d6500000| Untracked 
| 358|0x00000000d6600000, 0x00000000d6600000, 0x00000000d6700000|  0%| F|  |TAMS 0x00000000d6600000, 0x00000000d6600000| Untracked 
| 359|0x00000000d6700000, 0x00000000d6700000, 0x00000000d6800000|  0%| F|  |TAMS 0x00000000d6700000, 0x00000000d6700000| Untracked 
| 360|0x00000000d6800000, 0x00000000d6800000, 0x00000000d6900000|  0%| F|  |TAMS 0x00000000d6800000, 0x00000000d6800000| Untracked 
| 361|0x00000000d6900000, 0x00000000d6900000, 0x00000000d6a00000|  0%| F|  |TAMS 0x00000000d6900000, 0x00000000d6900000| Untracked 
| 362|0x00000000d6a00000, 0x00000000d6a00000, 0x00000000d6b00000|  0%| F|  |TAMS 0x00000000d6a00000, 0x00000000d6a00000| Untracked 
| 363|0x00000000d6b00000, 0x00000000d6b00000, 0x00000000d6c00000|  0%| F|  |TAMS 0x00000000d6b00000, 0x00000000d6b00000| Untracked 
| 364|0x00000000d6c00000, 0x00000000d6c00000, 0x00000000d6d00000|  0%| F|  |TAMS 0x00000000d6c00000, 0x00000000d6c00000| Untracked 
| 365|0x00000000d6d00000, 0x00000000d6d00000, 0x00000000d6e00000|  0%| F|  |TAMS 0x00000000d6d00000, 0x00000000d6d00000| Untracked 
| 366|0x00000000d6e00000, 0x00000000d6e00000, 0x00000000d6f00000|  0%| F|  |TAMS 0x00000000d6e00000, 0x00000000d6e00000| Untracked 
| 367|0x00000000d6f00000, 0x00000000d6f00000, 0x00000000d7000000|  0%| F|  |TAMS 0x00000000d6f00000, 0x00000000d6f00000| Untracked 
| 368|0x00000000d7000000, 0x00000000d7000000, 0x00000000d7100000|  0%| F|  |TAMS 0x00000000d7000000, 0x00000000d7000000| Untracked 
| 369|0x00000000d7100000, 0x00000000d7100000, 0x00000000d7200000|  0%| F|  |TAMS 0x00000000d7100000, 0x00000000d7100000| Untracked 
| 370|0x00000000d7200000, 0x00000000d7200000, 0x00000000d7300000|  0%| F|  |TAMS 0x00000000d7200000, 0x00000000d7200000| Untracked 
| 371|0x00000000d7300000, 0x00000000d7300000, 0x00000000d7400000|  0%| F|  |TAMS 0x00000000d7300000, 0x00000000d7300000| Untracked 
| 372|0x00000000d7400000, 0x00000000d7400000, 0x00000000d7500000|  0%| F|  |TAMS 0x00000000d7400000, 0x00000000d7400000| Untracked 
| 373|0x00000000d7500000, 0x00000000d7500000, 0x00000000d7600000|  0%| F|  |TAMS 0x00000000d7500000, 0x00000000d7500000| Untracked 
| 374|0x00000000d7600000, 0x00000000d7600000, 0x00000000d7700000|  0%| F|  |TAMS 0x00000000d7600000, 0x00000000d7600000| Untracked 
| 375|0x00000000d7700000, 0x00000000d7700000, 0x00000000d7800000|  0%| F|  |TAMS 0x00000000d7700000, 0x00000000d7700000| Untracked 
| 376|0x00000000d7800000, 0x00000000d7800000, 0x00000000d7900000|  0%| F|  |TAMS 0x00000000d7800000, 0x00000000d7800000| Untracked 
| 377|0x00000000d7900000, 0x00000000d7900000, 0x00000000d7a00000|  0%| F|  |TAMS 0x00000000d7900000, 0x00000000d7900000| Untracked 
| 378|0x00000000d7a00000, 0x00000000d7a00000, 0x00000000d7b00000|  0%| F|  |TAMS 0x00000000d7a00000, 0x00000000d7a00000| Untracked 
| 379|0x00000000d7b00000, 0x00000000d7b00000, 0x00000000d7c00000|  0%| F|  |TAMS 0x00000000d7b00000, 0x00000000d7b00000| Untracked 
| 380|0x00000000d7c00000, 0x00000000d7c00000, 0x00000000d7d00000|  0%| F|  |TAMS 0x00000000d7c00000, 0x00000000d7c00000| Untracked 
| 381|0x00000000d7d00000, 0x00000000d7d00000, 0x00000000d7e00000|  0%| F|  |TAMS 0x00000000d7d00000, 0x00000000d7d00000| Untracked 
| 382|0x00000000d7e00000, 0x00000000d7e00000, 0x00000000d7f00000|  0%| F|  |TAMS 0x00000000d7e00000, 0x00000000d7e00000| Untracked 
| 383|0x00000000d7f00000, 0x00000000d7f00000, 0x00000000d8000000|  0%| F|  |TAMS 0x00000000d7f00000, 0x00000000d7f00000| Untracked 
| 384|0x00000000d8000000, 0x00000000d8000000, 0x00000000d8100000|  0%| F|  |TAMS 0x00000000d8000000, 0x00000000d8000000| Untracked 
| 385|0x00000000d8100000, 0x00000000d8100000, 0x00000000d8200000|  0%| F|  |TAMS 0x00000000d8100000, 0x00000000d8100000| Untracked 
| 386|0x00000000d8200000, 0x00000000d8200000, 0x00000000d8300000|  0%| F|  |TAMS 0x00000000d8200000, 0x00000000d8200000| Untracked 
| 387|0x00000000d8300000, 0x00000000d8300000, 0x00000000d8400000|  0%| F|  |TAMS 0x00000000d8300000, 0x00000000d8300000| Untracked 
| 388|0x00000000d8400000, 0x00000000d8400000, 0x00000000d8500000|  0%| F|  |TAMS 0x00000000d8400000, 0x00000000d8400000| Untracked 
| 389|0x00000000d8500000, 0x00000000d8500000, 0x00000000d8600000|  0%| F|  |TAMS 0x00000000d8500000, 0x00000000d8500000| Untracked 
| 390|0x00000000d8600000, 0x00000000d8600000, 0x00000000d8700000|  0%| F|  |TAMS 0x00000000d8600000, 0x00000000d8600000| Untracked 
| 391|0x00000000d8700000, 0x00000000d8700000, 0x00000000d8800000|  0%| F|  |TAMS 0x00000000d8700000, 0x00000000d8700000| Untracked 
| 392|0x00000000d8800000, 0x00000000d8800000, 0x00000000d8900000|  0%| F|  |TAMS 0x00000000d8800000, 0x00000000d8800000| Untracked 
| 393|0x00000000d8900000, 0x00000000d8900000, 0x00000000d8a00000|  0%| F|  |TAMS 0x00000000d8900000, 0x00000000d8900000| Untracked 
| 394|0x00000000d8a00000, 0x00000000d8a00000, 0x00000000d8b00000|  0%| F|  |TAMS 0x00000000d8a00000, 0x00000000d8a00000| Untracked 
| 395|0x00000000d8b00000, 0x00000000d8b00000, 0x00000000d8c00000|  0%| F|  |TAMS 0x00000000d8b00000, 0x00000000d8b00000| Untracked 
| 396|0x00000000d8c00000, 0x00000000d8c00000, 0x00000000d8d00000|  0%| F|  |TAMS 0x00000000d8c00000, 0x00000000d8c00000| Untracked 
| 397|0x00000000d8d00000, 0x00000000d8d00000, 0x00000000d8e00000|  0%| F|  |TAMS 0x00000000d8d00000, 0x00000000d8d00000| Untracked 
| 398|0x00000000d8e00000, 0x00000000d8e00000, 0x00000000d8f00000|  0%| F|  |TAMS 0x00000000d8e00000, 0x00000000d8e00000| Untracked 
| 399|0x00000000d8f00000, 0x00000000d8f00000, 0x00000000d9000000|  0%| F|  |TAMS 0x00000000d8f00000, 0x00000000d8f00000| Untracked 
| 400|0x00000000d9000000, 0x00000000d9000000, 0x00000000d9100000|  0%| F|  |TAMS 0x00000000d9000000, 0x00000000d9000000| Untracked 
| 401|0x00000000d9100000, 0x00000000d9100000, 0x00000000d9200000|  0%| F|  |TAMS 0x00000000d9100000, 0x00000000d9100000| Untracked 
| 402|0x00000000d9200000, 0x00000000d9200000, 0x00000000d9300000|  0%| F|  |TAMS 0x00000000d9200000, 0x00000000d9200000| Untracked 
| 403|0x00000000d9300000, 0x00000000d9300000, 0x00000000d9400000|  0%| F|  |TAMS 0x00000000d9300000, 0x00000000d9300000| Untracked 
| 404|0x00000000d9400000, 0x00000000d9400000, 0x00000000d9500000|  0%| F|  |TAMS 0x00000000d9400000, 0x00000000d9400000| Untracked 
| 405|0x00000000d9500000, 0x00000000d9500000, 0x00000000d9600000|  0%| F|  |TAMS 0x00000000d9500000, 0x00000000d9500000| Untracked 
| 406|0x00000000d9600000, 0x00000000d9600000, 0x00000000d9700000|  0%| F|  |TAMS 0x00000000d9600000, 0x00000000d9600000| Untracked 
| 407|0x00000000d9700000, 0x00000000d9700000, 0x00000000d9800000|  0%| F|  |TAMS 0x00000000d9700000, 0x00000000d9700000| Untracked 
| 408|0x00000000d9800000, 0x00000000d9800000, 0x00000000d9900000|  0%| F|  |TAMS 0x00000000d9800000, 0x00000000d9800000| Untracked 
| 409|0x00000000d9900000, 0x00000000d9900000, 0x00000000d9a00000|  0%| F|  |TAMS 0x00000000d9900000, 0x00000000d9900000| Untracked 
| 410|0x00000000d9a00000, 0x00000000d9a00000, 0x00000000d9b00000|  0%| F|  |TAMS 0x00000000d9a00000, 0x00000000d9a00000| Untracked 
| 411|0x00000000d9b00000, 0x00000000d9b00000, 0x00000000d9c00000|  0%| F|  |TAMS 0x00000000d9b00000, 0x00000000d9b00000| Untracked 
| 412|0x00000000d9c00000, 0x00000000d9c00000, 0x00000000d9d00000|  0%| F|  |TAMS 0x00000000d9c00000, 0x00000000d9c00000| Untracked 
| 413|0x00000000d9d00000, 0x00000000d9d00000, 0x00000000d9e00000|  0%| F|  |TAMS 0x00000000d9d00000, 0x00000000d9d00000| Untracked 
| 414|0x00000000d9e00000, 0x00000000d9f00000, 0x00000000d9f00000|100%| S|CS|TAMS 0x00000000d9e00000, 0x00000000d9e00000| Complete 
| 415|0x00000000d9f00000, 0x00000000da000000, 0x00000000da000000|100%| S|CS|TAMS 0x00000000d9f00000, 0x00000000d9f00000| Complete 
| 416|0x00000000da000000, 0x00000000da100000, 0x00000000da100000|100%| S|CS|TAMS 0x00000000da000000, 0x00000000da000000| Complete 
| 417|0x00000000da100000, 0x00000000da200000, 0x00000000da200000|100%| S|CS|TAMS 0x00000000da100000, 0x00000000da100000| Complete 
| 418|0x00000000da200000, 0x00000000da300000, 0x00000000da300000|100%| S|CS|TAMS 0x00000000da200000, 0x00000000da200000| Complete 
| 419|0x00000000da300000, 0x00000000da400000, 0x00000000da400000|100%| S|CS|TAMS 0x00000000da300000, 0x00000000da300000| Complete 
| 420|0x00000000da400000, 0x00000000da500000, 0x00000000da500000|100%| S|CS|TAMS 0x00000000da400000, 0x00000000da400000| Complete 
| 421|0x00000000da500000, 0x00000000da600000, 0x00000000da600000|100%| S|CS|TAMS 0x00000000da500000, 0x00000000da500000| Complete 
| 422|0x00000000da600000, 0x00000000da700000, 0x00000000da700000|100%| S|CS|TAMS 0x00000000da600000, 0x00000000da600000| Complete 
| 423|0x00000000da700000, 0x00000000da800000, 0x00000000da800000|100%| S|CS|TAMS 0x00000000da700000, 0x00000000da700000| Complete 
| 424|0x00000000da800000, 0x00000000da900000, 0x00000000da900000|100%| S|CS|TAMS 0x00000000da800000, 0x00000000da800000| Complete 
| 425|0x00000000da900000, 0x00000000daa00000, 0x00000000daa00000|100%| S|CS|TAMS 0x00000000da900000, 0x00000000da900000| Complete 
| 426|0x00000000daa00000, 0x00000000dab00000, 0x00000000dab00000|100%| S|CS|TAMS 0x00000000daa00000, 0x00000000daa00000| Complete 
| 427|0x00000000dab00000, 0x00000000dac00000, 0x00000000dac00000|100%| S|CS|TAMS 0x00000000dab00000, 0x00000000dab00000| Complete 
| 428|0x00000000dac00000, 0x00000000dad00000, 0x00000000dad00000|100%| S|CS|TAMS 0x00000000dac00000, 0x00000000dac00000| Complete 
| 429|0x00000000dad00000, 0x00000000dae00000, 0x00000000dae00000|100%| S|CS|TAMS 0x00000000dad00000, 0x00000000dad00000| Complete 
| 430|0x00000000dae00000, 0x00000000daf00000, 0x00000000daf00000|100%| S|CS|TAMS 0x00000000dae00000, 0x00000000dae00000| Complete 
| 431|0x00000000daf00000, 0x00000000db000000, 0x00000000db000000|100%| S|CS|TAMS 0x00000000daf00000, 0x00000000daf00000| Complete 
| 432|0x00000000db000000, 0x00000000db100000, 0x00000000db100000|100%| S|CS|TAMS 0x00000000db000000, 0x00000000db000000| Complete 
| 433|0x00000000db100000, 0x00000000db200000, 0x00000000db200000|100%| S|CS|TAMS 0x00000000db100000, 0x00000000db100000| Complete 
| 434|0x00000000db200000, 0x00000000db200000, 0x00000000db300000|  0%| F|  |TAMS 0x00000000db200000, 0x00000000db200000| Untracked 
| 435|0x00000000db300000, 0x00000000db300000, 0x00000000db400000|  0%| F|  |TAMS 0x00000000db300000, 0x00000000db300000| Untracked 
| 436|0x00000000db400000, 0x00000000db400000, 0x00000000db500000|  0%| F|  |TAMS 0x00000000db400000, 0x00000000db400000| Untracked 
| 437|0x00000000db500000, 0x00000000db500000, 0x00000000db600000|  0%| F|  |TAMS 0x00000000db500000, 0x00000000db500000| Untracked 
| 438|0x00000000db600000, 0x00000000db600000, 0x00000000db700000|  0%| F|  |TAMS 0x00000000db600000, 0x00000000db600000| Untracked 
| 439|0x00000000db700000, 0x00000000db700000, 0x00000000db800000|  0%| F|  |TAMS 0x00000000db700000, 0x00000000db700000| Untracked 
| 440|0x00000000db800000, 0x00000000db800000, 0x00000000db900000|  0%| F|  |TAMS 0x00000000db800000, 0x00000000db800000| Untracked 
| 441|0x00000000db900000, 0x00000000db900000, 0x00000000dba00000|  0%| F|  |TAMS 0x00000000db900000, 0x00000000db900000| Untracked 
| 442|0x00000000dba00000, 0x00000000dba00000, 0x00000000dbb00000|  0%| F|  |TAMS 0x00000000dba00000, 0x00000000dba00000| Untracked 
| 443|0x00000000dbb00000, 0x00000000dbb00000, 0x00000000dbc00000|  0%| F|  |TAMS 0x00000000dbb00000, 0x00000000dbb00000| Untracked 
| 444|0x00000000dbc00000, 0x00000000dbc00000, 0x00000000dbd00000|  0%| F|  |TAMS 0x00000000dbc00000, 0x00000000dbc00000| Untracked 
| 445|0x00000000dbd00000, 0x00000000dbd00000, 0x00000000dbe00000|  0%| F|  |TAMS 0x00000000dbd00000, 0x00000000dbd00000| Untracked 
| 446|0x00000000dbe00000, 0x00000000dbe00000, 0x00000000dbf00000|  0%| F|  |TAMS 0x00000000dbe00000, 0x00000000dbe00000| Untracked 
| 447|0x00000000dbf00000, 0x00000000dbf00000, 0x00000000dc000000|  0%| F|  |TAMS 0x00000000dbf00000, 0x00000000dbf00000| Untracked 
| 448|0x00000000dc000000, 0x00000000dc000000, 0x00000000dc100000|  0%| F|  |TAMS 0x00000000dc000000, 0x00000000dc000000| Untracked 
| 449|0x00000000dc100000, 0x00000000dc100000, 0x00000000dc200000|  0%| F|  |TAMS 0x00000000dc100000, 0x00000000dc100000| Untracked 
| 450|0x00000000dc200000, 0x00000000dc200000, 0x00000000dc300000|  0%| F|  |TAMS 0x00000000dc200000, 0x00000000dc200000| Untracked 
| 451|0x00000000dc300000, 0x00000000dc300000, 0x00000000dc400000|  0%| F|  |TAMS 0x00000000dc300000, 0x00000000dc300000| Untracked 
| 452|0x00000000dc400000, 0x00000000dc400000, 0x00000000dc500000|  0%| F|  |TAMS 0x00000000dc400000, 0x00000000dc400000| Untracked 
| 453|0x00000000dc500000, 0x00000000dc500000, 0x00000000dc600000|  0%| F|  |TAMS 0x00000000dc500000, 0x00000000dc500000| Untracked 
| 454|0x00000000dc600000, 0x00000000dc600000, 0x00000000dc700000|  0%| F|  |TAMS 0x00000000dc600000, 0x00000000dc600000| Untracked 
| 455|0x00000000dc700000, 0x00000000dc700000, 0x00000000dc800000|  0%| F|  |TAMS 0x00000000dc700000, 0x00000000dc700000| Untracked 
| 456|0x00000000dc800000, 0x00000000dc800000, 0x00000000dc900000|  0%| F|  |TAMS 0x00000000dc800000, 0x00000000dc800000| Untracked 
| 457|0x00000000dc900000, 0x00000000dc900000, 0x00000000dca00000|  0%| F|  |TAMS 0x00000000dc900000, 0x00000000dc900000| Untracked 
| 458|0x00000000dca00000, 0x00000000dca00000, 0x00000000dcb00000|  0%| F|  |TAMS 0x00000000dca00000, 0x00000000dca00000| Untracked 
| 459|0x00000000dcb00000, 0x00000000dcb00000, 0x00000000dcc00000|  0%| F|  |TAMS 0x00000000dcb00000, 0x00000000dcb00000| Untracked 
| 460|0x00000000dcc00000, 0x00000000dcc00000, 0x00000000dcd00000|  0%| F|  |TAMS 0x00000000dcc00000, 0x00000000dcc00000| Untracked 
| 461|0x00000000dcd00000, 0x00000000dcd00000, 0x00000000dce00000|  0%| F|  |TAMS 0x00000000dcd00000, 0x00000000dcd00000| Untracked 
| 462|0x00000000dce00000, 0x00000000dce00000, 0x00000000dcf00000|  0%| F|  |TAMS 0x00000000dce00000, 0x00000000dce00000| Untracked 
| 463|0x00000000dcf00000, 0x00000000dcf00000, 0x00000000dd000000|  0%| F|  |TAMS 0x00000000dcf00000, 0x00000000dcf00000| Untracked 
| 464|0x00000000dd000000, 0x00000000dd000000, 0x00000000dd100000|  0%| F|  |TAMS 0x00000000dd000000, 0x00000000dd000000| Untracked 
| 465|0x00000000dd100000, 0x00000000dd100000, 0x00000000dd200000|  0%| F|  |TAMS 0x00000000dd100000, 0x00000000dd100000| Untracked 
| 466|0x00000000dd200000, 0x00000000dd200000, 0x00000000dd300000|  0%| F|  |TAMS 0x00000000dd200000, 0x00000000dd200000| Untracked 
| 467|0x00000000dd300000, 0x00000000dd300000, 0x00000000dd400000|  0%| F|  |TAMS 0x00000000dd300000, 0x00000000dd300000| Untracked 
| 468|0x00000000dd400000, 0x00000000dd400000, 0x00000000dd500000|  0%| F|  |TAMS 0x00000000dd400000, 0x00000000dd400000| Untracked 
| 469|0x00000000dd500000, 0x00000000dd500000, 0x00000000dd600000|  0%| F|  |TAMS 0x00000000dd500000, 0x00000000dd500000| Untracked 
| 470|0x00000000dd600000, 0x00000000dd600000, 0x00000000dd700000|  0%| F|  |TAMS 0x00000000dd600000, 0x00000000dd600000| Untracked 
| 471|0x00000000dd700000, 0x00000000dd700000, 0x00000000dd800000|  0%| F|  |TAMS 0x00000000dd700000, 0x00000000dd700000| Untracked 
| 472|0x00000000dd800000, 0x00000000dd800000, 0x00000000dd900000|  0%| F|  |TAMS 0x00000000dd800000, 0x00000000dd800000| Untracked 
| 473|0x00000000dd900000, 0x00000000dd900000, 0x00000000dda00000|  0%| F|  |TAMS 0x00000000dd900000, 0x00000000dd900000| Untracked 
| 474|0x00000000dda00000, 0x00000000dda00000, 0x00000000ddb00000|  0%| F|  |TAMS 0x00000000dda00000, 0x00000000dda00000| Untracked 
| 475|0x00000000ddb00000, 0x00000000ddb00000, 0x00000000ddc00000|  0%| F|  |TAMS 0x00000000ddb00000, 0x00000000ddb00000| Untracked 
| 476|0x00000000ddc00000, 0x00000000ddc00000, 0x00000000ddd00000|  0%| F|  |TAMS 0x00000000ddc00000, 0x00000000ddc00000| Untracked 
| 477|0x00000000ddd00000, 0x00000000ddd00000, 0x00000000dde00000|  0%| F|  |TAMS 0x00000000ddd00000, 0x00000000ddd00000| Untracked 
| 478|0x00000000dde00000, 0x00000000dde00000, 0x00000000ddf00000|  0%| F|  |TAMS 0x00000000dde00000, 0x00000000dde00000| Untracked 
| 479|0x00000000ddf00000, 0x00000000ddf00000, 0x00000000de000000|  0%| F|  |TAMS 0x00000000ddf00000, 0x00000000ddf00000| Untracked 
| 480|0x00000000de000000, 0x00000000de000000, 0x00000000de100000|  0%| F|  |TAMS 0x00000000de000000, 0x00000000de000000| Untracked 
| 481|0x00000000de100000, 0x00000000de100000, 0x00000000de200000|  0%| F|  |TAMS 0x00000000de100000, 0x00000000de100000| Untracked 
| 482|0x00000000de200000, 0x00000000de200000, 0x00000000de300000|  0%| F|  |TAMS 0x00000000de200000, 0x00000000de200000| Untracked 
| 483|0x00000000de300000, 0x00000000de300000, 0x00000000de400000|  0%| F|  |TAMS 0x00000000de300000, 0x00000000de300000| Untracked 
| 484|0x00000000de400000, 0x00000000de400000, 0x00000000de500000|  0%| F|  |TAMS 0x00000000de400000, 0x00000000de400000| Untracked 
| 485|0x00000000de500000, 0x00000000de500000, 0x00000000de600000|  0%| F|  |TAMS 0x00000000de500000, 0x00000000de500000| Untracked 
| 486|0x00000000de600000, 0x00000000de600000, 0x00000000de700000|  0%| F|  |TAMS 0x00000000de600000, 0x00000000de600000| Untracked 
| 487|0x00000000de700000, 0x00000000de700000, 0x00000000de800000|  0%| F|  |TAMS 0x00000000de700000, 0x00000000de700000| Untracked 
| 488|0x00000000de800000, 0x00000000de800000, 0x00000000de900000|  0%| F|  |TAMS 0x00000000de800000, 0x00000000de800000| Untracked 
| 489|0x00000000de900000, 0x00000000de900000, 0x00000000dea00000|  0%| F|  |TAMS 0x00000000de900000, 0x00000000de900000| Untracked 
| 490|0x00000000dea00000, 0x00000000dea00000, 0x00000000deb00000|  0%| F|  |TAMS 0x00000000dea00000, 0x00000000dea00000| Untracked 
| 491|0x00000000deb00000, 0x00000000deb00000, 0x00000000dec00000|  0%| F|  |TAMS 0x00000000deb00000, 0x00000000deb00000| Untracked 
| 492|0x00000000dec00000, 0x00000000dec00000, 0x00000000ded00000|  0%| F|  |TAMS 0x00000000dec00000, 0x00000000dec00000| Untracked 
| 493|0x00000000ded00000, 0x00000000ded00000, 0x00000000dee00000|  0%| F|  |TAMS 0x00000000ded00000, 0x00000000ded00000| Untracked 
| 494|0x00000000dee00000, 0x00000000dee00000, 0x00000000def00000|  0%| F|  |TAMS 0x00000000dee00000, 0x00000000dee00000| Untracked 
| 495|0x00000000def00000, 0x00000000def00000, 0x00000000df000000|  0%| F|  |TAMS 0x00000000def00000, 0x00000000def00000| Untracked 
| 496|0x00000000df000000, 0x00000000df000000, 0x00000000df100000|  0%| F|  |TAMS 0x00000000df000000, 0x00000000df000000| Untracked 
| 497|0x00000000df100000, 0x00000000df100000, 0x00000000df200000|  0%| F|  |TAMS 0x00000000df100000, 0x00000000df100000| Untracked 
| 498|0x00000000df200000, 0x00000000df200000, 0x00000000df300000|  0%| F|  |TAMS 0x00000000df200000, 0x00000000df200000| Untracked 
| 499|0x00000000df300000, 0x00000000df300000, 0x00000000df400000|  0%| F|  |TAMS 0x00000000df300000, 0x00000000df300000| Untracked 
| 500|0x00000000df400000, 0x00000000df400000, 0x00000000df500000|  0%| F|  |TAMS 0x00000000df400000, 0x00000000df400000| Untracked 
| 501|0x00000000df500000, 0x00000000df500000, 0x00000000df600000|  0%| F|  |TAMS 0x00000000df500000, 0x00000000df500000| Untracked 
| 502|0x00000000df600000, 0x00000000df600000, 0x00000000df700000|  0%| F|  |TAMS 0x00000000df600000, 0x00000000df600000| Untracked 
| 503|0x00000000df700000, 0x00000000df700000, 0x00000000df800000|  0%| F|  |TAMS 0x00000000df700000, 0x00000000df700000| Untracked 
| 504|0x00000000df800000, 0x00000000df800000, 0x00000000df900000|  0%| F|  |TAMS 0x00000000df800000, 0x00000000df800000| Untracked 
| 505|0x00000000df900000, 0x00000000df900000, 0x00000000dfa00000|  0%| F|  |TAMS 0x00000000df900000, 0x00000000df900000| Untracked 
| 506|0x00000000dfa00000, 0x00000000dfa00000, 0x00000000dfb00000|  0%| F|  |TAMS 0x00000000dfa00000, 0x00000000dfa00000| Untracked 
| 507|0x00000000dfb00000, 0x00000000dfb00000, 0x00000000dfc00000|  0%| F|  |TAMS 0x00000000dfb00000, 0x00000000dfb00000| Untracked 
| 508|0x00000000dfc00000, 0x00000000dfc00000, 0x00000000dfd00000|  0%| F|  |TAMS 0x00000000dfc00000, 0x00000000dfc00000| Untracked 
| 509|0x00000000dfd00000, 0x00000000dfd00000, 0x00000000dfe00000|  0%| F|  |TAMS 0x00000000dfd00000, 0x00000000dfd00000| Untracked 
| 510|0x00000000dfe00000, 0x00000000dfe00000, 0x00000000dff00000|  0%| F|  |TAMS 0x00000000dfe00000, 0x00000000dfe00000| Untracked 
| 511|0x00000000dff00000, 0x00000000dff00000, 0x00000000e0000000|  0%| F|  |TAMS 0x00000000dff00000, 0x00000000dff00000| Untracked 
| 512|0x00000000e0000000, 0x00000000e0000000, 0x00000000e0100000|  0%| F|  |TAMS 0x00000000e0000000, 0x00000000e0000000| Untracked 
| 513|0x00000000e0100000, 0x00000000e0100000, 0x00000000e0200000|  0%| F|  |TAMS 0x00000000e0100000, 0x00000000e0100000| Untracked 
| 514|0x00000000e0200000, 0x00000000e0200000, 0x00000000e0300000|  0%| F|  |TAMS 0x00000000e0200000, 0x00000000e0200000| Untracked 
| 515|0x00000000e0300000, 0x00000000e0300000, 0x00000000e0400000|  0%| F|  |TAMS 0x00000000e0300000, 0x00000000e0300000| Untracked 
| 516|0x00000000e0400000, 0x00000000e0400000, 0x00000000e0500000|  0%| F|  |TAMS 0x00000000e0400000, 0x00000000e0400000| Untracked 
| 517|0x00000000e0500000, 0x00000000e0500000, 0x00000000e0600000|  0%| F|  |TAMS 0x00000000e0500000, 0x00000000e0500000| Untracked 
| 518|0x00000000e0600000, 0x00000000e0600000, 0x00000000e0700000|  0%| F|  |TAMS 0x00000000e0600000, 0x00000000e0600000| Untracked 
| 519|0x00000000e0700000, 0x00000000e0700000, 0x00000000e0800000|  0%| F|  |TAMS 0x00000000e0700000, 0x00000000e0700000| Untracked 
| 520|0x00000000e0800000, 0x00000000e0800000, 0x00000000e0900000|  0%| F|  |TAMS 0x00000000e0800000, 0x00000000e0800000| Untracked 
| 521|0x00000000e0900000, 0x00000000e0900000, 0x00000000e0a00000|  0%| F|  |TAMS 0x00000000e0900000, 0x00000000e0900000| Untracked 
| 522|0x00000000e0a00000, 0x00000000e0a00000, 0x00000000e0b00000|  0%| F|  |TAMS 0x00000000e0a00000, 0x00000000e0a00000| Untracked 
| 523|0x00000000e0b00000, 0x00000000e0b00000, 0x00000000e0c00000|  0%| F|  |TAMS 0x00000000e0b00000, 0x00000000e0b00000| Untracked 
| 524|0x00000000e0c00000, 0x00000000e0c00000, 0x00000000e0d00000|  0%| F|  |TAMS 0x00000000e0c00000, 0x00000000e0c00000| Untracked 
| 525|0x00000000e0d00000, 0x00000000e0d00000, 0x00000000e0e00000|  0%| F|  |TAMS 0x00000000e0d00000, 0x00000000e0d00000| Untracked 
| 526|0x00000000e0e00000, 0x00000000e0e00000, 0x00000000e0f00000|  0%| F|  |TAMS 0x00000000e0e00000, 0x00000000e0e00000| Untracked 
| 527|0x00000000e0f00000, 0x00000000e0f00000, 0x00000000e1000000|  0%| F|  |TAMS 0x00000000e0f00000, 0x00000000e0f00000| Untracked 
| 528|0x00000000e1000000, 0x00000000e1000000, 0x00000000e1100000|  0%| F|  |TAMS 0x00000000e1000000, 0x00000000e1000000| Untracked 
| 529|0x00000000e1100000, 0x00000000e1100000, 0x00000000e1200000|  0%| F|  |TAMS 0x00000000e1100000, 0x00000000e1100000| Untracked 
| 530|0x00000000e1200000, 0x00000000e1200000, 0x00000000e1300000|  0%| F|  |TAMS 0x00000000e1200000, 0x00000000e1200000| Untracked 
| 531|0x00000000e1300000, 0x00000000e1300000, 0x00000000e1400000|  0%| F|  |TAMS 0x00000000e1300000, 0x00000000e1300000| Untracked 
| 532|0x00000000e1400000, 0x00000000e1400000, 0x00000000e1500000|  0%| F|  |TAMS 0x00000000e1400000, 0x00000000e1400000| Untracked 
| 533|0x00000000e1500000, 0x00000000e1500000, 0x00000000e1600000|  0%| F|  |TAMS 0x00000000e1500000, 0x00000000e1500000| Untracked 
| 534|0x00000000e1600000, 0x00000000e1600000, 0x00000000e1700000|  0%| F|  |TAMS 0x00000000e1600000, 0x00000000e1600000| Untracked 
| 535|0x00000000e1700000, 0x00000000e1700000, 0x00000000e1800000|  0%| F|  |TAMS 0x00000000e1700000, 0x00000000e1700000| Untracked 
| 536|0x00000000e1800000, 0x00000000e1800000, 0x00000000e1900000|  0%| F|  |TAMS 0x00000000e1800000, 0x00000000e1800000| Untracked 
| 537|0x00000000e1900000, 0x00000000e1900000, 0x00000000e1a00000|  0%| F|  |TAMS 0x00000000e1900000, 0x00000000e1900000| Untracked 
| 538|0x00000000e1a00000, 0x00000000e1a00000, 0x00000000e1b00000|  0%| F|  |TAMS 0x00000000e1a00000, 0x00000000e1a00000| Untracked 
| 539|0x00000000e1b00000, 0x00000000e1b00000, 0x00000000e1c00000|  0%| F|  |TAMS 0x00000000e1b00000, 0x00000000e1b00000| Untracked 
| 540|0x00000000e1c00000, 0x00000000e1c00000, 0x00000000e1d00000|  0%| F|  |TAMS 0x00000000e1c00000, 0x00000000e1c00000| Untracked 
| 541|0x00000000e1d00000, 0x00000000e1d00000, 0x00000000e1e00000|  0%| F|  |TAMS 0x00000000e1d00000, 0x00000000e1d00000| Untracked 
| 542|0x00000000e1e00000, 0x00000000e1e00000, 0x00000000e1f00000|  0%| F|  |TAMS 0x00000000e1e00000, 0x00000000e1e00000| Untracked 
| 543|0x00000000e1f00000, 0x00000000e1f00000, 0x00000000e2000000|  0%| F|  |TAMS 0x00000000e1f00000, 0x00000000e1f00000| Untracked 
| 544|0x00000000e2000000, 0x00000000e2000000, 0x00000000e2100000|  0%| F|  |TAMS 0x00000000e2000000, 0x00000000e2000000| Untracked 
| 545|0x00000000e2100000, 0x00000000e2100000, 0x00000000e2200000|  0%| F|  |TAMS 0x00000000e2100000, 0x00000000e2100000| Untracked 
| 546|0x00000000e2200000, 0x00000000e2200000, 0x00000000e2300000|  0%| F|  |TAMS 0x00000000e2200000, 0x00000000e2200000| Untracked 
| 547|0x00000000e2300000, 0x00000000e2300000, 0x00000000e2400000|  0%| F|  |TAMS 0x00000000e2300000, 0x00000000e2300000| Untracked 
| 548|0x00000000e2400000, 0x00000000e2400000, 0x00000000e2500000|  0%| F|  |TAMS 0x00000000e2400000, 0x00000000e2400000| Untracked 
| 549|0x00000000e2500000, 0x00000000e2500000, 0x00000000e2600000|  0%| F|  |TAMS 0x00000000e2500000, 0x00000000e2500000| Untracked 
| 550|0x00000000e2600000, 0x00000000e2600000, 0x00000000e2700000|  0%| F|  |TAMS 0x00000000e2600000, 0x00000000e2600000| Untracked 
| 551|0x00000000e2700000, 0x00000000e2700000, 0x00000000e2800000|  0%| F|  |TAMS 0x00000000e2700000, 0x00000000e2700000| Untracked 
| 552|0x00000000e2800000, 0x00000000e2800000, 0x00000000e2900000|  0%| F|  |TAMS 0x00000000e2800000, 0x00000000e2800000| Untracked 
| 553|0x00000000e2900000, 0x00000000e2900000, 0x00000000e2a00000|  0%| F|  |TAMS 0x00000000e2900000, 0x00000000e2900000| Untracked 
| 554|0x00000000e2a00000, 0x00000000e2a00000, 0x00000000e2b00000|  0%| F|  |TAMS 0x00000000e2a00000, 0x00000000e2a00000| Untracked 
| 555|0x00000000e2b00000, 0x00000000e2b00000, 0x00000000e2c00000|  0%| F|  |TAMS 0x00000000e2b00000, 0x00000000e2b00000| Untracked 
| 556|0x00000000e2c00000, 0x00000000e2c00000, 0x00000000e2d00000|  0%| F|  |TAMS 0x00000000e2c00000, 0x00000000e2c00000| Untracked 
| 557|0x00000000e2d00000, 0x00000000e2d00000, 0x00000000e2e00000|  0%| F|  |TAMS 0x00000000e2d00000, 0x00000000e2d00000| Untracked 
| 558|0x00000000e2e00000, 0x00000000e2e00000, 0x00000000e2f00000|  0%| F|  |TAMS 0x00000000e2e00000, 0x00000000e2e00000| Untracked 
| 559|0x00000000e2f00000, 0x00000000e2f00000, 0x00000000e3000000|  0%| F|  |TAMS 0x00000000e2f00000, 0x00000000e2f00000| Untracked 
| 560|0x00000000e3000000, 0x00000000e3000000, 0x00000000e3100000|  0%| F|  |TAMS 0x00000000e3000000, 0x00000000e3000000| Untracked 
| 561|0x00000000e3100000, 0x00000000e3100000, 0x00000000e3200000|  0%| F|  |TAMS 0x00000000e3100000, 0x00000000e3100000| Untracked 
| 562|0x00000000e3200000, 0x00000000e3200000, 0x00000000e3300000|  0%| F|  |TAMS 0x00000000e3200000, 0x00000000e3200000| Untracked 
| 563|0x00000000e3300000, 0x00000000e3300000, 0x00000000e3400000|  0%| F|  |TAMS 0x00000000e3300000, 0x00000000e3300000| Untracked 
| 564|0x00000000e3400000, 0x00000000e3400000, 0x00000000e3500000|  0%| F|  |TAMS 0x00000000e3400000, 0x00000000e3400000| Untracked 
| 565|0x00000000e3500000, 0x00000000e3500000, 0x00000000e3600000|  0%| F|  |TAMS 0x00000000e3500000, 0x00000000e3500000| Untracked 
| 566|0x00000000e3600000, 0x00000000e3600000, 0x00000000e3700000|  0%| F|  |TAMS 0x00000000e3600000, 0x00000000e3600000| Untracked 
| 567|0x00000000e3700000, 0x00000000e3700000, 0x00000000e3800000|  0%| F|  |TAMS 0x00000000e3700000, 0x00000000e3700000| Untracked 
| 568|0x00000000e3800000, 0x00000000e3800000, 0x00000000e3900000|  0%| F|  |TAMS 0x00000000e3800000, 0x00000000e3800000| Untracked 
| 569|0x00000000e3900000, 0x00000000e3900000, 0x00000000e3a00000|  0%| F|  |TAMS 0x00000000e3900000, 0x00000000e3900000| Untracked 
| 570|0x00000000e3a00000, 0x00000000e3a00000, 0x00000000e3b00000|  0%| F|  |TAMS 0x00000000e3a00000, 0x00000000e3a00000| Untracked 
| 571|0x00000000e3b00000, 0x00000000e3b00000, 0x00000000e3c00000|  0%| F|  |TAMS 0x00000000e3b00000, 0x00000000e3b00000| Untracked 
| 572|0x00000000e3c00000, 0x00000000e3c00000, 0x00000000e3d00000|  0%| F|  |TAMS 0x00000000e3c00000, 0x00000000e3c00000| Untracked 
| 573|0x00000000e3d00000, 0x00000000e3d00000, 0x00000000e3e00000|  0%| F|  |TAMS 0x00000000e3d00000, 0x00000000e3d00000| Untracked 
| 574|0x00000000e3e00000, 0x00000000e3e00000, 0x00000000e3f00000|  0%| F|  |TAMS 0x00000000e3e00000, 0x00000000e3e00000| Untracked 
| 575|0x00000000e3f00000, 0x00000000e3f00000, 0x00000000e4000000|  0%| F|  |TAMS 0x00000000e3f00000, 0x00000000e3f00000| Untracked 
| 576|0x00000000e4000000, 0x00000000e4000000, 0x00000000e4100000|  0%| F|  |TAMS 0x00000000e4000000, 0x00000000e4000000| Untracked 
| 577|0x00000000e4100000, 0x00000000e4100000, 0x00000000e4200000|  0%| F|  |TAMS 0x00000000e4100000, 0x00000000e4100000| Untracked 
| 578|0x00000000e4200000, 0x00000000e4200000, 0x00000000e4300000|  0%| F|  |TAMS 0x00000000e4200000, 0x00000000e4200000| Untracked 
| 579|0x00000000e4300000, 0x00000000e4300000, 0x00000000e4400000|  0%| F|  |TAMS 0x00000000e4300000, 0x00000000e4300000| Untracked 
| 580|0x00000000e4400000, 0x00000000e4400000, 0x00000000e4500000|  0%| F|  |TAMS 0x00000000e4400000, 0x00000000e4400000| Untracked 
| 581|0x00000000e4500000, 0x00000000e4500000, 0x00000000e4600000|  0%| F|  |TAMS 0x00000000e4500000, 0x00000000e4500000| Untracked 
| 582|0x00000000e4600000, 0x00000000e4600000, 0x00000000e4700000|  0%| F|  |TAMS 0x00000000e4600000, 0x00000000e4600000| Untracked 
| 583|0x00000000e4700000, 0x00000000e4700000, 0x00000000e4800000|  0%| F|  |TAMS 0x00000000e4700000, 0x00000000e4700000| Untracked 
| 584|0x00000000e4800000, 0x00000000e4800000, 0x00000000e4900000|  0%| F|  |TAMS 0x00000000e4800000, 0x00000000e4800000| Untracked 
| 585|0x00000000e4900000, 0x00000000e4900000, 0x00000000e4a00000|  0%| F|  |TAMS 0x00000000e4900000, 0x00000000e4900000| Untracked 
| 586|0x00000000e4a00000, 0x00000000e4a00000, 0x00000000e4b00000|  0%| F|  |TAMS 0x00000000e4a00000, 0x00000000e4a00000| Untracked 
| 587|0x00000000e4b00000, 0x00000000e4b00000, 0x00000000e4c00000|  0%| F|  |TAMS 0x00000000e4b00000, 0x00000000e4b00000| Untracked 
| 588|0x00000000e4c00000, 0x00000000e4c00000, 0x00000000e4d00000|  0%| F|  |TAMS 0x00000000e4c00000, 0x00000000e4c00000| Untracked 
|1022|0x00000000ffe00000, 0x00000000ffe75000, 0x00000000fff00000| 45%|OA|  |TAMS 0x00000000ffe75000, 0x00000000ffe00000| Untracked 
|1023|0x00000000fff00000, 0x00000000fff78000, 0x0000000100000000| 46%|CA|  |TAMS 0x00000000fff78000, 0x00000000fff00000| Untracked 

Card table byte_map: [0x00007ffa1d311000,0x00007ffa1d511000] _byte_map_base: 0x00007ffa1cd11000

Marking Bits (Prev, Next): (CMBitMap*) 0x00007ffa34057dd0, (CMBitMap*) 0x00007ffa34057e10
 Prev Bits: [0x00007ffa1c111000, 0x00007ffa1d111000)
 Next Bits: [0x00007ffa1b111000, 0x00007ffa1c111000)

Polling page: 0x00007ffa3a1a2000

Metaspace:

Usage:
  Non-class:     86.19 MB used.
      Class:     14.15 MB used.
       Both:    100.34 MB used.

Virtual space:
  Non-class space:      128.00 MB reserved,      86.56 MB ( 68%) committed,  2 nodes.
      Class space:      416.00 MB reserved,      14.56 MB (  4%) committed,  1 nodes.
             Both:      544.00 MB reserved,     101.12 MB ( 19%) committed. 

Chunk freelists:
   Non-Class:  8.95 MB
       Class:  1.27 MB
        Both:  10.22 MB

MaxMetaspaceSize: 512.00 MB
CompressedClassSpaceSize: 416.00 MB
Initial GC threshold: 21.00 MB
Current GC threshold: 158.69 MB
CDS: on
MetaspaceReclaimPolicy: balanced
 - commit_granule_bytes: 65536.
 - commit_granule_words: 8192.
 - virtual_space_node_default_size: 8388608.
 - enlarge_chunks_in_place: 1.
 - new_chunks_are_fully_committed: 0.
 - uncommit_free_chunks: 1.
 - use_allocation_guard: 0.
 - handle_deallocations: 1.


Internal statistics:

num_allocs_failed_limit: 0.
num_arena_births: 1184.
num_arena_deaths: 0.
num_vsnodes_births: 3.
num_vsnodes_deaths: 0.
num_space_committed: 1618.
num_space_uncommitted: 0.
num_chunks_returned_to_freelist: 0.
num_chunks_taken_from_freelist: 5550.
num_chunk_merges: 0.
num_chunk_splits: 3662.
num_chunks_enlarged: 2477.
num_inconsistent_stats: 0.

CodeHeap 'non-profiled nmethods': size=120036Kb used=5505Kb max_used=5886Kb free=114530Kb
 bounds [0x00007ffa24fd8000, 0x00007ffa25598000, 0x00007ffa2c511000]
CodeHeap 'profiled nmethods': size=120032Kb used=22235Kb max_used=22235Kb free=97796Kb
 bounds [0x00007ffa1d511000, 0x00007ffa1eb01000, 0x00007ffa24a49000]
CodeHeap 'non-nmethods': size=5692Kb used=1722Kb max_used=1811Kb free=3970Kb
 bounds [0x00007ffa24a49000, 0x00007ffa24cb9000, 0x00007ffa24fd8000]
 total_blobs=12359 nmethods=11551 adapters=721
 compilation: enabled
              stopped_count=0, restarted_count=0
 full_count=0

Compilation events (20 events):
Event: 46.980 Thread 0x00007ffa340b8c80 15001       3       java.lang.invoke.InnerClassLambdaMetafactory::<init> (258 bytes)
Event: 46.981 Thread 0x00007ffa340b8c80 nmethod 15001 0x00007ffa1da01790 code [0x00007ffa1da01ba0, 0x00007ffa1da03a10]
Event: 46.981 Thread 0x00007ffa340b8c80 14998       3       java.lang.invoke.AbstractValidatingLambdaMetafactory::checkDescriptor (133 bytes)
Event: 46.983 Thread 0x00007ffa340b8c80 nmethod 14998 0x00007ffa1eaf3e90 code [0x00007ffa1eaf42c0, 0x00007ffa1eaf6670]
Event: 46.983 Thread 0x00007ffa340b8c80 14999       3       java.lang.invoke.InnerClassLambdaMetafactory::spinInnerClass (118 bytes)
Event: 46.983 Thread 0x00007ffa340b8c80 nmethod 14999 0x00007ffa1dec9310 code [0x00007ffa1dec94e0, 0x00007ffa1dec97b0]
Event: 46.983 Thread 0x00007ffa340b8c80 15000       3       java.lang.invoke.LambdaProxyClassArchive::find (63 bytes)
Event: 46.983 Thread 0x00007ffa340b8c80 nmethod 15000 0x00007ffa1df23d90 code [0x00007ffa1df23fc0, 0x00007ffa1df24850]
Event: 47.089 Thread 0x00007ffa340b8c80 15002       2       com.android.tools.r8.graph.x2::a (34 bytes)
Event: 47.089 Thread 0x00007ffa340b8c80 nmethod 15002 0x00007ffa1df23710 code [0x00007ffa1df238a0, 0x00007ffa1df23a10]
Event: 47.089 Thread 0x00007ffa340b8c80 15003       2       com.android.tools.r8.graph.F2::a (11 bytes)
Event: 47.089 Thread 0x00007ffa340b8c80 nmethod 15003 0x00007ffa1d924e10 code [0x00007ffa1d924fa0, 0x00007ffa1d925090]
Event: 47.089 Thread 0x00007ffa340b8c80 15004       2       com.android.tools.r8.graph.I4::a (116 bytes)
Event: 47.090 Thread 0x00007ffa340b8c80 nmethod 15004 0x00007ffa1dc91210 code [0x00007ffa1dc913e0, 0x00007ffa1dc917d0]
Event: 47.090 Thread 0x00007ffa340b8c80 15005       2       com.android.tools.r8.graph.E0::c (22 bytes)
Event: 47.090 Thread 0x00007ffa340b8c80 nmethod 15005 0x00007ffa1e056090 code [0x00007ffa1e056240, 0x00007ffa1e056380]
Event: 47.091 Thread 0x00007ffa340b8c80 15006       3       com.android.tools.r8.graph.C2::hashCode (26 bytes)
Event: 47.091 Thread 0x00007ffa340b8c80 nmethod 15006 0x00007ffa1e055610 code [0x00007ffa1e055800, 0x00007ffa1e055ee0]
Event: 47.177 Thread 0x00007ffa340b8c80 15008   !   3       com.android.tools.r8.internal.ep0::a (30 bytes)
Event: 47.178 Thread 0x00007ffa340b8c80 nmethod 15008 0x00007ffa1e067a90 code [0x00007ffa1e067cc0, 0x00007ffa1e0685a0]

GC Heap History (20 events):
Event: 39.608 GC heap after
{Heap after GC invocations=87 (full 0):
 garbage-first heap   total 308224K, used 124339K [0x00000000c0000000, 0x0000000100000000)
  region size 1024K, 1 young (1024K), 1 survivors (1024K)
 Metaspace       used 94467K, committed 95232K, reserved 557056K
  class space    used 13343K, committed 13696K, reserved 425984K
}
Event: 39.781 GC heap before
{Heap before GC invocations=87 (full 0):
 garbage-first heap   total 308224K, used 211379K [0x00000000c0000000, 0x0000000100000000)
  region size 1024K, 86 young (88064K), 1 survivors (1024K)
 Metaspace       used 94870K, committed 95680K, reserved 557056K
  class space    used 13389K, committed 13760K, reserved 425984K
}
Event: 39.788 GC heap after
{Heap after GC invocations=88 (full 0):
 garbage-first heap   total 308224K, used 146867K [0x00000000c0000000, 0x0000000100000000)
  region size 1024K, 11 young (11264K), 11 survivors (11264K)
 Metaspace       used 94870K, committed 95680K, reserved 557056K
  class space    used 13389K, committed 13760K, reserved 425984K
}
Event: 39.976 GC heap before
{Heap before GC invocations=88 (full 0):
 garbage-first heap   total 308224K, used 222643K [0x00000000c0000000, 0x0000000100000000)
  region size 1024K, 85 young (87040K), 11 survivors (11264K)
 Metaspace       used 95220K, committed 96000K, reserved 557056K
  class space    used 13445K, committed 13824K, reserved 425984K
}
Event: 39.994 GC heap after
{Heap after GC invocations=89 (full 0):
 garbage-first heap   total 308224K, used 167859K [0x00000000c0000000, 0x0000000100000000)
  region size 1024K, 11 young (11264K), 11 survivors (11264K)
 Metaspace       used 95220K, committed 96000K, reserved 557056K
  class space    used 13445K, committed 13824K, reserved 425984K
}
Event: 40.129 GC heap before
{Heap before GC invocations=89 (full 0):
 garbage-first heap   total 308224K, used 233395K [0x00000000c0000000, 0x0000000100000000)
  region size 1024K, 75 young (76800K), 11 survivors (11264K)
 Metaspace       used 95525K, committed 96320K, reserved 557056K
  class space    used 13492K, committed 13888K, reserved 425984K
}
Event: 40.174 GC heap after
{Heap after GC invocations=90 (full 0):
 garbage-first heap   total 308224K, used 185267K [0x00000000c0000000, 0x0000000100000000)
  region size 1024K, 10 young (10240K), 10 survivors (10240K)
 Metaspace       used 95525K, committed 96320K, reserved 557056K
  class space    used 13492K, committed 13888K, reserved 425984K
}
Event: 40.307 GC heap before
{Heap before GC invocations=90 (full 0):
 garbage-first heap   total 308224K, used 240563K [0x00000000c0000000, 0x0000000100000000)
  region size 1024K, 64 young (65536K), 10 survivors (10240K)
 Metaspace       used 95854K, committed 96704K, reserved 557056K
  class space    used 13540K, committed 13952K, reserved 425984K
}
Event: 40.318 GC heap after
{Heap after GC invocations=91 (full 0):
 garbage-first heap   total 605184K, used 201139K [0x00000000c0000000, 0x0000000100000000)
  region size 1024K, 8 young (8192K), 8 survivors (8192K)
 Metaspace       used 95854K, committed 96704K, reserved 557056K
  class space    used 13540K, committed 13952K, reserved 425984K
}
Event: 43.075 GC heap before
{Heap before GC invocations=92 (full 0):
 garbage-first heap   total 605184K, used 414131K [0x00000000c0000000, 0x0000000100000000)
  region size 1024K, 216 young (221184K), 8 survivors (8192K)
 Metaspace       used 99013K, committed 99840K, reserved 557056K
  class space    used 13960K, committed 14400K, reserved 425984K
}
Event: 43.211 GC heap after
{Heap after GC invocations=93 (full 0):
 garbage-first heap   total 605184K, used 239539K [0x00000000c0000000, 0x0000000100000000)
  region size 1024K, 27 young (27648K), 27 survivors (27648K)
 Metaspace       used 99013K, committed 99840K, reserved 557056K
  class space    used 13960K, committed 14400K, reserved 425984K
}
Event: 43.286 GC heap before
{Heap before GC invocations=93 (full 0):
 garbage-first heap   total 605184K, used 241587K [0x00000000c0000000, 0x0000000100000000)
  region size 1024K, 29 young (29696K), 27 survivors (27648K)
 Metaspace       used 99085K, committed 99904K, reserved 557056K
  class space    used 13973K, committed 14400K, reserved 425984K
}
Event: 43.394 GC heap after
{Heap after GC invocations=94 (full 0):
 garbage-first heap   total 605184K, used 240563K [0x00000000c0000000, 0x0000000100000000)
  region size 1024K, 1 young (1024K), 1 survivors (1024K)
 Metaspace       used 99085K, committed 99904K, reserved 557056K
  class space    used 13973K, committed 14400K, reserved 425984K
}
Event: 44.580 GC heap before
{Heap before GC invocations=94 (full 0):
 garbage-first heap   total 605184K, used 427955K [0x00000000c0000000, 0x0000000100000000)
  region size 1024K, 184 young (188416K), 1 survivors (1024K)
 Metaspace       used 100457K, committed 101248K, reserved 557056K
  class space    used 14192K, committed 14592K, reserved 425984K
}
Event: 44.789 GC heap after
{Heap after GC invocations=95 (full 0):
 garbage-first heap   total 605184K, used 279475K [0x00000000c0000000, 0x0000000100000000)
  region size 1024K, 23 young (23552K), 23 survivors (23552K)
 Metaspace       used 100457K, committed 101248K, reserved 557056K
  class space    used 14192K, committed 14592K, reserved 425984K
}
Event: 45.410 GC heap before
{Heap before GC invocations=95 (full 0):
 garbage-first heap   total 605184K, used 361395K [0x00000000c0000000, 0x0000000100000000)
  region size 1024K, 103 young (105472K), 23 survivors (23552K)
 Metaspace       used 100532K, committed 101376K, reserved 557056K
  class space    used 14201K, committed 14656K, reserved 425984K
}
Event: 45.572 GC heap after
{Heap after GC invocations=96 (full 0):
 garbage-first heap   total 605184K, used 295859K [0x00000000c0000000, 0x0000000100000000)
  region size 1024K, 13 young (13312K), 13 survivors (13312K)
 Metaspace       used 100532K, committed 101376K, reserved 557056K
  class space    used 14201K, committed 14656K, reserved 425984K
}
Event: 46.294 GC heap before
{Heap before GC invocations=96 (full 0):
 garbage-first heap   total 605184K, used 419763K [0x00000000c0000000, 0x0000000100000000)
  region size 1024K, 134 young (137216K), 13 survivors (13312K)
 Metaspace       used 100769K, committed 101632K, reserved 557056K
  class space    used 14213K, committed 14656K, reserved 425984K
}
Event: 46.399 GC heap after
{Heap after GC invocations=97 (full 0):
 garbage-first heap   total 605184K, used 322995K [0x00000000c0000000, 0x0000000100000000)
  region size 1024K, 17 young (17408K), 17 survivors (17408K)
 Metaspace       used 100769K, committed 101632K, reserved 557056K
  class space    used 14213K, committed 14656K, reserved 425984K
}
Event: 47.195 GC heap before
{Heap before GC invocations=97 (full 0):
 garbage-first heap   total 605184K, used 464307K [0x00000000c0000000, 0x0000000100000000)
  region size 1024K, 155 young (158720K), 17 survivors (17408K)
 Metaspace       used 102746K, committed 103552K, reserved 557056K
  class space    used 14484K, committed 14912K, reserved 425984K
}

Dll operation events (14 events):
Event: 0.003 Loaded shared library /usr/lib/jvm/java-17-openjdk-amd64/lib/libjava.so
Event: 0.072 Loaded shared library /usr/lib/jvm/java-17-openjdk-amd64/lib/libjsvml.so
Event: 0.120 Loaded shared library /usr/lib/jvm/java-17-openjdk-amd64/lib/libzip.so
Event: 0.123 Loaded shared library /usr/lib/jvm/java-17-openjdk-amd64/lib/libinstrument.so
Event: 0.125 Loaded shared library /usr/lib/jvm/java-17-openjdk-amd64/lib/libnio.so
Event: 0.127 Loaded shared library /usr/lib/jvm/java-17-openjdk-amd64/lib/libzip.so
Event: 0.418 Loaded shared library /usr/lib/jvm/java-17-openjdk-amd64/lib/libjimage.so
Event: 0.611 Loaded shared library /usr/lib/jvm/java-17-openjdk-amd64/lib/libverify.so
Event: 0.883 Loaded shared library /usr/lib/jvm/java-17-openjdk-amd64/lib/libnet.so
Event: 0.885 Loaded shared library /root/.gradle/native/c067742578af261105cb4f569cf0c3c89f3d7b1fecec35dd04571415982c5e48/linux-amd64/libnative-platform.so
Event: 0.892 Loaded shared library /root/.gradle/native/100fb08df4bc3b14c8652ba06237920a3bd2aa13389f12d3474272988ae205f9/linux-amd64/libnative-platform-file-events.so
Event: 2.378 Loaded shared library /usr/lib/jvm/java-17-openjdk-amd64/lib/libmanagement.so
Event: 2.379 Loaded shared library /usr/lib/jvm/java-17-openjdk-amd64/lib/libmanagement_ext.so
Event: 2.580 Loaded shared library /usr/lib/jvm/java-17-openjdk-amd64/lib/libextnet.so

Deoptimization events (20 events):
Event: 45.980 Thread 0x00007ffa053e12d0 DEOPT PACKING pc=0x00007ffa1ea7bb11 sp=0x00007ff9beee8f00
Event: 45.980 Thread 0x00007ffa053e12d0 DEOPT UNPACKING pc=0x00007ffa24aa364f sp=0x00007ff9beee8488 mode 0
Event: 46.284 Thread 0x00007ffa0c006970 DEOPT PACKING pc=0x00007ffa1ea43c04 sp=0x00007ff9be9e00d0
Event: 46.284 Thread 0x00007ffa0c006970 DEOPT UNPACKING pc=0x00007ffa24aa364f sp=0x00007ff9be9df878 mode 0
Event: 46.475 Thread 0x00007ffa0c006970 DEOPT PACKING pc=0x00007ffa1ea43c04 sp=0x00007ff9be9e00d0
Event: 46.475 Thread 0x00007ffa0c006970 DEOPT UNPACKING pc=0x00007ffa24aa364f sp=0x00007ff9be9df878 mode 0
Event: 46.572 Thread 0x00007ffa0c006970 DEOPT PACKING pc=0x00007ffa1ea43c04 sp=0x00007ff9be9e00d0
Event: 46.572 Thread 0x00007ffa0c006970 DEOPT UNPACKING pc=0x00007ffa24aa364f sp=0x00007ff9be9df878 mode 0
Event: 46.579 Thread 0x00007ffa0c006970 DEOPT PACKING pc=0x00007ffa1e65692c sp=0x00007ff9be9e12e0
Event: 46.579 Thread 0x00007ffa0c006970 DEOPT UNPACKING pc=0x00007ffa24aa364f sp=0x00007ff9be9e0788 mode 0
Event: 46.594 Thread 0x00007ffa0c006970 DEOPT PACKING pc=0x00007ffa1ea43c04 sp=0x00007ff9be9e0090
Event: 46.594 Thread 0x00007ffa0c006970 DEOPT UNPACKING pc=0x00007ffa24aa364f sp=0x00007ff9be9df838 mode 0
Event: 46.701 Thread 0x00007ffa0c006970 DEOPT PACKING pc=0x00007ffa1ea43c04 sp=0x00007ff9be9e00d0
Event: 46.701 Thread 0x00007ffa0c006970 DEOPT UNPACKING pc=0x00007ffa24aa364f sp=0x00007ff9be9df878 mode 0
Event: 46.804 Thread 0x00007ffa053e12d0 Uncommon trap: trap_request=0xffffff45 fr.pc=0x00007ffa254e9550 relative=0x00000000000000b0
Event: 46.804 Thread 0x00007ffa053e12d0 Uncommon trap: reason=unstable_if action=reinterpret pc=0x00007ffa254e9550 method=com.android.tools.r8.utils.w.b(Lcom/android/tools/r8/internal/A2;)Z @ 53 c2
Event: 46.804 Thread 0x00007ffa053e12d0 DEOPT PACKING pc=0x00007ffa254e9550 sp=0x00007ff9beee9710
Event: 46.804 Thread 0x00007ffa053e12d0 DEOPT UNPACKING pc=0x00007ffa24aa2b19 sp=0x00007ff9beee96d0 mode 2
Event: 47.113 Thread 0x00007ffa0c006970 DEOPT PACKING pc=0x00007ffa1dcca72c sp=0x00007ff9be9e12e0
Event: 47.113 Thread 0x00007ffa0c006970 DEOPT UNPACKING pc=0x00007ffa24aa364f sp=0x00007ff9be9e0788 mode 0

Classes loaded (20 events):
Event: 36.371 Loading class java/util/concurrent/ConcurrentSkipListMap$KeyIterator
Event: 36.371 Loading class java/util/concurrent/ConcurrentSkipListMap$KeyIterator done
Event: 36.979 Loading class java/nio/file/FileTreeWalker$1
Event: 36.979 Loading class java/nio/file/FileTreeWalker$1 done
Event: 39.108 Loading class sun/nio/fs/Globs
Event: 39.109 Loading class sun/nio/fs/Globs done
Event: 39.109 Loading class sun/nio/fs/UnixFileSystem$3
Event: 39.111 Loading class sun/nio/fs/UnixFileSystem$3 done
Event: 39.311 Loading class java/util/zip/ZipInputStream
Event: 39.312 Loading class java/util/zip/ZipInputStream done
Event: 39.822 Loading class java/io/UTFDataFormatException
Event: 39.822 Loading class java/io/UTFDataFormatException done
Event: 40.214 Loading class java/util/stream/IntPipeline$1
Event: 40.214 Loading class java/util/stream/IntPipeline$1 done
Event: 40.215 Loading class java/util/stream/IntPipeline$1$1
Event: 40.215 Loading class java/util/stream/IntPipeline$1$1 done
Event: 40.272 Loading class java/util/concurrent/RejectedExecutionException
Event: 40.272 Loading class java/util/concurrent/RejectedExecutionException done
Event: 42.613 Loading class java/util/concurrent/ConcurrentLinkedQueue$Itr
Event: 42.619 Loading class java/util/concurrent/ConcurrentLinkedQueue$Itr done

Classes unloaded (0 events):
No events

Classes redefined (0 events):
No events

Internal exceptions (20 events):
Event: 36.374 Thread 0x00007ffa0c006970 Exception <a 'java/lang/NoSuchMethodError'{0x00000000c98a4b50}: static Lcom/android/build/gradle/internal/scope/InternalArtifactType;.<clinit>()V> (0x00000000c98a4b50) 
thrown [./src/hotspot/share/prims/jni.cpp, line 1112]
Event: 36.374 Thread 0x00007ffa0c006970 Exception <a 'java/lang/NoSuchMethodError'{0x00000000c98a6348}: static Lcom/android/build/gradle/internal/scope/InternalArtifactType;.<clinit>()V> (0x00000000c98a6348) 
thrown [./src/hotspot/share/prims/jni.cpp, line 1112]
Event: 36.374 Thread 0x00007ffa0c006970 Exception <a 'java/lang/NoSuchMethodError'{0x00000000c98ac0e0}: static Lcom/android/build/api/artifact/Artifact$Single;.<clinit>()V> (0x00000000c98ac0e0) 
thrown [./src/hotspot/share/prims/jni.cpp, line 1112]
Event: 36.375 Thread 0x00007ffa0c006970 Exception <a 'java/lang/NoSuchMethodError'{0x00000000c98ae720}: static Ljava/lang/Object;.<clinit>()V> (0x00000000c98ae720) 
thrown [./src/hotspot/share/prims/jni.cpp, line 1112]
Event: 36.375 Thread 0x00007ffa0c006970 Exception <a 'java/lang/NoSuchMethodError'{0x00000000c98c7580}: static Lcom/android/build/api/artifact/ArtifactKind;.<clinit>()V> (0x00000000c98c7580) 
thrown [./src/hotspot/share/prims/jni.cpp, line 1112]
Event: 36.375 Thread 0x00007ffa0c006970 Exception <a 'java/lang/NoSuchMethodError'{0x00000000c98c87e0}: static Lcom/android/build/api/artifact/ArtifactKind;.<clinit>()V> (0x00000000c98c87e0) 
thrown [./src/hotspot/share/prims/jni.cpp, line 1112]
Event: 36.998 Thread 0x00007ffa0651e610 Exception <a 'java/lang/NoSuchMethodError'{0x00000000c817d340}: 'int java.lang.invoke.DirectMethodHandle$Holder.invokeSpecial(java.lang.Object, java.lang.Object, java.lang.Object, java.lang.Object, java.lang.Object)'> (0x00000000c817d340) 
thrown [./src/hotspot/share/interpreter/linkResolver.cpp, line 758]
Event: 37.417 Thread 0x00007ffa0651e610 Exception <a 'java/lang/NoSuchMethodError'{0x00000000c72a0800}: static Ljava/lang/Object;.<clinit>()V> (0x00000000c72a0800) 
thrown [./src/hotspot/share/prims/jni.cpp, line 1112]
Event: 38.218 Thread 0x00007ffa0651e610 Exception <a 'java/lang/NoSuchMethodError'{0x00000000d1758ea8}: static Ljava/lang/Object;.<clinit>()V> (0x00000000d1758ea8) 
thrown [./src/hotspot/share/prims/jni.cpp, line 1112]
Event: 38.302 Thread 0x00007ffa0c006970 Exception <a 'sun/nio/fs/UnixException'{0x00000000d1587fd0}> (0x00000000d1587fd0) 
thrown [./src/hotspot/share/prims/jni.cpp, line 516]
Event: 38.914 Thread 0x00007ffa0c006970 Exception <a 'sun/nio/fs/UnixException'{0x00000000cf68c150}> (0x00000000cf68c150) 
thrown [./src/hotspot/share/prims/jni.cpp, line 516]
Event: 40.718 Thread 0x00007ffa053e12d0 Exception <a 'java/lang/NoSuchMethodError'{0x00000000e44903c8}: 'java.lang.Object java.lang.invoke.DirectMethodHandle$Holder.invokeStaticInit(java.lang.Object, java.lang.Object, java.lang.Object, java.lang.Object, java.lang.Object, java.lang.Object, java.lang.Object, java.lang.Object, java.lang.Object, java.lang.Object, java.lang.Object, java.lang.Object, java.lang.Object, java.lang.Object, java.lang.Object, java.lang.Object, java.lang.Object, java.lang.Object, java.lang.Object, java.lang.Object, int, java
Event: 40.826 Thread 0x00007ffa0c006970 Exception <a 'java/lang/IncompatibleClassChangeError'{0x00000000e42f7bf0}: Found class java.lang.Object, but interface was expected> (0x00000000e42f7bf0) 
thrown [./src/hotspot/share/interpreter/linkResolver.cpp, line 826]
Event: 43.585 Thread 0x00007ffa053e12d0 Exception <a 'java/lang/IncompatibleClassChangeError'{0x00000000e247c710}: Found class java.lang.Object, but interface was expected> (0x00000000e247c710) 
thrown [./src/hotspot/share/interpreter/linkResolver.cpp, line 826]
Event: 43.586 Thread 0x00007ffa053e12d0 Exception <a 'java/lang/NoSuchMethodError'{0x00000000e1ec6d90}: 'void java.lang.invoke.DirectMethodHandle$Holder.invokeInterface(java.lang.Object, java.lang.Object, java.lang.Object, int)'> (0x00000000e1ec6d90) 
thrown [./src/hotspot/share/interpreter/linkResolver.cpp, line 758]
Event: 43.606 Thread 0x00007ffa053e12d0 Implicit null exception at 0x00007ffa253c7ae3 to 0x00007ffa253cd914
Event: 43.606 Thread 0x00007ffa053e12d0 Implicit null exception at 0x00007ffa250bf131 to 0x00007ffa250bf4a4
Event: 43.606 Thread 0x00007ffa053e12d0 Implicit null exception at 0x00007ffa250bf131 to 0x00007ffa250bf4a4
Event: 46.904 Thread 0x00007ffa053e12d0 Exception <a 'java/lang/NoSuchMethodError'{0x00000000df0d3fe8}: 'java.lang.Object java.lang.invoke.DirectMethodHandle$Holder.invokeStatic(java.lang.Object, int, java.lang.Object, java.lang.Object)'> (0x00000000df0d3fe8) 
thrown [./src/hotspot/share/interpreter/linkResolver.cpp, line 758]
Event: 46.905 Thread 0x00007ffa053e12d0 Exception <a 'java/lang/NoSuchMethodError'{0x00000000df0e8470}: 'java.lang.Object java.lang.invoke.DirectMethodHandle$Holder.invokeStatic(java.lang.Object, java.lang.Object, int, java.lang.Object, java.lang.Object)'> (0x00000000df0e8470) 
thrown [./src/hotspot/share/interpreter/linkResolver.cpp, line 758]

VM Operations (20 events):
Event: 43.896 Executing VM operation: HandshakeAllThreads done
Event: 44.580 Executing VM operation: G1CollectForAllocation
Event: 44.789 Executing VM operation: G1CollectForAllocation done
Event: 45.021 Executing VM operation: HandshakeAllThreads
Event: 45.071 Executing VM operation: HandshakeAllThreads done
Event: 45.284 Executing VM operation: HandshakeAllThreads
Event: 45.285 Executing VM operation: HandshakeAllThreads done
Event: 45.410 Executing VM operation: G1CollectForAllocation
Event: 45.572 Executing VM operation: G1CollectForAllocation done
Event: 46.294 Executing VM operation: G1CollectForAllocation
Event: 46.399 Executing VM operation: G1CollectForAllocation done
Event: 46.578 Executing VM operation: HandshakeAllThreads
Event: 46.579 Executing VM operation: HandshakeAllThreads done
Event: 46.584 Executing VM operation: HandshakeAllThreads
Event: 46.584 Executing VM operation: HandshakeAllThreads done
Event: 47.088 Executing VM operation: HandshakeAllThreads
Event: 47.088 Executing VM operation: HandshakeAllThreads done
Event: 47.113 Executing VM operation: HandshakeAllThreads
Event: 47.113 Executing VM operation: HandshakeAllThreads done
Event: 47.195 Executing VM operation: G1CollectForAllocation

Memory protections (20 events):
Event: 33.279 Protecting memory [0x00007ff9be9eb000,0x00007ff9be9ef000] with protection modes 0
Event: 33.297 Protecting memory [0x00007ff9be8ea000,0x00007ff9be8ee000] with protection modes 0
Event: 33.313 Protecting memory [0x00007ff9be7e9000,0x00007ff9be7ed000] with protection modes 0
Event: 34.580 Protecting memory [0x00007ff9be6e8000,0x00007ff9be6ec000] with protection modes 0
Event: 35.616 Protecting memory [0x00007ff9be5e7000,0x00007ff9be5eb000] with protection modes 0
Event: 35.976 Protecting memory [0x00007ff9be4e6000,0x00007ff9be4ea000] with protection modes 0
Event: 36.005 Protecting memory [0x00007ff9be3e5000,0x00007ff9be3e9000] with protection modes 0
Event: 36.193 Protecting memory [0x00007ff9be2e4000,0x00007ff9be2e8000] with protection modes 0
Event: 36.401 Protecting memory [0x00007ff9be1e3000,0x00007ff9be1e7000] with protection modes 0
Event: 36.415 Protecting memory [0x00007ff9be0e2000,0x00007ff9be0e6000] with protection modes 0
Event: 36.589 Protecting memory [0x00007ff9b9f00000,0x00007ff9b9f04000] with protection modes 0
Event: 37.085 Protecting memory [0x00007ff9b9dff000,0x00007ff9b9e03000] with protection modes 0
Event: 37.300 Protecting memory [0x00007ff9b9cfe000,0x00007ff9b9d02000] with protection modes 0
Event: 37.403 Protecting memory [0x00007ff9b9bfd000,0x00007ff9b9c01000] with protection modes 0
Event: 37.503 Protecting memory [0x00007ff9b9afc000,0x00007ff9b9b00000] with protection modes 0
Event: 37.778 Protecting memory [0x00007ff9b99fb000,0x00007ff9b99ff000] with protection modes 0
Event: 38.014 Protecting memory [0x00007ff9b98fa000,0x00007ff9b98fe000] with protection modes 0
Event: 38.279 Protecting memory [0x00007ff9b97f9000,0x00007ff9b97fd000] with protection modes 0
Event: 38.316 Protecting memory [0x00007ff9b96f8000,0x00007ff9b96fc000] with protection modes 0
Event: 38.505 Protecting memory [0x00007ff9b95f7000,0x00007ff9b95fb000] with protection modes 0

Nmethod flushes (20 events):
Event: 43.793 Thread 0x00007ffa340ba0f0 flushing  nmethod 0x00007ffa1d7ba890
Event: 43.794 Thread 0x00007ffa340ba0f0 flushing  nmethod 0x00007ffa1d924e10
Event: 43.795 Thread 0x00007ffa340ba0f0 flushing  nmethod 0x00007ffa1da10b90
Event: 43.808 Thread 0x00007ffa340ba0f0 flushing  nmethod 0x00007ffa1de56590
Event: 43.809 Thread 0x00007ffa340ba0f0 flushing  nmethod 0x00007ffa1deee010
Event: 43.809 Thread 0x00007ffa340ba0f0 flushing  nmethod 0x00007ffa1df8c590
Event: 43.809 Thread 0x00007ffa340ba0f0 flushing  nmethod 0x00007ffa1dfab010
Event: 43.809 Thread 0x00007ffa340ba0f0 flushing  nmethod 0x00007ffa1dfab910
Event: 43.809 Thread 0x00007ffa340ba0f0 flushing  nmethod 0x00007ffa1dfb5590
Event: 43.811 Thread 0x00007ffa340ba0f0 flushing  nmethod 0x00007ffa1e224410
Event: 43.813 Thread 0x00007ffa340ba0f0 flushing  nmethod 0x00007ffa1e336890
Event: 43.813 Thread 0x00007ffa340ba0f0 flushing  nmethod 0x00007ffa1e386c90
Event: 43.814 Thread 0x00007ffa340ba0f0 flushing  nmethod 0x00007ffa1e3ca190
Event: 43.814 Thread 0x00007ffa340ba0f0 flushing  nmethod 0x00007ffa1e3cd390
Event: 43.814 Thread 0x00007ffa340ba0f0 flushing  nmethod 0x00007ffa1e3d2790
Event: 43.818 Thread 0x00007ffa340ba0f0 flushing  nmethod 0x00007ffa1e5dd910
Event: 43.818 Thread 0x00007ffa340ba0f0 flushing  nmethod 0x00007ffa1e602490
Event: 43.818 Thread 0x00007ffa340ba0f0 flushing  nmethod 0x00007ffa1e677590
Event: 43.880 Thread 0x00007ffa340ba0f0 flushing  nmethod 0x00007ffa1e8ba490
Event: 43.881 Thread 0x00007ffa340ba0f0 flushing  nmethod 0x00007ffa1e91ef90

Events (20 events):
Event: 33.279 Thread 0x00007ff9d800d0a0 Thread added: 0x00007ffa0651e610
Event: 33.286 Thread 0x00007ffa0651e610 Thread added: 0x00007ffa0c006970
Event: 33.313 Thread 0x00007ffa0c006970 Thread added: 0x00007ffa14057a40
Event: 34.580 Thread 0x00007ffa0c006970 Thread added: 0x00007ffa140a97c0
Event: 35.610 Thread 0x00007ffa0651e610 Thread added: 0x00007ffa0c0238a0
Event: 35.975 Thread 0x00007ffa0c006970 Thread added: 0x00007ffa140af580
Event: 36.001 Thread 0x00007ffa0651e610 Thread added: 0x00007ffa0c03ec90
Event: 36.192 Thread 0x00007ffa0651e610 Thread added: 0x00007ffa0c041500
Event: 36.401 Thread 0x00007ffa0c006970 Thread added: 0x00007ffa140bcf60
Event: 36.411 Thread 0x00007ffa0c006970 Thread added: 0x00007ffa140c1790
Event: 36.583 Thread 0x00007ffa0c006970 Thread added: 0x00007ffa140c2630
Event: 37.082 Thread 0x00007ffa0651e610 Thread added: 0x00007ffa0c0494d0
Event: 37.300 Thread 0x00007ffa0651e610 Thread added: 0x00007ffa0c04f650
Event: 37.403 Thread 0x00007ffa0651e610 Thread added: 0x00007ffa0c053320
Event: 37.499 Thread 0x00007ffa0651e610 Thread added: 0x00007ffa0c04f040
Event: 37.778 Thread 0x00007ffa0651e610 Thread added: 0x00007ffa0c058100
Event: 38.013 Thread 0x00007ffa0c006970 Thread added: 0x00007ffa140b7e60
Event: 38.278 Thread 0x00007ffa0651e610 Thread added: 0x00007ffa0c04e950
Event: 38.310 Thread 0x00007ffa0c006970 Thread added: 0x00007ffa140cdc30
Event: 38.502 Thread 0x00007ffa0c006970 Thread added: 0x00007ffa140ceb20


Dynamic libraries:
c0000000-e4d00000 rw-p 00000000 00:00 0 
ecf00000-ffe00000 ---p 00000000 00:00 0 
ffe00000-ffe75000 rw-p 00c7a000 00:25 13853                              /usr/lib/jvm/java-17-openjdk-amd64/lib/server/classes.jsa
ffe75000-fff00000 rw-p 00000000 00:00 0 
fff00000-fff78000 rw-p 00c02000 00:25 13853                              /usr/lib/jvm/java-17-openjdk-amd64/lib/server/classes.jsa
fff78000-100000000 rw-p 00000000 00:00 0 
561a2eca1000-561a2eca2000 r--p 00000000 00:25 13495                      /usr/lib/jvm/java-17-openjdk-amd64/bin/java
561a2eca2000-561a2eca3000 r-xp 00001000 00:25 13495                      /usr/lib/jvm/java-17-openjdk-amd64/bin/java
561a2eca3000-561a2eca4000 r--p 00002000 00:25 13495                      /usr/lib/jvm/java-17-openjdk-amd64/bin/java
561a2eca4000-561a2eca5000 r--p 00002000 00:25 13495                      /usr/lib/jvm/java-17-openjdk-amd64/bin/java
561a2eca5000-561a2eca6000 rw-p 00003000 00:25 13495                      /usr/lib/jvm/java-17-openjdk-amd64/bin/java
561a30c6c000-561a30d00000 rw-p 00000000 00:00 0                          [heap]
7ff9b9368000-7ff9b95f6000 rw-p 00000000 00:00 0 
7ff9b95f6000-7ff9b95f7000 ---p 00000000 00:00 0 
7ff9b95f7000-7ff9b95fb000 ---p 00000000 00:00 0 
7ff9b95fb000-7ff9b96f7000 rw-p 00000000 00:00 0 
7ff9b96f7000-7ff9b96f8000 ---p 00000000 00:00 0 
7ff9b96f8000-7ff9b96fc000 ---p 00000000 00:00 0 
7ff9b96fc000-7ff9b97f8000 rw-p 00000000 00:00 0 
7ff9b97f8000-7ff9b97f9000 ---p 00000000 00:00 0 
7ff9b97f9000-7ff9b97fd000 ---p 00000000 00:00 0 
7ff9b97fd000-7ff9b98f9000 rw-p 00000000 00:00 0 
7ff9b98f9000-7ff9b98fa000 ---p 00000000 00:00 0 
7ff9b98fa000-7ff9b98fe000 ---p 00000000 00:00 0 
7ff9b98fe000-7ff9b99fa000 rw-p 00000000 00:00 0 
7ff9b99fa000-7ff9b99fb000 ---p 00000000 00:00 0 
7ff9b99fb000-7ff9b99ff000 ---p 00000000 00:00 0 
7ff9b99ff000-7ff9b9afb000 rw-p 00000000 00:00 0 
7ff9b9afb000-7ff9b9afc000 ---p 00000000 00:00 0 
7ff9b9afc000-7ff9b9b00000 ---p 00000000 00:00 0 
7ff9b9b00000-7ff9b9bfc000 rw-p 00000000 00:00 0 
7ff9b9bfc000-7ff9b9bfd000 ---p 00000000 00:00 0 
7ff9b9bfd000-7ff9b9c01000 ---p 00000000 00:00 0 
7ff9b9c01000-7ff9b9cfd000 rw-p 00000000 00:00 0 
7ff9b9cfd000-7ff9b9cfe000 ---p 00000000 00:00 0 
7ff9b9cfe000-7ff9b9d02000 ---p 00000000 00:00 0 
7ff9b9d02000-7ff9b9dfe000 rw-p 00000000 00:00 0 
7ff9b9dfe000-7ff9b9dff000 ---p 00000000 00:00 0 
7ff9b9dff000-7ff9b9e03000 ---p 00000000 00:00 0 
7ff9b9e03000-7ff9b9eff000 rw-p 00000000 00:00 0 
7ff9b9eff000-7ff9b9f00000 ---p 00000000 00:00 0 
7ff9b9f00000-7ff9b9f04000 ---p 00000000 00:00 0 
7ff9b9f04000-7ff9bab00000 rw-p 00000000 00:00 0 
7ff9bab00000-7ff9bab80000 rw-p 00000000 00:00 0 
7ff9bab80000-7ff9bac00000 ---p 00000000 00:00 0 
7ff9bac00000-7ff9bb710000 rw-p 00000000 00:00 0 
7ff9bb710000-7ff9be000000 ---p 00000000 00:00 0 
7ff9be0e1000-7ff9be0e2000 ---p 00000000 00:00 0 
7ff9be0e2000-7ff9be0e6000 ---p 00000000 00:00 0 
7ff9be0e6000-7ff9be1e2000 rw-p 00000000 00:00 0 
7ff9be1e2000-7ff9be1e3000 ---p 00000000 00:00 0 
7ff9be1e3000-7ff9be1e7000 ---p 00000000 00:00 0 
7ff9be1e7000-7ff9be2e3000 rw-p 00000000 00:00 0 
7ff9be2e3000-7ff9be2e4000 ---p 00000000 00:00 0 
7ff9be2e4000-7ff9be2e8000 ---p 00000000 00:00 0 
7ff9be2e8000-7ff9be3e4000 rw-p 00000000 00:00 0 
7ff9be3e4000-7ff9be3e5000 ---p 00000000 00:00 0 
7ff9be3e5000-7ff9be3e9000 ---p 00000000 00:00 0 
7ff9be3e9000-7ff9be4e5000 rw-p 00000000 00:00 0 
7ff9be4e5000-7ff9be4e6000 ---p 00000000 00:00 0 
7ff9be4e6000-7ff9be4ea000 ---p 00000000 00:00 0 
7ff9be4ea000-7ff9be5e6000 rw-p 00000000 00:00 0 
7ff9be5e6000-7ff9be5e7000 ---p 00000000 00:00 0 
7ff9be5e7000-7ff9be5eb000 ---p 00000000 00:00 0 
7ff9be5eb000-7ff9be6e7000 rw-p 00000000 00:00 0 
7ff9be6e7000-7ff9be6e8000 ---p 00000000 00:00 0 
7ff9be6e8000-7ff9be6ec000 ---p 00000000 00:00 0 
7ff9be6ec000-7ff9be7e8000 rw-p 00000000 00:00 0 
7ff9be7e8000-7ff9be7e9000 ---p 00000000 00:00 0 
7ff9be7e9000-7ff9be7ed000 ---p 00000000 00:00 0 
7ff9be7ed000-7ff9be8e9000 rw-p 00000000 00:00 0 
7ff9be8e9000-7ff9be8ea000 ---p 00000000 00:00 0 
7ff9be8ea000-7ff9be8ee000 ---p 00000000 00:00 0 
7ff9be8ee000-7ff9be9ea000 rw-p 00000000 00:00 0 
7ff9be9ea000-7ff9be9eb000 ---p 00000000 00:00 0 
7ff9be9eb000-7ff9be9ef000 ---p 00000000 00:00 0 
7ff9be9ef000-7ff9beaeb000 rw-p 00000000 00:00 0 
7ff9beaeb000-7ff9beaec000 ---p 00000000 00:00 0 
7ff9beaec000-7ff9beaf0000 ---p 00000000 00:00 0 
7ff9beaf0000-7ff9bebec000 rw-p 00000000 00:00 0 
7ff9bebec000-7ff9bebed000 ---p 00000000 00:00 0 
7ff9bebed000-7ff9bebf1000 ---p 00000000 00:00 0 
7ff9bebf1000-7ff9beced000 rw-p 00000000 00:00 0 
7ff9beced000-7ff9becee000 ---p 00000000 00:00 0 
7ff9becee000-7ff9becf2000 ---p 00000000 00:00 0 
7ff9becf2000-7ff9bedee000 rw-p 00000000 00:00 0 
7ff9bedee000-7ff9bedef000 ---p 00000000 00:00 0 
7ff9bedef000-7ff9bedf3000 ---p 00000000 00:00 0 
7ff9bedf3000-7ff9beeef000 rw-p 00000000 00:00 0 
7ff9beeef000-7ff9beef0000 ---p 00000000 00:00 0 
7ff9beef0000-7ff9beef4000 ---p 00000000 00:00 0 
7ff9beef4000-7ff9beff0000 rw-p 00000000 00:00 0 
7ff9beff0000-7ff9beff1000 ---p 00000000 00:00 0 
7ff9beff1000-7ff9beff5000 ---p 00000000 00:00 0 
7ff9beff5000-7ff9bf0f1000 rw-p 00000000 00:00 0 
7ff9bf0f1000-7ff9bf0f2000 ---p 00000000 00:00 0 
7ff9bf0f2000-7ff9bf0f6000 ---p 00000000 00:00 0 
7ff9bf0f6000-7ff9bf1f2000 rw-p 00000000 00:00 0 
7ff9bf1f2000-7ff9bf1f3000 ---p 00000000 00:00 0 
7ff9bf1f3000-7ff9bf1f7000 ---p 00000000 00:00 0 
7ff9bf1f7000-7ff9bf2f3000 rw-p 00000000 00:00 0 
7ff9bf2f3000-7ff9bf2f4000 ---p 00000000 00:00 0 
7ff9bf2f4000-7ff9bf2f8000 ---p 00000000 00:00 0 
7ff9bf2f8000-7ff9bf3f4000 rw-p 00000000 00:00 0 
7ff9bf3f4000-7ff9bf3f5000 ---p 00000000 00:00 0 
7ff9bf3f5000-7ff9bf3f9000 ---p 00000000 00:00 0 
7ff9bf3f9000-7ff9bf4f5000 rw-p 00000000 00:00 0 
7ff9bf4f5000-7ff9bf4f6000 ---p 00000000 00:00 0 
7ff9bf4f6000-7ff9bf4fa000 ---p 00000000 00:00 0 
7ff9bf4fa000-7ff9bf5f6000 rw-p 00000000 00:00 0 
7ff9bf5f6000-7ff9bf5f7000 ---p 00000000 00:00 0 
7ff9bf5f7000-7ff9bf5fb000 ---p 00000000 00:00 0 
7ff9bf5fb000-7ff9bf6f7000 rw-p 00000000 00:00 0 
7ff9bf6f7000-7ff9bf6f8000 ---p 00000000 00:00 0 
7ff9bf6f8000-7ff9bf6fc000 ---p 00000000 00:00 0 
7ff9bf6fc000-7ff9bf7f8000 rw-p 00000000 00:00 0 
7ff9bf7f8000-7ff9bf7f9000 ---p 00000000 00:00 0 
7ff9bf7f9000-7ff9bf7fd000 ---p 00000000 00:00 0 
7ff9bf7fd000-7ff9bf8f9000 rw-p 00000000 00:00 0 
7ff9bf8f9000-7ff9bf8fa000 ---p 00000000 00:00 0 
7ff9bf8fa000-7ff9bf8fe000 ---p 00000000 00:00 0 
7ff9bf8fe000-7ff9bf9fa000 rw-p 00000000 00:00 0 
7ff9bf9fa000-7ff9bf9fb000 ---p 00000000 00:00 0 
7ff9bf9fb000-7ff9bf9ff000 ---p 00000000 00:00 0 
7ff9bf9ff000-7ff9bfafb000 rw-p 00000000 00:00 0 
7ff9bfafb000-7ff9bfafc000 ---p 00000000 00:00 0 
7ff9bfafc000-7ff9bfb00000 ---p 00000000 00:00 0 
7ff9bfb00000-7ff9bfbfc000 rw-p 00000000 00:00 0 
7ff9bfbfc000-7ff9bfbfd000 ---p 00000000 00:00 0 
7ff9bfbfd000-7ff9bfc01000 ---p 00000000 00:00 0 
7ff9bfc01000-7ff9bfcfd000 rw-p 00000000 00:00 0 
7ff9bfcfd000-7ff9bfcfe000 ---p 00000000 00:00 0 
7ff9bfcfe000-7ff9bfd02000 ---p 00000000 00:00 0 
7ff9bfd02000-7ff9bfdfe000 rw-p 00000000 00:00 0 
7ff9bfdfe000-7ff9bfdff000 ---p 00000000 00:00 0 
7ff9bfdff000-7ff9bfe03000 ---p 00000000 00:00 0 
7ff9bfe03000-7ff9bfeff000 rw-p 00000000 00:00 0 
7ff9bfeff000-7ff9bff00000 ---p 00000000 00:00 0 
7ff9bff00000-7ff9bff04000 ---p 00000000 00:00 0 
7ff9bff04000-7ff9c0000000 rw-p 00000000 00:00 0 
7ff9c0000000-7ff9c1029000 rw-p 00000000 00:00 0 
7ff9c1029000-7ff9c4000000 ---p 00000000 00:00 0 
7ff9c4000000-7ff9c4026000 rw-p 00000000 00:00 0 
7ff9c4026000-7ff9c8000000 ---p 00000000 00:00 0 
7ff9c8000000-7ff9c8021000 rw-p 00000000 00:00 0 
7ff9c8021000-7ff9cc000000 ---p 00000000 00:00 0 
7ff9cc000000-7ff9ce121000 rw-p 00000000 00:00 0 
7ff9ce121000-7ff9d0000000 ---p 00000000 00:00 0 
7ff9d0000000-7ff9d0055000 rw-p 00000000 00:00 0 
7ff9d0055000-7ff9d4000000 ---p 00000000 00:00 0 
7ff9d4000000-7ff9d4021000 rw-p 00000000 00:00 0 
7ff9d4021000-7ff9d8000000 ---p 00000000 00:00 0 
7ff9d8000000-7ff9d8037000 rw-p 00000000 00:00 0 
7ff9d8037000-7ff9dc000000 ---p 00000000 00:00 0 
7ff9dc000000-7ff9dc021000 rw-p 00000000 00:00 0 
7ff9dc021000-7ff9e0000000 ---p 00000000 00:00 0 
7ff9e0000000-7ff9e05af000 rw-p 00000000 00:00 0 
7ff9e05af000-7ff9e4000000 ---p 00000000 00:00 0 
7ff9e40fd000-7ff9e40fe000 ---p 00000000 00:00 0 
7ff9e40fe000-7ff9e4102000 ---p 00000000 00:00 0 
7ff9e4102000-7ff9e41fe000 rw-p 00000000 00:00 0 
7ff9e41fe000-7ff9e41ff000 ---p 00000000 00:00 0 
7ff9e41ff000-7ff9e4203000 ---p 00000000 00:00 0 
7ff9e4203000-7ff9e42ff000 rw-p 00000000 00:00 0 
7ff9e42ff000-7ff9e4300000 ---p 00000000 00:00 0 
7ff9e4300000-7ff9e4304000 ---p 00000000 00:00 0 
7ff9e4304000-7ff9e4400000 rw-p 00000000 00:00 0 
7ff9e4400000-7ff9e4453000 r-xp 00000000 fe:00 141254                     /root/.gradle/native/100fb08df4bc3b14c8652ba06237920a3bd2aa13389f12d3474272988ae205f9/linux-amd64/libnative-platform-file-events.so
7ff9e4453000-7ff9e4652000 ---p 00053000 fe:00 141254                     /root/.gradle/native/100fb08df4bc3b14c8652ba06237920a3bd2aa13389f12d3474272988ae205f9/linux-amd64/libnative-platform-file-events.so
7ff9e4652000-7ff9e4653000 r--p 00052000 fe:00 141254                     /root/.gradle/native/100fb08df4bc3b14c8652ba06237920a3bd2aa13389f12d3474272988ae205f9/linux-amd64/libnative-platform-file-events.so
7ff9e4653000-7ff9e4655000 rw-p 00053000 fe:00 141254                     /root/.gradle/native/100fb08df4bc3b14c8652ba06237920a3bd2aa13389f12d3474272988ae205f9/linux-amd64/libnative-platform-file-events.so
7ff9e46ff000-7ff9e4700000 ---p 00000000 00:00 0 
7ff9e4700000-7ff9e4800000 rw-p 00000000 00:00 0 
7ff9e4800000-7ff9e4805000 r-xp 00000000 fe:00 141225                     /root/.gradle/native/c067742578af261105cb4f569cf0c3c89f3d7b1fecec35dd04571415982c5e48/linux-amd64/libnative-platform.so
7ff9e4805000-7ff9e4a05000 ---p 00005000 fe:00 141225                     /root/.gradle/native/c067742578af261105cb4f569cf0c3c89f3d7b1fecec35dd04571415982c5e48/linux-amd64/libnative-platform.so
7ff9e4a05000-7ff9e4a06000 r--p 00005000 fe:00 141225                     /root/.gradle/native/c067742578af261105cb4f569cf0c3c89f3d7b1fecec35dd04571415982c5e48/linux-amd64/libnative-platform.so
7ff9e4a06000-7ff9e4a07000 rw-p 00006000 fe:00 141225                     /root/.gradle/native/c067742578af261105cb4f569cf0c3c89f3d7b1fecec35dd04571415982c5e48/linux-amd64/libnative-platform.so
7ff9e4afb000-7ff9e4afc000 ---p 00000000 00:00 0 
7ff9e4afc000-7ff9e4bfc000 rw-p 00000000 00:00 0 
7ff9e4bfc000-7ff9e4bfd000 ---p 00000000 00:00 0 
7ff9e4bfd000-7ff9e4cfd000 rw-p 00000000 00:00 0 
7ff9e4cfd000-7ff9e4cfe000 ---p 00000000 00:00 0 
7ff9e4cfe000-7ff9e4d02000 ---p 00000000 00:00 0 
7ff9e4d02000-7ff9e4dfe000 rw-p 00000000 00:00 0 
7ff9e4dfe000-7ff9e4dff000 ---p 00000000 00:00 0 
7ff9e4dff000-7ff9e4e03000 ---p 00000000 00:00 0 
7ff9e4e03000-7ff9e4eff000 rw-p 00000000 00:00 0 
7ff9e4eff000-7ff9e4f00000 ---p 00000000 00:00 0 
7ff9e4f00000-7ff9e4f04000 ---p 00000000 00:00 0 
7ff9e4f04000-7ff9e5400000 rw-p 00000000 00:00 0 
7ff9e5400000-7ff9e5900000 rw-p 00000000 00:00 0 
7ff9e5900000-7ff9e6380000 rw-p 00000000 00:00 0 
7ff9e6380000-7ff9e6400000 rw-p 00000000 00:00 0 
7ff9e6400000-7ff9e6900000 rw-p 00000000 00:00 0 
7ff9e6900000-7ff9e6b00000 rw-p 00000000 00:00 0 
7ff9e6b00000-7ff9e6c00000 rw-p 00000000 00:00 0 
7ff9e6c00000-7ff9e7b00000 rw-p 00000000 00:00 0 
7ff9e7b00000-7ff9e7c00000 rw-p 00000000 00:00 0 
7ff9e7c00000-7ff9e8300000 rw-p 00000000 00:00 0 
7ff9e8300000-7ff9e8780000 rw-p 00000000 00:00 0 
7ff9e8780000-7ff9e8900000 rw-p 00000000 00:00 0 
7ff9e8900000-7ff9e9000000 rw-p 00000000 00:00 0 
7ff9e9000000-7ff9e9455000 rw-p 00001000 00:25 13853                      /usr/lib/jvm/java-17-openjdk-amd64/lib/server/classes.jsa
7ff9e9455000-7ff9e9bca000 rw-p 00456000 00:25 13853                      /usr/lib/jvm/java-17-openjdk-amd64/lib/server/classes.jsa
7ff9e9bca000-7ff9ea000000 ---p 00000000 00:00 0 
7ff9ea000000-7ff9ea040000 rw-p 00000000 00:00 0 
7ff9ea040000-7ff9ea080000 rw-p 00000000 00:00 0 
7ff9ea080000-7ff9ea140000 rw-p 00000000 00:00 0 
7ff9ea140000-7ff9ea180000 rw-p 00000000 00:00 0 
7ff9ea180000-7ff9ea440000 rw-p 00000000 00:00 0 
7ff9ea440000-7ff9ea640000 rw-p 00000000 00:00 0 
7ff9ea640000-7ff9ea680000 rw-p 00000000 00:00 0 
7ff9ea680000-7ff9ea940000 rw-p 00000000 00:00 0 
7ff9ea940000-7ff9ea980000 rw-p 00000000 00:00 0 
7ff9ea980000-7ff9eadc0000 rw-p 00000000 00:00 0 
7ff9eadc0000-7ff9eadd0000 rw-p 00000000 00:00 0 
7ff9eadd0000-7ff9eae00000 ---p 00000000 00:00 0 
7ff9eae00000-7ff9eaec0000 rw-p 00000000 00:00 0 
7ff9eaec0000-7ffa04000000 ---p 00000000 00:00 0 
7ffa04000000-7ffa06527000 rw-p 00000000 00:00 0 
7ffa06527000-7ffa08000000 ---p 00000000 00:00 0 
7ffa08000000-7ffa0802a000 rw-p 00000000 00:00 0 
7ffa0802a000-7ffa0c000000 ---p 00000000 00:00 0 
7ffa0c000000-7ffa0c08e000 rw-p 00000000 00:00 0 
7ffa0c08e000-7ffa10000000 ---p 00000000 00:00 0 
7ffa10000000-7ffa10071000 rw-p 00000000 00:00 0 
7ffa10071000-7ffa14000000 ---p 00000000 00:00 0 
7ffa14000000-7ffa14187000 rw-p 00000000 00:00 0 
7ffa14187000-7ffa18000000 ---p 00000000 00:00 0 
7ffa180ff000-7ffa18100000 ---p 00000000 00:00 0 
7ffa18100000-7ffa18104000 ---p 00000000 00:00 0 
7ffa18104000-7ffa18200000 rw-p 00000000 00:00 0 
7ffa18200000-7ffa18201000 ---p 00000000 00:00 0 
7ffa18201000-7ffa18205000 ---p 00000000 00:00 0 
7ffa18205000-7ffa18301000 rw-p 00000000 00:00 0 
7ffa18301000-7ffa18302000 ---p 00000000 00:00 0 
7ffa18302000-7ffa18306000 ---p 00000000 00:00 0 
7ffa18306000-7ffa18402000 rw-p 00000000 00:00 0 
7ffa18402000-7ffa18403000 ---p 00000000 00:00 0 
7ffa18403000-7ffa18407000 ---p 00000000 00:00 0 
7ffa18407000-7ffa18503000 rw-p 00000000 00:00 0 
7ffa18503000-7ffa18504000 ---p 00000000 00:00 0 
7ffa18504000-7ffa18508000 ---p 00000000 00:00 0 
7ffa18508000-7ffa18604000 rw-p 00000000 00:00 0 
7ffa18604000-7ffa1865b000 r--p 00000000 00:25 13893                      /usr/lib/locale/C.utf8/LC_CTYPE
7ffa1865b000-7ffa1865c000 ---p 00000000 00:00 0 
7ffa1865c000-7ffa18660000 ---p 00000000 00:00 0 
7ffa18660000-7ffa1875c000 rw-p 00000000 00:00 0 
7ffa1875c000-7ffa1875d000 ---p 00000000 00:00 0 
7ffa1875d000-7ffa18761000 ---p 00000000 00:00 0 
7ffa18761000-7ffa1885d000 rw-p 00000000 00:00 0 
7ffa1885d000-7ffa1885e000 ---p 00000000 00:00 0 
7ffa1885e000-7ffa1895e000 rw-p 00000000 00:00 0 
7ffa1895e000-7ffa18963000 r--p 00000000 00:25 13828                      /usr/lib/jvm/java-17-openjdk-amd64/lib/libjsvml.so
7ffa18963000-7ffa189a4000 r-xp 00005000 00:25 13828                      /usr/lib/jvm/java-17-openjdk-amd64/lib/libjsvml.so
7ffa189a4000-7ffa18a2d000 r--p 00046000 00:25 13828                      /usr/lib/jvm/java-17-openjdk-amd64/lib/libjsvml.so
7ffa18a2d000-7ffa18a2e000 r--p 000ce000 00:25 13828                      /usr/lib/jvm/java-17-openjdk-amd64/lib/libjsvml.so
7ffa18a2e000-7ffa18a2f000 rw-p 000cf000 00:25 13828                      /usr/lib/jvm/java-17-openjdk-amd64/lib/libjsvml.so
7ffa18a2f000-7ffa18b0b000 rw-p 00000000 00:00 0 
7ffa18b0b000-7ffa18b0c000 ---p 00000000 00:00 0 
7ffa18b0c000-7ffa18c0c000 rw-p 00000000 00:00 0 
7ffa18c0c000-7ffa18c0d000 ---p 00000000 00:00 0 
7ffa18c0d000-7ffa1af0f000 rw-p 00000000 00:00 0 
7ffa1af0f000-7ffa1af10000 ---p 00000000 00:00 0 
7ffa1af10000-7ffa1b010000 rw-p 00000000 00:00 0 
7ffa1b010000-7ffa1b011000 ---p 00000000 00:00 0 
7ffa1b011000-7ffa1ba45000 rw-p 00000000 00:00 0 
7ffa1ba45000-7ffa1c109000 ---p 00000000 00:00 0 
7ffa1c109000-7ffa1ca45000 rw-p 00000000 00:00 0 
7ffa1ca45000-7ffa1d109000 ---p 00000000 00:00 0 
7ffa1d109000-7ffa1d238000 rw-p 00000000 00:00 0 
7ffa1d238000-7ffa1d310000 ---p 00000000 00:00 0 
7ffa1d310000-7ffa1d438000 rw-p 00000000 00:00 0 
7ffa1d438000-7ffa1d510000 ---p 00000000 00:00 0 
7ffa1d510000-7ffa1d511000 rw-p 00000000 00:00 0 
7ffa1d511000-7ffa1eb01000 rwxp 00000000 00:00 0 
7ffa1eb01000-7ffa24a49000 ---p 00000000 00:00 0 
7ffa24a49000-7ffa24cb9000 rwxp 00000000 00:00 0 
7ffa24cb9000-7ffa24fd8000 ---p 00000000 00:00 0 
7ffa24fd8000-7ffa25598000 rwxp 00000000 00:00 0 
7ffa25598000-7ffa2c511000 ---p 00000000 00:00 0 
7ffa2c511000-7ffa34000000 r--s 00000000 00:25 13844                      /usr/lib/jvm/java-17-openjdk-amd64/lib/modules
7ffa34000000-7ffa353ad000 rw-p 00000000 00:00 0 
7ffa353ad000-7ffa38000000 ---p 00000000 00:00 0 
7ffa38009000-7ffa3800a000 r--p 00000000 00:25 13813                      /usr/lib/jvm/java-17-openjdk-amd64/lib/libextnet.so
7ffa3800a000-7ffa3800b000 r-xp 00001000 00:25 13813                      /usr/lib/jvm/java-17-openjdk-amd64/lib/libextnet.so
7ffa3800b000-7ffa3800c000 r--p 00002000 00:25 13813                      /usr/lib/jvm/java-17-openjdk-amd64/lib/libextnet.so
7ffa3800c000-7ffa3800d000 r--p 00002000 00:25 13813                      /usr/lib/jvm/java-17-openjdk-amd64/lib/libextnet.so
7ffa3800d000-7ffa3800e000 rw-p 00003000 00:25 13813                      /usr/lib/jvm/java-17-openjdk-amd64/lib/libextnet.so
7ffa3800e000-7ffa38010000 r--p 00000000 00:25 13832                      /usr/lib/jvm/java-17-openjdk-amd64/lib/libmanagement_ext.so
7ffa38010000-7ffa38013000 r-xp 00002000 00:25 13832                      /usr/lib/jvm/java-17-openjdk-amd64/lib/libmanagement_ext.so
7ffa38013000-7ffa38014000 r--p 00005000 00:25 13832                      /usr/lib/jvm/java-17-openjdk-amd64/lib/libmanagement_ext.so
7ffa38014000-7ffa38015000 r--p 00006000 00:25 13832                      /usr/lib/jvm/java-17-openjdk-amd64/lib/libmanagement_ext.so
7ffa38015000-7ffa38016000 rw-p 00007000 00:25 13832                      /usr/lib/jvm/java-17-openjdk-amd64/lib/libmanagement_ext.so
7ffa38016000-7ffa38017000 r--p 00000000 00:25 18162                      /usr/lib/x86_64-linux-gnu/libpthread.so.0
7ffa38017000-7ffa38018000 r-xp 00001000 00:25 18162                      /usr/lib/x86_64-linux-gnu/libpthread.so.0
7ffa38018000-7ffa38019000 r--p 00002000 00:25 18162                      /usr/lib/x86_64-linux-gnu/libpthread.so.0
7ffa38019000-7ffa3801a000 r--p 00002000 00:25 18162                      /usr/lib/x86_64-linux-gnu/libpthread.so.0
7ffa3801a000-7ffa3801b000 rw-p 00003000 00:25 18162                      /usr/lib/x86_64-linux-gnu/libpthread.so.0
7ffa3801b000-7ffa3801f000 r--p 00000000 00:25 13842                      /usr/lib/jvm/java-17-openjdk-amd64/lib/libverify.so
7ffa3801f000-7ffa38026000 r-xp 00004000 00:25 13842                      /usr/lib/jvm/java-17-openjdk-amd64/lib/libverify.so
7ffa38026000-7ffa38028000 r--p 0000b000 00:25 13842                      /usr/lib/jvm/java-17-openjdk-amd64/lib/libverify.so
7ffa38028000-7ffa3802a000 r--p 0000c000 00:25 13842                      /usr/lib/jvm/java-17-openjdk-amd64/lib/libverify.so
7ffa3802a000-7ffa3802b000 rw-p 0000e000 00:25 13842                      /usr/lib/jvm/java-17-openjdk-amd64/lib/libverify.so
7ffa3802b000-7ffa3802f000 r--p 00000000 00:25 13834                      /usr/lib/jvm/java-17-openjdk-amd64/lib/libnet.so
7ffa3802f000-7ffa3803d000 r-xp 00004000 00:25 13834                      /usr/lib/jvm/java-17-openjdk-amd64/lib/libnet.so
7ffa3803d000-7ffa38041000 r--p 00012000 00:25 13834                      /usr/lib/jvm/java-17-openjdk-amd64/lib/libnet.so
7ffa38041000-7ffa38042000 r--p 00015000 00:25 13834                      /usr/lib/jvm/java-17-openjdk-amd64/lib/libnet.so
7ffa38042000-7ffa38043000 rw-p 00016000 00:25 13834                      /usr/lib/jvm/java-17-openjdk-amd64/lib/libnet.so
7ffa38043000-7ffa38084000 rw-p 00000000 00:00 0 
7ffa38087000-7ffa38089000 r--p 00000000 00:25 13830                      /usr/lib/jvm/java-17-openjdk-amd64/lib/libmanagement.so
7ffa38089000-7ffa3808a000 r-xp 00002000 00:25 13830                      /usr/lib/jvm/java-17-openjdk-amd64/lib/libmanagement.so
7ffa3808a000-7ffa3808b000 r--p 00003000 00:25 13830                      /usr/lib/jvm/java-17-openjdk-amd64/lib/libmanagement.so
7ffa3808b000-7ffa3808c000 r--p 00003000 00:25 13830                      /usr/lib/jvm/java-17-openjdk-amd64/lib/libmanagement.so
7ffa3808c000-7ffa3808d000 rw-p 00004000 00:25 13830                      /usr/lib/jvm/java-17-openjdk-amd64/lib/libmanagement.so
7ffa3808d000-7ffa38094000 r--p 00000000 00:25 13835                      /usr/lib/jvm/java-17-openjdk-amd64/lib/libnio.so
7ffa38094000-7ffa3809d000 r-xp 00007000 00:25 13835                      /usr/lib/jvm/java-17-openjdk-amd64/lib/libnio.so
7ffa3809d000-7ffa380a1000 r--p 00010000 00:25 13835                      /usr/lib/jvm/java-17-openjdk-amd64/lib/libnio.so
7ffa380a1000-7ffa380a2000 r--p 00014000 00:25 13835                      /usr/lib/jvm/java-17-openjdk-amd64/lib/libnio.so
7ffa380a2000-7ffa380a3000 rw-p 00015000 00:25 13835                      /usr/lib/jvm/java-17-openjdk-amd64/lib/libnio.so
7ffa380a3000-7ffa380a5000 r--p 00000000 00:25 13843                      /usr/lib/jvm/java-17-openjdk-amd64/lib/libzip.so
7ffa380a5000-7ffa380a9000 r-xp 00002000 00:25 13843                      /usr/lib/jvm/java-17-openjdk-amd64/lib/libzip.so
7ffa380a9000-7ffa380ab000 r--p 00006000 00:25 13843                      /usr/lib/jvm/java-17-openjdk-amd64/lib/libzip.so
7ffa380ab000-7ffa380ac000 r--p 00007000 00:25 13843                      /usr/lib/jvm/java-17-openjdk-amd64/lib/libzip.so
7ffa380ac000-7ffa380ad000 rw-p 00008000 00:25 13843                      /usr/lib/jvm/java-17-openjdk-amd64/lib/libzip.so
7ffa380ad000-7ffa380ae000 r--p 00000000 00:25 13899                      /usr/lib/locale/C.utf8/LC_NUMERIC
7ffa380ae000-7ffa380af000 r--p 00000000 00:25 13902                      /usr/lib/locale/C.utf8/LC_TIME
7ffa380af000-7ffa380b0000 r--p 00000000 00:25 13892                      /usr/lib/locale/C.utf8/LC_COLLATE
7ffa380b0000-7ffa380b1000 r--p 00000000 00:25 13897                      /usr/lib/locale/C.utf8/LC_MONETARY
7ffa380b1000-7ffa380b2000 r--p 00000000 00:25 13896                      /usr/lib/locale/C.utf8/LC_MESSAGES/SYS_LC_MESSAGES
7ffa380b2000-7ffa380b3000 r--p 00000000 00:25 13900                      /usr/lib/locale/C.utf8/LC_PAPER
7ffa380b3000-7ffa380b4000 r--p 00000000 00:25 13898                      /usr/lib/locale/C.utf8/LC_NAME
7ffa380b4000-7ffa380bb000 r--s 00000000 00:25 17585                      /usr/lib/x86_64-linux-gnu/gconv/gconv-modules.cache
7ffa380bb000-7ffa380bc000 ---p 00000000 00:00 0 
7ffa380bc000-7ffa38306000 rw-p 00000000 00:00 0 
7ffa38306000-7ffa383de000 ---p 00000000 00:00 0 
7ffa383de000-7ffa385ed000 rw-p 00000000 00:00 0 
7ffa385ed000-7ffa386cc000 ---p 00000000 00:00 0 
7ffa386cc000-7ffa386f8000 rw-p 00000000 00:00 0 
7ffa386f8000-7ffa387b7000 ---p 00000000 00:00 0 
7ffa387b7000-7ffa387bc000 rw-p 00000000 00:00 0 
7ffa387bc000-7ffa387c3000 ---p 00000000 00:00 0 
7ffa387c3000-7ffa387cb000 rw-s 00000000 fe:00 148230                     /tmp/hsperfdata_root/3812
7ffa387cb000-7ffa387d7000 r--p 00000000 00:25 13820                      /usr/lib/jvm/java-17-openjdk-amd64/lib/libjava.so
7ffa387d7000-7ffa387e8000 r-xp 0000c000 00:25 13820                      /usr/lib/jvm/java-17-openjdk-amd64/lib/libjava.so
7ffa387e8000-7ffa387ee000 r--p 0001d000 00:25 13820                      /usr/lib/jvm/java-17-openjdk-amd64/lib/libjava.so
7ffa387ee000-7ffa387ef000 r--p 00022000 00:25 13820                      /usr/lib/jvm/java-17-openjdk-amd64/lib/libjava.so
7ffa387ef000-7ffa387f0000 rw-p 00023000 00:25 13820                      /usr/lib/jvm/java-17-openjdk-amd64/lib/libjava.so
7ffa387f0000-7ffa387f1000 rw-p 00000000 00:00 0 
7ffa387f1000-7ffa387f2000 r--p 00000000 00:25 13815                      /usr/lib/jvm/java-17-openjdk-amd64/lib/libinstrument.so
7ffa387f2000-7ffa387f8000 r-xp 00001000 00:25 13815                      /usr/lib/jvm/java-17-openjdk-amd64/lib/libinstrument.so
7ffa387f8000-7ffa387fb000 r--p 00007000 00:25 13815                      /usr/lib/jvm/java-17-openjdk-amd64/lib/libinstrument.so
7ffa387fb000-7ffa387fc000 r--p 00009000 00:25 13815                      /usr/lib/jvm/java-17-openjdk-amd64/lib/libinstrument.so
7ffa387fc000-7ffa387fd000 rw-p 0000a000 00:25 13815                      /usr/lib/jvm/java-17-openjdk-amd64/lib/libinstrument.so
7ffa387fd000-7ffa387ff000 r--p 00000000 00:25 13824                      /usr/lib/jvm/java-17-openjdk-amd64/lib/libjimage.so
7ffa387ff000-7ffa38802000 r-xp 00002000 00:25 13824                      /usr/lib/jvm/java-17-openjdk-amd64/lib/libjimage.so
7ffa38802000-7ffa38803000 r--p 00005000 00:25 13824                      /usr/lib/jvm/java-17-openjdk-amd64/lib/libjimage.so
7ffa38803000-7ffa38804000 r--p 00006000 00:25 13824                      /usr/lib/jvm/java-17-openjdk-amd64/lib/libjimage.so
7ffa38804000-7ffa38805000 rw-p 00007000 00:25 13824                      /usr/lib/jvm/java-17-openjdk-amd64/lib/libjimage.so
7ffa38805000-7ffa38809000 ---p 00000000 00:00 0 
7ffa38809000-7ffa38905000 rw-p 00000000 00:00 0 
7ffa38905000-7ffa38908000 r--p 00000000 00:25 17971                      /usr/lib/x86_64-linux-gnu/libgcc_s.so.1
7ffa38908000-7ffa3891f000 r-xp 00003000 00:25 17971                      /usr/lib/x86_64-linux-gnu/libgcc_s.so.1
7ffa3891f000-7ffa38923000 r--p 0001a000 00:25 17971                      /usr/lib/x86_64-linux-gnu/libgcc_s.so.1
7ffa38923000-7ffa38924000 r--p 0001d000 00:25 17971                      /usr/lib/x86_64-linux-gnu/libgcc_s.so.1
7ffa38924000-7ffa38925000 rw-p 0001e000 00:25 17971                      /usr/lib/x86_64-linux-gnu/libgcc_s.so.1
7ffa38925000-7ffa38935000 r--p 00000000 00:25 18072                      /usr/lib/x86_64-linux-gnu/libm.so.6
7ffa38935000-7ffa389a9000 r-xp 00010000 00:25 18072                      /usr/lib/x86_64-linux-gnu/libm.so.6
7ffa389a9000-7ffa38a03000 r--p 00084000 00:25 18072                      /usr/lib/x86_64-linux-gnu/libm.so.6
7ffa38a03000-7ffa38a04000 r--p 000dd000 00:25 18072                      /usr/lib/x86_64-linux-gnu/libm.so.6
7ffa38a04000-7ffa38a05000 rw-p 000de000 00:25 18072                      /usr/lib/x86_64-linux-gnu/libm.so.6
7ffa38a05000-7ffa38a9e000 r--p 00000000 00:25 18239                      /usr/lib/x86_64-linux-gnu/libstdc++.so.6.0.30
7ffa38a9e000-7ffa38b9f000 r-xp 00099000 00:25 18239                      /usr/lib/x86_64-linux-gnu/libstdc++.so.6.0.30
7ffa38b9f000-7ffa38c0e000 r--p 0019a000 00:25 18239                      /usr/lib/x86_64-linux-gnu/libstdc++.so.6.0.30
7ffa38c0e000-7ffa38c19000 r--p 00209000 00:25 18239                      /usr/lib/x86_64-linux-gnu/libstdc++.so.6.0.30
7ffa38c19000-7ffa38c1c000 rw-p 00214000 00:25 18239                      /usr/lib/x86_64-linux-gnu/libstdc++.so.6.0.30
7ffa38c1c000-7ffa38c1f000 rw-p 00000000 00:00 0 
7ffa38c1f000-7ffa38e70000 r--p 00000000 00:25 13856                      /usr/lib/jvm/java-17-openjdk-amd64/lib/server/libjvm.so
7ffa38e70000-7ffa39bc2000 r-xp 00251000 00:25 13856                      /usr/lib/jvm/java-17-openjdk-amd64/lib/server/libjvm.so
7ffa39bc2000-7ffa39e44000 r--p 00fa3000 00:25 13856                      /usr/lib/jvm/java-17-openjdk-amd64/lib/server/libjvm.so
7ffa39e44000-7ffa39efc000 r--p 01225000 00:25 13856                      /usr/lib/jvm/java-17-openjdk-amd64/lib/server/libjvm.so
7ffa39efc000-7ffa39f31000 rw-p 012dd000 00:25 13856                      /usr/lib/jvm/java-17-openjdk-amd64/lib/server/libjvm.so
7ffa39f31000-7ffa39f8d000 rw-p 00000000 00:00 0 
7ffa39f8d000-7ffa39fb3000 r--p 00000000 00:25 17860                      /usr/lib/x86_64-linux-gnu/libc.so.6
7ffa39fb3000-7ffa3a109000 r-xp 00026000 00:25 17860                      /usr/lib/x86_64-linux-gnu/libc.so.6
7ffa3a109000-7ffa3a15c000 r--p 0017c000 00:25 17860                      /usr/lib/x86_64-linux-gnu/libc.so.6
7ffa3a15c000-7ffa3a160000 r--p 001cf000 00:25 17860                      /usr/lib/x86_64-linux-gnu/libc.so.6
7ffa3a160000-7ffa3a162000 rw-p 001d3000 00:25 17860                      /usr/lib/x86_64-linux-gnu/libc.so.6
7ffa3a162000-7ffa3a16f000 rw-p 00000000 00:00 0 
7ffa3a16f000-7ffa3a171000 r--p 00000000 00:25 13825                      /usr/lib/jvm/java-17-openjdk-amd64/lib/libjli.so
7ffa3a171000-7ffa3a17a000 r-xp 00002000 00:25 13825                      /usr/lib/jvm/java-17-openjdk-amd64/lib/libjli.so
7ffa3a17a000-7ffa3a17d000 r--p 0000b000 00:25 13825                      /usr/lib/jvm/java-17-openjdk-amd64/lib/libjli.so
7ffa3a17d000-7ffa3a17e000 r--p 0000d000 00:25 13825                      /usr/lib/jvm/java-17-openjdk-amd64/lib/libjli.so
7ffa3a17e000-7ffa3a17f000 rw-p 0000e000 00:25 13825                      /usr/lib/jvm/java-17-openjdk-amd64/lib/libjli.so
7ffa3a17f000-7ffa3a182000 r--p 00000000 00:25 1006                       /usr/lib/x86_64-linux-gnu/libz.so.1.2.13
7ffa3a182000-7ffa3a195000 r-xp 00003000 00:25 1006                       /usr/lib/x86_64-linux-gnu/libz.so.1.2.13
7ffa3a195000-7ffa3a19c000 r--p 00016000 00:25 1006                       /usr/lib/x86_64-linux-gnu/libz.so.1.2.13
7ffa3a19c000-7ffa3a19d000 r--p 0001c000 00:25 1006                       /usr/lib/x86_64-linux-gnu/libz.so.1.2.13
7ffa3a19d000-7ffa3a19e000 rw-p 0001d000 00:25 1006                       /usr/lib/x86_64-linux-gnu/libz.so.1.2.13
7ffa3a19e000-7ffa3a19f000 r--p 00000000 00:25 13891                      /usr/lib/locale/C.utf8/LC_ADDRESS
7ffa3a19f000-7ffa3a1a0000 r--p 00000000 00:25 13901                      /usr/lib/locale/C.utf8/LC_TELEPHONE
7ffa3a1a0000-7ffa3a1a1000 r--p 00000000 00:25 13895                      /usr/lib/locale/C.utf8/LC_MEASUREMENT
7ffa3a1a1000-7ffa3a1a2000 r--p 00000000 00:25 13894                      /usr/lib/locale/C.utf8/LC_IDENTIFICATION
7ffa3a1a2000-7ffa3a1a3000 ---p 00000000 00:00 0 
7ffa3a1a3000-7ffa3a1a4000 r--p 00000000 00:00 0 
7ffa3a1a4000-7ffa3a1a5000 ---p 00000000 00:00 0 
7ffa3a1a5000-7ffa3a1a7000 rw-p 00000000 00:00 0 
7ffa3a1a7000-7ffa3a1a8000 r--p 00000000 00:25 17646                      /usr/lib/x86_64-linux-gnu/ld-linux-x86-64.so.2
7ffa3a1a8000-7ffa3a1ce000 r-xp 00001000 00:25 17646                      /usr/lib/x86_64-linux-gnu/ld-linux-x86-64.so.2
7ffa3a1ce000-7ffa3a1d8000 r--p 00027000 00:25 17646                      /usr/lib/x86_64-linux-gnu/ld-linux-x86-64.so.2
7ffa3a1d8000-7ffa3a1da000 r--p 00031000 00:25 17646                      /usr/lib/x86_64-linux-gnu/ld-linux-x86-64.so.2
7ffa3a1da000-7ffa3a1dc000 rw-p 00033000 00:25 17646                      /usr/lib/x86_64-linux-gnu/ld-linux-x86-64.so.2
7fff798cd000-7fff798ee000 rw-p 00000000 00:00 0                          [stack]
7fff79961000-7fff79964000 r--p 00000000 00:00 0                          [vvar]
7fff79964000-7fff79966000 r-xp 00000000 00:00 0                          [vdso]
ffffffffff600000-ffffffffff601000 r-xp 00000000 00:00 0                  [vsyscall]


VM Arguments:
jvm_args: --add-opens=java.base/java.lang=ALL-UNNAMED --add-opens=java.base/java.lang.invoke=ALL-UNNAMED --add-opens=java.base/java.util=ALL-UNNAMED --add-opens=java.prefs/java.util.prefs=ALL-UNNAMED --add-exports=jdk.compiler/com.sun.tools.javac.api=ALL-UNNAMED --add-exports=jdk.compiler/com.sun.tools.javac.util=ALL-UNNAMED --add-opens=java.base/java.util=ALL-UNNAMED --add-opens=java.prefs/java.util.prefs=ALL-UNNAMED --add-opens=java.base/java.nio.charset=ALL-UNNAMED --add-opens=java.base/java.net=ALL-UNNAMED --add-opens=java.base/java.util.concurrent.atomic=ALL-UNNAMED --add-opens=java.xml/javax.xml.namespace=ALL-UNNAMED -XX:MaxMetaspaceSize=512m -Xmx1024m -Dfile.encoding=UTF-8 -Duser.country -Duser.language=en -Duser.variant -javaagent:/root/.gradle/wrapper/dists/gradle-8.11.1-bin/bpt9gzteqjrbo1mjrsomdt32c/gradle-8.11.1/lib/agents/gradle-instrumentation-agent-8.11.1.jar 
java_command: org.gradle.launcher.daemon.bootstrap.GradleDaemon 8.11.1
java_class_path (initial): /root/.gradle/wrapper/dists/gradle-8.11.1-bin/bpt9gzteqjrbo1mjrsomdt32c/gradle-8.11.1/lib/gradle-daemon-main-8.11.1.jar
Launcher Type: SUN_STANDARD

[Global flags]
     intx CICompilerCount                          = 2                                         {product} {ergonomic}
   size_t CompressedClassSpaceSize                 = 436207616                                 {product} {ergonomic}
     uint ConcGCThreads                            = 1                                         {product} {ergonomic}
     uint G1ConcRefinementThreads                  = 2                                         {product} {ergonomic}
   size_t G1HeapRegionSize                         = 1048576                                   {product} {ergonomic}
    uintx GCDrainStackTargetSize                   = 64                                        {product} {ergonomic}
   size_t InitialHeapSize                          = 33554432                                  {product} {ergonomic}
   size_t MarkStackSize                            = 4194304                                   {product} {ergonomic}
   size_t MaxHeapSize                              = 1073741824                                {product} {command line}
   size_t MaxMetaspaceSize                         = 536870912                                 {product} {command line}
   size_t MaxNewSize                               = 643825664                                 {product} {ergonomic}
   size_t MinHeapDeltaBytes                        = 1048576                                   {product} {ergonomic}
   size_t MinHeapSize                              = 8388608                                   {product} {ergonomic}
    uintx NonNMethodCodeHeapSize                   = 5826188                                {pd product} {ergonomic}
    uintx NonProfiledCodeHeapSize                  = 122916026                              {pd product} {ergonomic}
    uintx ProfiledCodeHeapSize                     = 122916026                              {pd product} {ergonomic}
    uintx ReservedCodeCacheSize                    = 251658240                              {pd product} {ergonomic}
     bool SegmentedCodeCache                       = true                                      {product} {ergonomic}
   size_t SoftMaxHeapSize                          = 1073741824                             {manageable} {ergonomic}
     bool UseCompressedClassPointers               = true                           {product lp64_product} {ergonomic}
     bool UseCompressedOops                        = true                           {product lp64_product} {ergonomic}
     bool UseG1GC                                  = true                                      {product} {ergonomic}

Logging:
Log output configuration:
 #0: stdout all=warning uptime,level,tags
 #1: stderr all=off uptime,level,tags

Environment Variables:
PATH=/usr/local/sbin:/usr/local/bin:/usr/sbin:/usr/bin:/sbin:/bin
SHELL=/bin/bash
LANG=C.UTF-8
LC_ALL=C.UTF-8
TERM=tmux-256color

Active Locale:
LC_ALL=C.UTF-8
LC_COLLATE=C.UTF-8
LC_CTYPE=C.UTF-8
LC_MESSAGES=C.UTF-8
LC_MONETARY=C.UTF-8
LC_NUMERIC=C.UTF-8
LC_TIME=C.UTF-8

Signal Handlers:
   SIGSEGV: crash_handler in libjvm.so, mask=11100100010111111101111111111110, flags=SA_RESTART|SA_SIGINFO, unblocked
    SIGBUS: crash_handler in libjvm.so, mask=11100100010111111101111111111110, flags=SA_RESTART|SA_SIGINFO, unblocked
    SIGFPE: crash_handler in libjvm.so, mask=11100100010111111101111111111110, flags=SA_RESTART|SA_SIGINFO, unblocked
   SIGPIPE: javaSignalHandler in libjvm.so, mask=11100100010111111101111111111110, flags=SA_RESTART|SA_SIGINFO, unblocked
   SIGXFSZ: javaSignalHandler in libjvm.so, mask=11100100010111111101111111111110, flags=SA_RESTART|SA_SIGINFO, unblocked
    SIGILL: crash_handler in libjvm.so, mask=11100100010111111101111111111110, flags=SA_RESTART|SA_SIGINFO, unblocked
   SIGUSR2: SR_handler in libjvm.so, mask=00100000000000000000000000000000, flags=SA_RESTART|SA_SIGINFO, unblocked
    SIGHUP: UserHandler in libjvm.so, mask=11100100010111111101111111111110, flags=SA_RESTART|SA_SIGINFO, unblocked
    SIGINT: UserHandler in libjvm.so, mask=11100100010111111101111111111110, flags=SA_RESTART|SA_SIGINFO, unblocked
   SIGTERM: UserHandler in libjvm.so, mask=11100100010111111101111111111110, flags=SA_RESTART|SA_SIGINFO, unblocked
   SIGQUIT: UserHandler in libjvm.so, mask=11100100010111111101111111111110, flags=SA_RESTART|SA_SIGINFO, unblocked
   SIGTRAP: crash_handler in libjvm.so, mask=11100100010111111101111111111110, flags=SA_RESTART|SA_SIGINFO, unblocked


Periodic native trim disabled


---------------  S Y S T E M  ---------------

OS:
PRETTY_NAME="Debian GNU/Linux 12 (bookworm)"
NAME="Debian GNU/Linux"
VERSION_ID="12"
VERSION="12 (bookworm)"
VERSION_CODENAME=bookworm
ID=debian
HOME_URL="https://www.debian.org/"
SUPPORT_URL="https://www.debian.org/support"
BUG_REPORT_URL="https://bugs.debian.org/"
uname: Linux 4.19.91-c8dfc93.al7.x86_64 #1 SMP Tue Sep 26 10:25:51 UTC 2023 x86_64
OS uptime: 0 days 0:17 hours
libc: glibc 2.36 NPTL 2.36 
rlimit (soft/hard): STACK 8192k/infinity , CORE 0k/0k , NPROC 100000/100000 , NOFILE 100000/100000 , AS infinity/infinity , CPU infinity/infinity , DATA infinity/infinity , FSIZE infinity/infinity , MEMLOCK 64k/64k
load average: 2.75 1.88 1.25

/proc/meminfo:
MemTotal:        2152516 kB
MemFree:           32808 kB
MemAvailable:      26928 kB
Buffers:             484 kB
Cached:            35752 kB
SwapCached:            0 kB
Active:          2018668 kB
Inactive:          19360 kB
Active(anon):    2001784 kB
Inactive(anon):       16 kB
Active(file):      16884 kB
Inactive(file):    19344 kB
Unevictable:           0 kB
Mlocked:               0 kB
SwapTotal:             0 kB
SwapFree:              0 kB
Dirty:               364 kB
Writeback:             0 kB
AnonPages:       2001820 kB
Mapped:            15104 kB
Shmem:                32 kB
Slab:              32524 kB
SReclaimable:      19440 kB
SUnreclaim:        13084 kB
KernelStack:        3104 kB
PageTables:         5548 kB
NFS_Unstable:          0 kB
Bounce:                0 kB
WritebackTmp:          0 kB
CommitLimit:     1076256 kB
Committed_AS:    2431448 kB
VmallocTotal:   34359738367 kB
VmallocUsed:           0 kB
VmallocChunk:          0 kB
Percpu:              400 kB
AnonHugePages:    499712 kB
ShmemHugePages:        0 kB
ShmemPmdMapped:        0 kB
HugePages_Total:       0
HugePages_Free:        0
HugePages_Rsvd:        0
HugePages_Surp:        0
Hugepagesize:       2048 kB
Hugetlb:               0 kB
DirectMap4k:        8192 kB
DirectMap2M:     2523136 kB
DirectMap1G:           0 kB

/sys/kernel/mm/transparent_hugepage/enabled: [always] madvise never
/sys/kernel/mm/transparent_hugepage/hpage_pmd_size: 2097152
/sys/kernel/mm/transparent_hugepage/defrag (defrag/compaction efforts parameter): always defer defer+madvise madvise [never]

Process Memory:
Virtual Size: 3023536K (peak: 3154040K)
Resident Set Size: 850260K (peak: 850260K) (anon: 837884K, file: 12376K, shmem: 0K)
Swapped out: 0K
C-Heap outstanding allocations: 109519K, retained: 14380K
glibc malloc tunables: (default)

/proc/sys/kernel/threads-max (system-wide limit on the number of threads): 1129
/proc/sys/vm/max_map_count (maximum number of memory map areas a process may have): 65530
/proc/sys/vm/swappiness (control to define how aggressively the kernel swaps out anonymous memory): 60
/proc/sys/kernel/pid_max (system-wide limit on number of process identifiers): 32768

container (cgroup) information:
container_type: cgroupv1
cpu_cpuset_cpus: 0-1
cpu_memory_nodes: 0
active_processor_count: 2
cpu_quota: no quota
cpu_period: 100000
cpu_shares: 12288
memory_limit_in_bytes: 2097152 k
memory_and_swap_limit_in_bytes: unlimited
memory_soft_limit_in_bytes: unlimited
memory_usage_in_bytes: 2060724 k
memory_max_usage_in_bytes: 2064880 k
rss_usage_in_bytes: 1996108 k
cache_usage_in_bytes: 36104 k
kernel_memory_limit_in_bytes: unlimited
kernel_memory_usage_in_bytes: 28252 k
kernel_memory_max_usage_in_bytes: 91412 k
maximum number of tasks: unlimited
current number of tasks: 120

KVM virtualization detected
Steal ticks since vm start: 4186
Steal ticks percentage since vm start:  0.428

CPU: total 2 (initial active 2) (2 cores per cpu, 1 threads per core) family 6 model 85 stepping 7 microcode 0x1, cx8, cmov, fxsr, mmx, 3dnowpref, sse, sse2, sse3, ssse3, sse4.1, sse4.2, popcnt, lzcnt, tsc, tscinvbit, avx, avx2, aes, erms, clmul, bmi1, bmi2, adx, avx512f, avx512dq, avx512cd, avx512bw, avx512vl, fma, vzeroupper, avx512_vnni, clflush, clflushopt, clwb, hv
CPU Model and flags from /proc/cpuinfo:
model name	: Intel(R) Xeon(R) Processor @ 2.50GHz
flags		: fpu vme de pse tsc msr pae mce cx8 apic sep mtrr pge mca cmov pat pse36 clflush mmx fxsr sse sse2 ss ht syscall nx pdpe1gb rdtscp lm constant_tsc rep_good nopl xtopology nonstop_tsc cpuid tsc_known_freq pni pclmulqdq ssse3 fma cx16 pcid sse4_1 sse4_2 x2apic movbe popcnt tsc_deadline_timer aes xsave avx f16c rdrand hypervisor lahf_lm abm 3dnowprefetch cpuid_fault invpcid_single ssbd ibrs ibpb stibp ibrs_enhanced fsgsbase tsc_adjust bmi1 avx2 smep bmi2 erms invpcid mpx avx512f avx512dq rdseed adx smap clflushopt clwb avx512cd avx512bw avx512vl xsaveopt xsavec xgetbv1 xsaves umip avx512_vnni md_clear arch_capabilities

Online cpus: 0-1
Offline cpus: 
BIOS frequency limitation: <Not Available>
Frequency switch latency (ns): <Not Available>
Available cpu frequencies: <Not Available>
Current governor: <Not Available>
Core performance/turbo boost: <Not Available>

Memory: 4k page, physical 2097152k(36172k free), swap 0k(0k free)
Page Sizes: 4k

vm_info: OpenJDK 64-Bit Server VM (17.0.20+8-1-deb12u1-Debian) for linux-amd64 JRE (17.0.20+8-1-deb12u1-Debian), built on Jul 28 2026 07:08:51 by "buildd" with gcc 12.2.0

END.
